v 4.53785 4.36097 0
v 4.54445 4.38236 -0.12357
v 4.53849 4.41307 -0.245191
v 4.52006 4.45263 -0.362946
v 4.48945 4.50041 -0.474977
v 4.44713 4.55565 -0.579517
v 4.39379 4.61748 -0.674917
v 4.33025 4.68494 -0.759674
v 4.25753 4.75695 -0.83245
v 4.17677 4.83238 -0.892098
v 4.08923 4.91004 -0.937678
v 3.99631 4.98871 -0.968469
v 3.89947 5.06714 -0.983987
v 3.80024 5.1441 -0.983987
v 3.70017 5.21837 -0.968469
v 3.60085 5.28879 -0.937678
v 3.50385 5.35424 -0.892098
v 3.41069 5.41368 -0.83245
v 3.32284 5.4662 -0.759674
v 3.2417 5.51094 -0.674917
v 3.16853 5.54722 -0.579517
v 3.1045 5.57445 -0.474977
v 3.05061 5.59221 -0.362946
v 3.00771 5.60022 -0.245191
v 2.97648 5.59834 -0.12357
v 2.95741 5.58662 -1.20742e-16
v 2.9508 5.56523 0.12357
v 2.95676 5.53452 0.245191
v 2.97519 5.49496 0.362946
v 3.00581 5.44719 0.474977
v 3.04812 5.39195 0.579517
v 3.10146 5.33011 0.674917
v 3.165 5.26266 0.759674
v 3.23772 5.19065 0.83245
v 3.31849 5.11522 0.892098
v 3.40602 5.03755 0.937678
v 3.49894 4.95889 0.968469
v 3.59578 4.88046 0.983987
v 3.69502 4.8035 0.983987
v 3.79508 4.72923 0.968469
v 3.8944 4.65881 0.937678
v 3.9914 4.59336 0.892098
v 4.08456 4.53391 0.83245
v 4.17241 4.4814 0.759674
v 4.25355 4.43665 0.674917
v 4.32672 4.40038 0.579517
v 4.39076 4.37315 0.474977
v 4.44465 4.35539 0.362946
v 4.48755 4.34738 0.245191
v 4.51878 4.34925 0.12357
v 8.14384 9.01098 0.997569
v 8.15124 9.03337 0.874221
v 8.1462 9.06524 0.752856
v 8.12881 9.1061 0.635389
v 8.09933 9.1553 0.523672
v 8.05822 9.21206 0.419467
v 8.00615 9.2755 0.324417
v 7.94392 9.34461 0.240022
v 7.87253 9.4183 0.167612
v 7.79309 9.49541 0.108329
v 7.70686 9.57472 0.0631082
v 7.6152 9.65498 0.032663
v 7.51956 9.73493 0.0174732
v 7.42143 9.81331 0.0177785
v 7.32238 9.88887 0.0335741
v 7.22396 9.96043 0.0646107
v 7.12773 10.0269 0.110399
v 7.03519 10.0871 0.170217
v 6.94782 10.1402 0.243121
v 6.86699 10.1854 0.327961
v 6.79398 10.2219 0.4234
v 6.72992 10.2491 0.527932
v 6.67585 10.2666 0.639909
v 6.6326 10.2742 0.757565
v 6.60087 10.2717 0.879044
v 6.58114 10.2592 1.00243
v 6.57374 10.2368 1.12578
v 6.57878 10.2049 1.24714
v 6.59617 10.1641 1.36461
v 6.62566 10.1148 1.47633
v 6.66676 10.0581 1.58053
v 6.71883 9.99464 1.67558
v 6.78106 9.92554 1.75998
v 6.85245 9.85185 1.83239
v 6.93189 9.77474 1.89167
v 7.01812 9.69543 1.93689
v 7.10978 9.61516 1.96734
v 7.20543 9.53522 1.98253
v 7.30355 9.45684 1.98222
v 7.4026 9.38128 1.96643
v 7.50102 9.30972 1.93539
v 7.59725 9.24329 1.8896
v 7.68979 9.18304 1.82978
v 7.77716 9.12992 1.75688
v 7.85799 9.08476 1.67204
v 7.93101 9.04828 1.5766
v 7.99506 9.02106 1.47207
v 8.04913 9.00352 1.36009
v 8.09238 8.99594 1.24243
v 8.12412 8.99844 1.12096
v 11.4713 13.035 1.99013
v 11.4811 13.0602 1.86751
v 11.4789 13.0954 1.74697
v 11.4647 13.1399 1.63042
v 11.4387 13.1932 1.5197
v 11.4013 13.2543 1.41656
v 11.3531 13.3222 1.32261
v 11.2948 13.396 1.23935
v 11.2275 13.4745 1.16809
v 11.1521 13.5563 1.10994
v 11.0698 13.6403 1.06583
v 10.9819 13.7251 1.03646
v 10.8899 13.8093 1.02228
v 10.7951 13.8917 1.02352
v 10.6991 13.9709 1.04016
v 10.6033 14.0457 1.07193
v 10.5094 14.1149 1.11834
v 10.4187 14.1774 1.17866
v 10.3327 14.2323 1.25193
v 10.2527 14.2786 1.337
v 10.1801 14.3156 1.43252
v 10.1159 14.3428 1.53699
v 10.0612 14.3597 1.64877
v 10.0169 14.3661 1.76608
v 9.98356 14.3618 1.88708
v 9.9618 14.3469 2.00987
v 9.95193 14.3217 2.13249
v 9.95413 14.2865 2.25303
v 9.96835 14.242 2.36958
v 9.99437 14.1887 2.4803
v 10.0318 14.1276 2.58344
v 10.08 14.0596 2.67739
v 10.1382 13.9858 2.76065
v 10.2056 13.9074 2.83191
v 10.281 13.8255 2.89006
v 10.3633 13.7416 2.93417
v 10.4512 13.6568 2.96354
v 10.5432 13.5725 2.97772
v 10.638 13.4902 2.97648
v 10.734 13.411 2.95984
v 10.8298 13.3362 2.92807
v 10.9237 13.267 2.88166
v 11.0144 13.2045 2.82134
v 11.1004 13.1496 2.74807
v 11.1803 13.1033 2.663
v 11.253 13.0663 2.56748
v 11.3171 13.0391 2.46301
v 11.3718 13.0222 2.35123
v 11.4162 13.0158 2.23392
v 11.4495 13.0201 2.11292
v 14.3938 16.1757 2.97447
v 14.4087 16.2058 2.85348
v 14.4122 16.2467 2.73479
v 14.4044 16.2977 2.62029
v 14.3853 16.3579 2.51177
v 14.3553 16.4265 2.41095
v 14.3148 16.5024 2.31943
v 14.2645 16.5843 2.23864
v 14.2051 16.671 2.16985
v 14.1376 16.7611 2.11416
v 14.0631 16.8531 2.07243
v 13.9827 16.9457 2.04534
v 13.8977 17.0374 2.0333
v 13.8094 17.1266 2.0365
v 13.7193 17.2121 2.0549
v 13.6287 17.2925 2.08821
v 13.5391 17.3664 2.13589
v 13.4519 17.4328 2.19721
v 13.3685 17.4906 2.27118
v 13.2901 17.5388 2.35665
v 13.2181 17.5768 2.45226
v 13.1535 17.6038 2.55651
v 13.0974 17.6196 2.66775
v 13.0507 17.6238 2.78424
v 13.0141 17.6164 2.90413
v 12.9881 17.5974 3.02553
v 12.9732 17.5673 3.14652
v 12.9697 17.5264 3.26521
v 12.9775 17.4754 3.37971
v 12.9965 17.4152 3.48823
v 13.0266 17.3466 3.58905
v 13.0671 17.2707 3.68057
v 13.1174 17.1888 3.76136
v 13.1768 17.1021 3.83015
v 13.2443 17.0121 3.88584
v 13.3188 16.92 3.92757
v 13.3992 16.8274 3.95466
v 13.4842 16.7358 3.9667
v 13.5725 16.6465 3.9635
v 13.6626 16.561 3.9451
v 13.7532 16.4806 3.91179
v 13.8428 16.4067 3.86411
v 13.93 16.3403 3.80279
v 14.0134 16.2825 3.72882
v 14.0918 16.2343 3.64335
v 14.1638 16.1963 3.54774
v 14.2284 16.1693 3.44349
v 14.2844 16.1535 3.33225
v 14.3312 16.1493 3.21576
v 14.3678 16.1567 3.09587
v 16.7706 18.2164 3.93651
v 16.7969 18.2547 3.81983
v 16.8134 18.3051 3.70598
v 16.82 18.3667 3.59677
v 16.8165 18.4387 3.49392
v 16.8029 18.5199 3.39905
v 16.7795 18.6089 3.31366
v 16.7467 18.7045 3.2391
v 16.7049 18.805 3.17653
v 16.6549 18.909 3.12695
v 16.5974 19.0147 3.09114
v 16.5333 19.1206 3.06966
v 16.4636 19.2248 3.06285
v 16.3895 19.3259 3.07083
v 16.3121 19.4222 3.09345
v 16.2326 19.5121 3.13038
v 16.1522 19.5943 3.18101
v 16.0724 19.6674 3.24457
v 15.9942 19.7303 3.32003
v 15.9189 19.7821 3.40623
v 15.8478 19.8219 3.50178
v 15.7819 19.849 3.60519
v 15.7223 19.8631 3.71483
v 15.67 19.8639 3.82897
v 15.6256 19.8514 3.9458
v 15.5901 19.8258 4.06349
v 15.5638 19.7875 4.18017
v 15.5472 19.7372 4.29402
v 15.5407 19.6755 4.40323
v 15.5442 19.6036 4.50608
v 15.5578 19.5224 4.60095
v 15.5812 19.4333 4.68634
v 15.614 19.3378 4.7609
v 15.6557 19.2372 4.82347
v 15.7058 19.1332 4.87305
v 15.7633 19.0275 4.90886
v 15.8274 18.9217 4.93034
v 15.897 18.8174 4.93715
v 15.9712 18.7164 4.92917
v 16.0486 18.6201 4.90655
v 16.1281 18.5302 4.86962
v 16.2084 18.448 4.81899
v 16.2883 18.3749 4.75543
v 16.3665 18.3119 4.67997
v 16.4418 18.2601 4.59377
v 16.5129 18.2204 4.49822
v 16.5788 18.1932 4.39481
v 16.6384 18.1792 4.28517
v 16.6907 18.1784 4.17103
v 16.7351 18.1909 4.0542
v 18.3917 19.0218 4.82213
v 18.4474 19.0672 4.71913
v 18.4975 19.1267 4.62056
v 18.5413 19.1994 4.52797
v 18.5781 19.2841 4.44282
v 18.6073 19.3794 4.36647
v 18.6285 19.4839 4.3001
v 18.6412 19.5959 4.24477
v 18.6454 19.7137 4.20135
v 18.6409 19.8353 4.17053
v 18.6278 19.9589 4.15279
v 18.6063 20.0826 4.14841
v 18.5768 20.2043 4.15746
v 18.5398 20.3222 4.1798
v 18.4957 20.4344 4.21507
v 18.4454 20.5391 4.26272
v 18.3895 20.6347 4.322
v 18.329 20.7196 4.39197
v 18.2649 20.7926 4.47153
v 18.1981 20.8525 4.55942
v 18.1297 20.8983 4.65427
v 18.0608 20.9293 4.75456
v 17.9924 20.945 4.85873
v 17.9257 20.9452 4.96512
v 17.8617 20.9299 5.07206
v 17.8013 20.8993 5.17787
v 17.7457 20.8538 5.28087
v 17.6955 20.7943 5.37944
v 17.6517 20.7217 5.47203
v 17.615 20.637 5.55718
v 17.5858 20.5417 5.63353
v 17.5646 20.4372 5.6999
v 17.5519 20.3252 5.75523
v 17.5477 20.2074 5.79865
v 17.5522 20.0858 5.82947
v 17.5653 19.9621 5.84721
v 17.5867 19.8385 5.85159
v 17.6162 19.7167 5.84254
v 17.6533 19.5989 5.8202
v 17.6974 19.4867 5.78493
v 17.7477 19.382 5.73728
v 17.8036 19.2864 5.678
v 17.8641 19.2014 5.60803
v 17.9282 19.1284 5.52847
v 17.995 19.0686 5.44058
v 18.0634 19.0228 5.34573
v 18.1323 18.9918 5.24544
v 18.2007 18.9761 5.14127
v 18.2674 18.9759 5.03488
v 18.3314 18.9912 4.92794
v 19.0576 18.8231 5.52601
v 19.1559 18.8393 5.4495
v 19.2575 18.8682 5.38166
v 19.361 18.9093 5.32358
v 19.4646 18.9621 5.27617
v 19.5668 19.0256 5.24017
v 19.6659 19.0989 5.21615
v 19.7603 19.1809 5.2045
v 19.8486 19.2701 5.20539
v 19.9294 19.3653 5.21881
v 20.0014 19.4649 5.24455
v 20.0635 19.5674 5.28221
v 20.1147 19.6711 5.33119
v 20.1541 19.7744 5.39071
v 20.1812 19.8757 5.45984
v 20.1955 19.9734 5.53749
v 20.1969 20.0658 5.62244
v 20.1852 20.1517 5.71334
v 20.1607 20.2296 5.80876
v 20.1237 20.2982 5.90719
v 20.0749 20.3566 6.0071
v 20.015 20.4038 6.10688
v 19.945 20.439 6.20499
v 19.8659 20.4617 6.29986
v 19.779 20.4716 6.39
v 19.6857 20.4684 6.47399
v 19.5875 20.4522 6.5505
v 19.4858 20.4233 6.61834
v 19.3823 20.3822 6.67642
v 19.2787 20.3294 6.72383
v 19.1765 20.2659 6.75983
v 19.0774 20.1926 6.78385
v 18.983 20.1106 6.7955
v 18.8947 20.0214 6.79461
v 18.8139 19.9262 6.78119
v 18.7419 19.8265 6.75545
v 18.6798 19.7241 6.71779
v 18.6287 19.6204 6.66881
v 18.5892 19.5171 6.60929
v 18.5621 19.4158 6.54016
v 18.5478 19.3181 6.46251
v 18.5465 19.2256 6.37756
v 18.5581 19.1398 6.28666
v 18.5826 19.0619 6.19124
v 18.6196 18.9932 6.09281
v 18.6684 18.9349 5.9929
v 18.7283 18.8877 5.89312
v 18.7983 18.8525 5.79501
v 18.8774 18.8298 5.70014
v 18.9643 18.8199 5.61
v 19.3971 17.6934 6.27889
v 19.5043 17.6756 6.21599
v 19.6187 17.6645 6.16545
v 19.7385 17.6601 6.12807
v 19.8618 17.6627 6.10444
v 19.9867 17.6721 6.09493
v 20.1112 17.6882 6.0997
v 20.2332 17.7107 6.11867
v 20.351 17.7393 6.15153
v 20.4626 17.7735 6.19778
v 20.5663 17.8129 6.25668
v 20.6605 17.8567 6.3273
v 20.7436 17.9043 6.40853
v 20.8144 17.9549 6.49909
v 20.8717 18.0077 6.59754
v 20.9146 18.062 6.70235
v 20.9425 18.1168 6.81184
v 20.9549 18.1713 6.92431
v 20.9516 18.2246 7.03797
v 20.9327 18.2759 7.15103
v 20.8984 18.3243 7.26171
v 20.8494 18.3692 7.36826
v 20.7863 18.4098 7.469
v 20.7102 18.4454 7.56235
v 20.6223 18.4755 7.64683
v 20.524 18.4997 7.72111
v 20.4168 18.5174 7.78401
v 20.3024 18.5286 7.83455
v 20.1826 18.5329 7.87193
v 20.0592 18.5304 7.89556
v 19.9344 18.521 7.90507
v 19.8099 18.5049 7.9003
v 19.6878 18.4824 7.88133
v 19.5701 18.4538 7.84847
v 19.4584 18.4196 7.80222
v 19.3547 18.3802 7.74332
v 19.2606 18.3364 7.6727
v 19.1775 18.2888 7.59147
v 19.1067 18.2382 7.50091
v 19.0494 18.1853 7.40246
v 19.0065 18.1311 7.29765
v 18.9786 18.0763 7.18816
v 18.9662 18.0218 7.07569
v 18.9695 17.9685 6.96203
v 18.9884 17.9172 6.84897
v 19.0227 17.8687 6.73829
v 19.0717 17.8239 6.63174
v 19.1347 17.7833 6.531
v 19.2108 17.7477 6.43765
v 19.2987 17.7176 6.35317
v 19.2716 15.2414 7.19642
v 19.3775 15.2073 7.13817
v 19.4907 15.1764 7.09351
v 19.6095 15.1493 7.06315
v 19.732 15.1262 7.04756
v 19.8562 15.1076 7.047
v 19.9801 15.0938 7.06146
v 20.1019 15.085 7.09072
v 20.2197 15.0813 7.13433
v 20.3314 15.0828 7.19158
v 20.4355 15.0895 7.26159
v 20.5301 15.1012 7.34324
v 20.614 15.1178 7.43525
v 20.6857 15.139 7.53616
v 20.744 15.1645 7.64439
v 20.7882 15.1939 7.75823
v 20.8174 15.2266 7.87588
v 20.8313 15.2623 7.99548
v 20.8295 15.3003 8.11516
v 20.8122 15.3401 8.23303
v 20.7796 15.3809 8.34721
v 20.7322 15.4222 8.45593
v 20.6708 15.4633 8.55745
v 20.5963 15.5036 8.65018
v 20.5099 15.5424 8.73266
v 20.413 15.5792 8.80358
v 20.3071 15.6132 8.86183
v 20.1939 15.6441 8.90649
v 20.0751 15.6713 8.93685
v 19.9526 15.6943 8.95244
v 19.8284 15.7129 8.953
v 19.7044 15.7267 8.93854
v 19.5826 15.7355 8.90928
v 19.4649 15.7392 8.86567
v 19.3532 15.7377 8.80842
v 19.2491 15.731 8.73841
v 19.1544 15.7193 8.65676
v 19.0706 15.7027 8.56475
v 18.9989 15.6815 8.46384
v 18.9405 15.656 8.35561
v 18.8964 15.6267 8.24177
v 18.8672 15.5939 8.12412
v 18.8533 15.5582 8.00452
v 18.855 15.5202 7.88484
v 18.8724 15.4805 7.76697
v 18.905 15.4396 7.65279
v 18.9524 15.3983 7.54407
v 19.0138 15.3572 7.44255
v 19.0883 15.3169 7.34982
v 19.1747 15.2781 7.26734
v 18.4724 11.7062 8.16548
v 18.5759 11.6625 8.10944
v 18.6865 11.6203 8.06745
v 18.8023 11.5802 8.04016
v 18.9216 11.5428 8.02801
v 19.0424 11.5088 8.03119
v 19.1629 11.4787 8.04965
v 19.2812 11.453 8.0831
v 19.3954 11.432 8.131
v 19.5037 11.4162 8.19261
v 19.6043 11.4057 8.26696
v 19.6958 11.4007 8.35286
v 19.7766 11.4013 8.44897
v 19.8455 11.4075 8.55377
v 19.9015 11.4192 8.66561
v 19.9435 11.4363 8.78272
v 19.971 11.4583 8.90326
v 19.9835 11.485 9.02532
v 19.9808 11.516 9.14699
v 19.963 11.5508 9.26633
v 19.9303 11.5888 9.38148
v 19.8833 11.6295 9.49061
v 19.8227 11.6721 9.592
v 19.7495 11.7161 9.68406
v 19.6648 11.7607 9.76532
v 19.5699 11.8052 9.83452
v 19.4663 11.8489 9.89056
v 19.3558 11.8911 9.93255
v 19.24 11.9313 9.95984
v 19.1207 11.9686 9.97199
v 18.9998 12.0026 9.96881
v 18.8793 12.0327 9.95035
v 18.761 12.0584 9.9169
v 18.6469 12.0794 9.869
v 18.5386 12.0952 9.80739
v 18.4379 12.1057 9.73304
v 18.3465 12.1107 9.64714
v 18.2656 12.1101 9.55103
v 18.1967 12.1039 9.44623
v 18.1408 12.0922 9.33439
v 18.0988 12.0752 9.21728
v 18.0713 12.0531 9.09674
v 18.0588 12.0264 8.97468
v 18.0615 11.9954 8.85301
v 18.0793 11.9606 8.73367
v 18.1119 11.9226 8.61852
v 18.1589 11.8819 8.50939
v 18.2195 11.8393 8.408
v 18.2928 11.7953 8.31594
v 18.3775 11.7507 8.23468
v 16.9995 7.38435 9.15021
v 17.1003 7.33317 9.09566
v 17.2079 7.28246 9.05536
v 17.3205 7.233 9.02997
v 17.4364 7.18559 9.01987
v 17.5536 7.14097 9.02523
v 17.6705 7.09984 9.04597
v 17.785 7.06286 9.08174
v 17.8955 7.0306 9.132
v 18.0001 7.00357 9.19595
v 18.0973 6.9822 9.27258
v 18.1855 6.96684 9.36068
v 18.2632 6.95771 9.45887
v 18.3294 6.95496 9.56558
v 18.3829 6.95864 9.67915
v 18.4228 6.9687 9.79778
v 18.4486 6.98496 9.9196
v 18.4599 7.00717 10.0427
v 18.4564 7.03499 10.1651
v 18.4383 7.06798 10.2849
v 18.4058 7.1056 10.4002
v 18.3594 7.14728 10.5092
v 18.2999 7.19236 10.6102
v 18.2282 7.24011 10.7015
v 18.1454 7.2898 10.7818
v 18.0528 7.34063 10.8498
v 17.9519 7.39181 10.9043
v 17.8443 7.44253 10.9446
v 17.7317 7.49198 10.97
v 17.6159 7.53939 10.9801
v 17.4986 7.58401 10.9748
v 17.3818 7.62514 10.954
v 17.2672 7.66213 10.9183
v 17.1568 7.69439 10.868
v 17.0521 7.72141 10.804
v 16.955 7.74278 10.7274
v 16.8668 7.75815 10.6393
v 16.789 7.76727 10.5411
v 16.7229 7.77002 10.4344
v 16.6694 7.76634 10.3208
v 16.6295 7.75629 10.2022
v 16.6036 7.74002 10.0804
v 16.5924 7.71781 9.95732
v 16.5958 7.68999 9.83491
v 16.6139 7.65701 9.7151
v 16.6465 7.61938 9.59978
v 16.6928 7.5777 9.49078
v 16.7524 7.53263 9.3898
v 16.8241 7.48487 9.29845
v 16.9069 7.43518 9.21817
v 14.9036 2.57781 10.1408
v 15.0014 2.51969 10.0875
v 15.1056 2.46137 10.0486
v 15.2146 2.40377 10.0247
v 15.3267 2.34778 10.0162
v 15.4401 2.2943 10.0233
v 15.553 2.24417 10.0457
v 15.6637 2.19818 10.0832
v 15.7704 2.15706 10.1351
v 15.8714 2.12144 10.2006
v 15.9651 2.09191 10.2788
v 16.0501 2.06891 10.3684
v 16.125 2.05282 10.4679
v 16.1886 2.04388 10.5758
v 16.24 2.04225 10.6904
v 16.2783 2.04794 10.8098
v 16.3028 2.06086 10.9323
v 16.3133 2.08081 11.0559
v 16.3096 2.10748 11.1785
v 16.2917 2.14044 11.2984
v 16.2598 2.17918 11.4135
v 16.2146 2.22309 11.5221
v 16.1567 2.27146 11.6225
v 16.087 2.32355 11.7131
v 16.0067 2.37852 11.7924
v 15.9169 2.43552 11.8592
v 15.8192 2.49363 11.9125
v 15.715 2.55196 11.9514
v 15.606 2.60956 11.9753
v 15.4939 2.66555 11.9838
v 15.3805 2.71903 11.9767
v 15.2675 2.76916 11.9543
v 15.1568 2.81515 11.9168
v 15.0501 2.85627 11.8649
v 14.9491 2.89189 11.7994
v 14.8554 2.92142 11.7212
v 14.7704 2.94442 11.6316
v 14.6955 2.96051 11.5321
v 14.6319 2.96945 11.4242
v 14.5805 2.97108 11.3096
v 14.5423 2.96539 11.1902
v 14.5177 2.95247 11.0677
v 14.5072 2.93252 10.9441
v 14.5109 2.90585 10.8215
v 14.5289 2.87289 10.7016
v 14.5607 2.83415 10.5865
v 14.6059 2.79024 10.4779
v 14.6638 2.74187 10.3775
v 14.7335 2.68978 10.2869
v 14.8139 2.63481 10.2076
v 12.261 -2.39695 11.1338
v 12.3548 -2.46236 11.0818
v 12.4548 -2.52846 11.0444
v 12.5594 -2.59422 11.022
v 12.667 -2.6586 11.015
v 12.7759 -2.72058 11.0235
v 12.8843 -2.77919 11.0475
v 12.9906 -2.8335 11.0865
v 13.0931 -2.88265 11.1399
v 13.1902 -2.92588 11.2068
v 13.2803 -2.96249 11.2863
v 13.362 -2.99192 11.377
v 13.434 -3.0137 11.4775
v 13.4952 -3.02747 11.5863
v 13.5447 -3.03304 11.7016
v 13.5815 -3.0303 11.8216
v 13.6053 -3.0193 11.9444
v 13.6155 -3.00022 12.0681
v 13.6121 -2.97336 12.1908
v 13.595 -2.93914 12.3104
v 13.5646 -2.89809 12.4251
v 13.5213 -2.85088 12.5331
v 13.4659 -2.79823 12.6327
v 13.3991 -2.74099 12.7224
v 13.322 -2.68005 12.8006
v 13.2359 -2.61637 12.8662
v 13.1422 -2.55097 12.9182
v 13.0422 -2.48487 12.9556
v 12.9376 -2.41911 12.978
v 12.83 -2.35473 12.985
v 12.7211 -2.29275 12.9765
v 12.6126 -2.23414 12.9525
v 12.5063 -2.17983 12.9135
v 12.4038 -2.13068 12.8601
v 12.3068 -2.08745 12.7932
v 12.2167 -2.05083 12.7137
v 12.135 -2.02141 12.623
v 12.063 -1.99963 12.5225
v 12.0017 -1.98586 12.4137
v 11.9523 -1.98029 12.2984
v 11.9154 -1.98303 12.1784
v 11.8917 -1.99402 12.0556
v 11.8814 -2.0131 11.9319
v 11.8849 -2.03997 11.8092
v 11.9019 -2.07419 11.6896
v 11.9324 -2.11524 11.5749
v 11.9756 -2.16245 11.4669
v 12.0311 -2.2151 11.3673
v 12.0979 -2.27234 11.2776
v 12.1749 -2.33328 11.1994
v 9.16768 -7.21922 12.1276
v 9.25604 -7.29286 12.0772
v 9.35038 -7.3676 12.0414
v 9.4492 -7.44227 12.0207
v 9.55096 -7.51567 12.0154
v 9.65404 -7.58666 12.0256
v 9.75683 -7.65411 12.0512
v 9.85769 -7.71697 12.0918
v 9.95505 -7.77423 12.1467
v 10.0474 -7.825 12.2151
v 10.1332 -7.86848 12.2958
v 10.2111 -7.90397 12.3876
v 10.28 -7.93093 12.4891
v 10.3387 -7.94892 12.5987
v 10.3863 -7.95767 12.7146
v 10.422 -7.95703 12.835
v 10.4454 -7.94701 12.9579
v 10.4559 -7.92777 13.0816
v 10.4535 -7.89962 13.204
v 10.4383 -7.863 13.3231
v 10.4103 -7.81848 13.4371
v 10.3701 -7.76678 13.5443
v 10.3183 -7.70869 13.6429
v 10.2558 -7.64515 13.7313
v 10.1835 -7.57715 13.8082
v 10.1025 -7.50577 13.8724
v 10.0141 -7.43212 13.9228
v 9.91977 -7.35738 13.9586
v 9.82094 -7.28272 13.9793
v 9.71919 -7.20931 13.9846
v 9.6161 -7.13832 13.9744
v 9.51332 -7.07087 13.9488
v 9.41245 -7.00802 13.9082
v 9.3151 -6.95075 13.8533
v 9.22279 -6.89998 13.7849
v 9.13699 -6.8565 13.7042
v 9.05904 -6.82101 13.6124
v 8.99017 -6.79405 13.5109
v 8.93148 -6.77606 13.4013
v 8.88388 -6.76731 13.2854
v 8.84812 -6.76796 13.165
v 8.82478 -6.77797 13.0421
v 8.81422 -6.79721 12.9184
v 8.8166 -6.82536 12.796
v 8.83189 -6.86198 12.6769
v 8.85985 -6.9065 12.5629
v 8.90003 -6.95821 12.4557
v 8.95181 -7.01629 12.3571
v 9.01436 -7.07983 12.2687
v 9.0867 -7.14783 12.1918
v 5.73606 -11.5805 13.1214
v 5.81659 -11.6639 13.073
v 5.90285 -11.7487 13.0393
v 5.99349 -11.8336 13.0207
v 6.08708 -11.9173 13.0176
v 6.18214 -11.9984 13.0299
v 6.27717 -12.0757 13.0575
v 6.37067 -12.1479 13.1
v 6.46117 -12.214 13.1567
v 6.54724 -12.2729 13.2267
v 6.62753 -12.3235 13.3089
v 6.70076 -12.3653 13.402
v 6.76579 -12.3974 13.5045
v 6.82158 -12.4194 13.6149
v 6.86726 -12.4309 13.7313
v 6.90211 -12.4318 13.8519
v 6.92557 -12.422 13.9749
v 6.93728 -12.4018 14.0983
v 6.93706 -12.3713 14.2201
v 6.9249 -12.3311 14.3385
v 6.901 -12.2818 14.4515
v 6.86573 -12.2243 14.5574
v 6.81965 -12.1593 14.6545
v 6.7635 -12.088 14.7413
v 6.69814 -12.0115 14.8164
v 6.62462 -11.9309 14.8786
v 6.54409 -11.8475 14.927
v 6.45783 -11.7627 14.9607
v 6.36719 -11.6778 14.9793
v 6.2736 -11.5942 14.9824
v 6.17854 -11.513 14.9701
v 6.08351 -11.4357 14.9425
v 5.99001 -11.3635 14.9
v 5.89951 -11.2974 14.8433
v 5.81344 -11.2385 14.7733
v 5.73315 -11.1879 14.6911
v 5.65992 -11.1461 14.598
v 5.59489 -11.114 14.4955
v 5.5391 -11.092 14.3851
v 5.49342 -11.0805 14.2687
v 5.45857 -11.0796 14.1481
v 5.43511 -11.0894 14.0251
v 5.4234 -11.1097 13.9017
v 5.42362 -11.1401 13.7799
v 5.43578 -11.1803 13.6615
v 5.45968 -11.2296 13.5485
v 5.49495 -11.2871 13.4426
v 5.54103 -11.3521 13.3455
v 5.59718 -11.4234 13.2587
v 5.66254 -11.4999 13.1836
v 2.09154 -15.2028 14.1142
v 2.16017 -15.2977 14.0687
v 2.23427 -15.3943 14.0379
v 2.31266 -15.4911 14.0223
v 2.39411 -15.5867 14.0221
v 2.47734 -15.6795 14.0374
v 2.56103 -15.7681 14.0678
v 2.64386 -15.851 14.1129
v 2.72453 -15.9269 14.172
v 2.80176 -15.9947 14.2442
v 2.87434 -16.0533 14.3282
v 2.94112 -16.1018 14.4229
v 3.00105 -16.1393 14.5267
v 3.05318 -16.1654 14.6379
v 3.0967 -16.1795 14.7549
v 3.1309 -16.1815 14.8757
v 3.15527 -16.1714 14.9985
v 3.1694 -16.1492 15.1213
v 3.17308 -16.1154 15.2422
v 3.16626 -16.0705 15.3592
v 3.14903 -16.0151 15.4706
v 3.12167 -15.9503 15.5746
v 3.08461 -15.8769 15.6695
v 3.03843 -15.7961 15.7539
v 2.98388 -15.7093 15.8264
v 2.92179 -15.6177 15.8858
v 2.85316 -15.5229 15.9313
v 2.77906 -15.4263 15.9621
v 2.70067 -15.3294 15.9777
v 2.61922 -15.2338 15.9779
v 2.53599 -15.141 15.9626
v 2.4523 -15.0525 15.9322
v 2.36947 -14.9696 15.8871
v 2.2888 -14.8936 15.828
v 2.21157 -14.8258 15.7558
v 2.13899 -14.7672 15.6718
v 2.07221 -14.7187 15.5771
v 2.01228 -14.6812 15.4733
v 1.96015 -14.6551 15.3621
v 1.91663 -14.641 15.2451
v 1.88243 -14.639 15.1243
v 1.85806 -14.6491 15.0015
v 1.84393 -14.6713 14.8787
v 1.84025 -14.7051 14.7578
v 1.84707 -14.75 14.6408
v 1.8643 -14.8054 14.5294
v 1.89166 -14.8703 14.4254
v 1.92872 -14.9437 14.3305
v 1.97489 -15.0244 14.2461
v 2.02945 -15.1113 14.1736
v -1.63128 -17.8561 15.1049
v -1.58132 -17.9637 15.0638
v -1.52622 -18.0734 15.0375
v -1.46685 -18.1835 15.0264
v -1.40416 -18.2923 15.0306
v -1.33912 -18.3979 15.0501
v -1.27278 -18.4988 15.0846
v -1.20616 -18.5934 15.1336
v -1.14033 -18.6801 15.1962
v -1.07632 -18.7576 15.2714
v -1.01514 -18.8247 15.3582
v -0.957756 -18.8803 15.4551
v -0.905073 -18.9235 15.5605
v -0.85792 -18.9537 15.673
v -0.817043 -18.9704 15.7905
v -0.783085 -18.9733 15.9114
v -0.756582 -18.9624 16.0337
v -0.737953 -18.9378 16.1554
v -0.72749 -18.8999 16.2747
v -0.725359 -18.8494 16.3896
v -0.731594 -18.787 16.4984
v -0.746096 -18.7137 16.5994
v -0.768637 -18.6307 16.6909
v -0.79886 -18.5393 16.7715
v -0.83629 -18.4409 16.8399
v -0.880336 -18.337 16.8951
v -0.930304 -18.2294 16.9362
v -0.985405 -18.1196 16.9625
v -1.04477 -18.0095 16.9736
v -1.10746 -17.9008 16.9694
v -1.1725 -17.7952 16.9499
v -1.23884 -17.6943 16.9154
v -1.30546 -17.5997 16.8664
v -1.37129 -17.513 16.8038
v -1.4353 -17.4355 16.7286
v -1.49648 -17.3684 16.6418
v -1.55386 -17.3128 16.5449
v -1.60655 -17.2696 16.4395
v -1.6537 -17.2394 16.327
v -1.69458 -17.2227 16.2095
v -1.72854 -17.2198 16.0886
v -1.75504 -17.2307 15.9663
v -1.77367 -17.2553 15.8446
v -1.78413 -17.2932 15.7253
v -1.78626 -17.3437 15.6104
v -1.78003 -17.4061 15.5016
v -1.76552 -17.4793 15.4006
v -1.74298 -17.5624 15.3091
v -1.71276 -17.6538 15.2285
v -1.67533 -17.7522 15.1601
v -5.29352 -19.3747 16.0921
v -5.27242 -19.4936 16.0578
v -5.2466 -19.615 16.0384
v -5.21649 -19.7368 16.0342
v -5.18255 -19.8572 16.0452
v -5.14531 -19.9743 16.0712
v -5.10537 -20.0862 16.1119
v -5.06336 -20.1911 16.1666
v -5.01993 -20.2875 16.2345
v -4.97578 -20.3737 16.3144
v -4.93159 -20.4484 16.4051
v -4.88807 -20.5105 16.5052
v -4.8459 -20.559 16.6131
v -4.80575 -20.593 16.7271
v -4.76825 -20.6121 16.8455
v -4.73399 -20.616 16.9662
v -4.70351 -20.6045 17.0875
v -4.6773 -20.578 17.2074
v -4.65576 -20.5367 17.324
v -4.63924 -20.4814 17.4356
v -4.62799 -20.4129 17.5402
v -4.6222 -20.3323 17.6364
v -4.62195 -20.2409 17.7225
v -4.62725 -20.1401 17.7972
v -4.63801 -20.0315 17.8593
v -4.65407 -19.9168 17.9079
v -4.67518 -19.7979 17.9422
v -4.70099 -19.6765 17.9616
v -4.73111 -19.5547 17.9658
v -4.76505 -19.4343 17.9548
v -4.80228 -19.3172 17.9288
v -4.84222 -19.2053 17.8881
v -4.88424 -19.1004 17.8334
v -4.92766 -19.004 17.7655
v -4.97182 -18.9178 17.6856
v -5.016 -18.8431 17.5949
v -5.05952 -18.781 17.4948
v -5.10169 -18.7325 17.3869
v -5.14184 -18.6985 17.2729
v -5.17934 -18.6794 17.1545
v -5.2136 -18.6755 17.0338
v -5.24408 -18.6869 16.9125
v -5.2703 -18.7135 16.7926
v -5.29183 -18.7548 16.676
v -5.30836 -18.8101 16.5644
v -5.31961 -18.8786 16.4598
v -5.3254 -18.9592 16.3636
v -5.32565 -19.0506 16.2775
v -5.32035 -19.1514 16.2028
v -5.30958 -19.26 16.1407
v -8.76181 -19.6716 17.0748
v -8.78027 -19.7934 17.0503
v -8.79456 -19.9178 17.0407
v -8.80445 -20.0429 17.0462
v -8.80979 -20.1666 17.0667
v -8.81048 -20.2872 17.102
v -8.80653 -20.4025 17.1515
v -8.79798 -20.5109 17.2143
v -8.78498 -20.6106 17.2895
v -8.76774 -20.7001 17.3759
v -8.74652 -20.7779 17.4722
v -8.72165 -20.8428 17.5768
v -8.69354 -20.8938 17.6881
v -8.66261 -20.9301 17.8042
v -8.62938 -20.9511 17.9235
v -8.59434 -20.9565 18.044
v -8.55806 -20.9461 18.1638
v -8.52112 -20.9202 18.281
v -8.48409 -20.8792 18.3937
v -8.44755 -20.8237 18.5003
v -8.41209 -20.7546 18.599
v -8.37825 -20.673 18.6882
v -8.34659 -20.5801 18.7666
v -8.31759 -20.4774 18.8328
v -8.29171 -20.3666 18.886
v -8.26936 -20.2494 18.9252
v -8.2509 -20.1277 18.9497
v -8.23661 -20.0033 18.9593
v -8.22672 -19.8782 18.9538
v -8.22138 -19.7544 18.9333
v -8.22069 -19.6339 18.898
v -8.22465 -19.5185 18.8485
v -8.23319 -19.4101 18.7857
v -8.24619 -19.3104 18.7105
v -8.26343 -19.221 18.6241
v -8.28466 -19.1432 18.5278
v -8.30952 -19.0782 18.4232
v -8.33764 -19.0272 18.3119
v -8.36856 -18.991 18.1958
v -8.4018 -18.97 18.0765
v -8.43683 -18.9646 17.956
v -8.47311 -18.9749 17.8362
v -8.51005 -19.0008 17.719
v -8.54709 -19.0418 17.6063
v -8.58362 -19.0974 17.4997
v -8.61909 -19.1665 17.401
v -8.65292 -19.2481 17.3118
v -8.68458 -19.341 17.2334
v -8.71358 -19.4436 17.1672
v -8.73946 -19.5544 17.114
v -11.9249 -18.7402 18.0553
v -11.9848 -18.8497 18.0418
v -12.0412 -18.9619 18.0434
v -12.093 -19.0751 18.0602
v -12.1396 -19.1874 18.0917
v -12.18 -19.297 18.1375
v -12.2138 -19.4024 18.197
v -12.2404 -19.5017 18.2691
v -12.2593 -19.5934 18.3528
v -12.2703 -19.6761 18.4466
v -12.2731 -19.7485 18.5492
v -12.2678 -19.8094 18.6589
v -12.2544 -19.8579 18.774
v -12.2332 -19.8932 18.8926
v -12.2044 -19.9147 19.013
v -12.1686 -19.9221 19.1331
v -12.1262 -19.9154 19.2511
v -12.078 -19.8945 19.3652
v -12.0247 -19.8599 19.4735
v -11.9672 -19.812 19.5743
v -11.9063 -19.7516 19.6661
v -11.8431 -19.6798 19.7474
v -11.7785 -19.5975 19.8169
v -11.7135 -19.5062 19.8735
v -11.6492 -19.4072 19.9163
v -11.5865 -19.3021 19.9447
v -11.5266 -19.1926 19.9582
v -11.4702 -19.0804 19.9566
v -11.4184 -18.9672 19.9398
v -11.3719 -18.8549 19.9083
v -11.3314 -18.7452 19.8625
v -11.2976 -18.6399 19.803
v -11.271 -18.5406 19.7309
v -11.2521 -18.4488 19.6472
v -11.2411 -18.3661 19.5534
v -11.2383 -18.2938 19.4508
v -11.2436 -18.2328 19.3411
v -11.257 -18.1844 19.226
v -11.2782 -18.1491 19.1074
v -11.307 -18.1276 18.987
v -11.3428 -18.1201 18.8669
v -11.3852 -18.1269 18.7489
v -11.4334 -18.1478 18.6348
v -11.4867 -18.1824 18.5265
v -11.5442 -18.2303 18.4257
v -11.6051 -18.2906 18.3339
v -11.6683 -18.3625 18.2526
v -11.7329 -18.4448 18.1831
v -11.7979 -18.5361 18.1265
v -11.8622 -18.6351 18.0837
v -14.6922 -16.6346 19.0389
v -14.7834 -16.7209 19.0351
v -14.8713 -16.8098 19.0466
v -14.9546 -16.9 19.0732
v -15.032 -16.9899 19.1143
v -15.1022 -17.0782 19.1694
v -15.1642 -17.1635 19.2376
v -15.217 -17.2444 19.3178
v -15.2598 -17.3197 19.4088
v -15.2918 -17.3881 19.5091
v -15.3125 -17.4487 19.6172
v -15.3217 -17.5003 19.7313
v -15.3192 -17.5423 19.8496
v -15.305 -17.574 19.9703
v -15.2794 -17.5948 20.0915
v -15.2428 -17.6044 20.2112
v -15.1957 -17.6027 20.3276
v -15.1388 -17.5897 20.4388
v -15.0732 -17.5657 20.5431
v -14.9997 -17.5309 20.6389
v -14.9196 -17.4859 20.7245
v -14.8342 -17.4316 20.7988
v -14.7447 -17.3686 20.8604
v -14.6526 -17.298 20.9085
v -14.5594 -17.2209 20.9422
v -14.4665 -17.1386 20.9611
v -14.3754 -17.0522 20.9649
v -14.2875 -16.9633 20.9534
v -14.2042 -16.8731 20.9268
v -14.1268 -16.7832 20.8857
v -14.0565 -16.6949 20.8306
v -13.9945 -16.6096 20.7624
v -13.9417 -16.5287 20.6822
v -13.899 -16.4534 20.5912
v -13.867 -16.385 20.4909
v -13.8462 -16.3245 20.3828
v -13.837 -16.2728 20.2687
v -13.8395 -16.2308 20.1504
v -13.8537 -16.1992 20.0297
v -13.8793 -16.1784 19.9085
v -13.916 -16.1687 19.7888
v -13.9631 -16.1704 19.6724
v -14.0199 -16.1834 19.5612
v -14.0856 -16.2075 19.4569
v -14.159 -16.2422 19.3611
v -14.2391 -16.2872 19.2755
v -14.3246 -16.3416 19.2012
v -14.414 -16.4045 19.1396
v -14.5061 -16.4751 19.0915
v -14.5993 -16.5522 19.0578
v -16.9703 -13.4694 20.0285
v -17.0797 -13.5309 20.032
v -17.186 -13.595 20.0507
v -17.2877 -13.6606 20.0845
v -17.383 -13.7267 20.1327
v -17.4705 -13.7922 20.1945
v -17.5487 -13.8561 20.2691
v -17.6166 -13.9174 20.3552
v -17.6729 -13.9751 20.4514
v -17.7168 -14.0284 20.5563
v -17.7476 -14.0763 20.6682
v -17.7649 -14.1182 20.7854
v -17.7682 -14.1533 20.9059
v -17.7577 -14.1811 21.0279
v -17.7335 -14.2012 21.1495
v -17.6959 -14.2133 21.2687
v -17.6455 -14.2171 21.3836
v -17.5832 -14.2126 21.4926
v -17.5098 -14.1999 21.5937
v -17.4267 -14.1791 21.6855
v -17.335 -14.1507 21.7665
v -17.2363 -14.115 21.8354
v -17.132 -14.0726 21.8911
v -17.0239 -14.0242 21.9328
v -16.9136 -13.9706 21.9597
v -16.8028 -13.9125 21.9715
v -16.6934 -13.851 21.968
v -16.5871 -13.7869 21.9493
v -16.4854 -13.7213 21.9155
v -16.3901 -13.6552 21.8673
v -16.3027 -13.5897 21.8055
v -16.2244 -13.5258 21.7309
v -16.1566 -13.4645 21.6448
v -16.1002 -13.4068 21.5486
v -16.0563 -13.3535 21.4437
v -16.0255 -13.3056 21.3318
v -16.0083 -13.2637 21.2146
v -16.0049 -13.2286 21.0941
v -16.0154 -13.2008 20.9721
v -16.0396 -13.1807 20.8505
v -16.0772 -13.1686 20.7313
v -16.1276 -13.1648 20.6164
v -16.19 -13.1693 20.5074
v -16.2633 -13.182 20.4063
v -16.3464 -13.2027 20.3145
v -16.4381 -13.2312 20.2335
v -16.5369 -13.2669 20.1646
v -16.6411 -13.3092 20.1089
v -16.7493 -13.3576 20.0672
v -16.8596 -13.4113 20.0403
v -18.668 -9.43387 21.0231
v -18.7868 -9.47349 21.0319
v -18.9026 -9.51566 21.0558
v -19.0136 -9.55971 21.0947
v -19.118 -9.60495 21.1479
v -19.2142 -9.65067 21.2145
v -19.3006 -9.69614 21.2935
v -19.3759 -9.74064 21.3836
v -19.4388 -9.78348 21.4834
v -19.4885 -9.82398 21.5914
v -19.5241 -9.8615 21.7059
v -19.545 -9.89545 21.825
v -19.551 -9.9253 21.9468
v -19.5419 -9.95057 22.0695
v -19.5179 -9.97086 22.1911
v -19.4793 -9.98585 22.3096
v -19.4268 -9.99532 22.4233
v -19.3612 -9.9991 22.5303
v -19.2835 -9.99714 22.629
v -19.195 -9.98947 22.7177
v -19.097 -9.97621 22.7951
v -18.9911 -9.95758 22.86
v -18.8789 -9.93385 22.9113
v -18.7623 -9.90542 22.9482
v -18.6431 -9.87272 22.9702
v -18.5231 -9.83627 22.9769
v -18.4042 -9.79665 22.9681
v -18.2884 -9.75448 22.9442
v -18.1774 -9.71043 22.9053
v -18.073 -9.66519 22.8521
v -17.9769 -9.61948 22.7855
v -17.8905 -9.57401 22.7065
v -17.8152 -9.5295 22.6164
v -17.7522 -9.48666 22.5166
v -17.7026 -9.44616 22.4086
v -17.667 -9.40864 22.2941
v -17.646 -9.37469 22.175
v -17.6401 -9.34485 22.0532
v -17.6491 -9.31958 21.9305
v -17.6732 -9.29929 21.8089
v -17.7117 -9.28429 21.6904
v -17.7642 -9.27483 21.5767
v -17.8299 -9.27105 21.4697
v -17.9075 -9.27301 21.371
v -17.9961 -9.28068 21.2823
v -18.0941 -9.29393 21.2049
v -18.2 -9.31257 21.14
v -18.3121 -9.33629 21.0887
v -18.4287 -9.36473 21.0518
v -18.548 -9.39743 21.0298
v -19.7156 -4.78082 22.0213
v -19.8388 -4.80143 22.0341
v -19.959 -4.82477 22.0621
v -20.0742 -4.85045 22.1049
v -20.1827 -4.87808 22.1618
v -20.2827 -4.90722 22.232
v -20.3726 -4.9374 22.3142
v -20.4511 -4.96817 22.4073
v -20.5169 -4.99902 22.5097
v -20.569 -5.02947 22.6199
v -20.6065 -5.05904 22.736
v -20.6288 -5.08727 22.8563
v -20.6357 -5.11372 22.9789
v -20.6269 -5.13795 23.1018
v -20.6027 -5.1596 23.2231
v -20.5633 -5.17831 23.3409
v -20.5095 -5.1938 23.4533
v -20.4421 -5.20582 23.5586
v -20.3621 -5.21418 23.655
v -20.2708 -5.21875 23.7411
v -20.1697 -5.21946 23.8156
v -20.0603 -5.21629 23.8771
v -19.9443 -5.2093 23.9249
v -19.8237 -5.1986 23.958
v -19.7002 -5.18435 23.9761
v -19.5759 -5.16678 23.9787
v -19.4527 -5.14616 23.9659
v -19.3325 -5.12283 23.9379
v -19.2173 -5.09715 23.8951
v -19.1088 -5.06952 23.8382
v -19.0088 -5.04038 23.768
v -18.9188 -5.01019 23.6858
v -18.8403 -4.97943 23.5927
v -18.7746 -4.94858 23.4903
v -18.7225 -4.91813 23.3801
v -18.685 -4.88855 23.264
v -18.6626 -4.86032 23.1437
v -18.6558 -4.83388 23.0211
v -18.6646 -4.80965 22.8982
v -18.6888 -4.788 22.7769
v -18.7282 -4.76928 22.6591
v -18.782 -4.75379 22.5467
v -18.8494 -4.74177 22.4414
v -18.9294 -4.73341 22.345
v -19.0207 -4.72884 22.2589
v -19.1218 -4.72814 22.1844
v -19.2312 -4.7313 22.1229
v -19.3471 -4.73829 22.0751
v -19.4678 -4.749 22.042
v -19.5913 -4.76325 22.0239
v -20.0704 0.196621 23.022
v -20.1948 0.193332 23.0384
v -20.3162 0.186994 23.0699
v -20.4326 0.177708 23.1161
v -20.5422 0.165619 23.1762
v -20.6433 0.150917 23.2494
v -20.7341 0.133836 23.3343
v -20.8135 0.114644 23.4298
v -20.8799 0.0936445 23.5342
v -20.9325 0.0711678 23.646
v -20.9704 0.0475688 23.7634
v -20.993 0.0232196 23.8845
v -21 -0.00149586 24.0074
v -20.9911 -0.0261877 24.1303
v -20.9667 -0.0504665 24.251
v -20.927 -0.0739495 24.3678
v -20.8726 -0.0962662 24.4788
v -20.8045 -0.117065 24.5823
v -20.7238 -0.136017 24.6765
v -20.6316 -0.152824 24.7601
v -20.5294 -0.167222 24.8317
v -20.4189 -0.178982 24.8902
v -20.3018 -0.187919 24.9347
v -20.1799 -0.193893 24.9644
v -20.0552 -0.196809 24.9789
v -19.9296 -0.196621 24.978
v -19.8052 -0.193332 24.9616
v -19.6838 -0.186994 24.9301
v -19.5674 -0.177708 24.8839
v -19.4578 -0.165619 24.8238
v -19.3567 -0.150917 24.7506
v -19.2659 -0.133836 24.6657
v -19.1865 -0.114644 24.5702
v -19.1201 -0.0936445 24.4658
v -19.0675 -0.0711678 24.354
v -19.0296 -0.0475688 24.2366
v -19.007 -0.0232196 24.1155
v -19 0.00149586 23.9926
v -19.0089 0.0261877 23.8697
v -19.0333 0.0504665 23.749
v -19.073 0.0739495 23.6322
v -19.1274 0.0962662 23.5212
v -19.1955 0.117065 23.4177
v -19.2762 0.136017 23.3235
v -19.3684 0.152824 23.2399
v -19.4706 0.167222 23.1683
v -19.5811 0.178982 23.1098
v -19.6982 0.187919 23.0653
v -19.8201 0.193893 23.0356
v -19.9448 0.196809 23.0211
v -19.7161 5.18636 24.0254
v -19.8393 5.20017 24.0454
v -19.9595 5.21041 24.0804
v -20.0747 5.21691 24.13
v -20.1831 5.21959 24.1933
v -20.2831 5.21838 24.2693
v -20.373 5.21332 24.3568
v -20.4514 5.20449 24.4544
v -20.5172 5.19201 24.5607
v -20.5692 5.17609 24.6739
v -20.6066 5.15699 24.7922
v -20.6289 5.13499 24.9139
v -20.6357 5.11045 25.0368
v -20.6268 5.08376 25.1592
v -20.6025 5.05533 25.2791
v -20.5631 5.02562 25.3946
v -20.5093 4.99509 25.5038
v -20.4418 4.96422 25.6052
v -20.3618 4.9335 25.6969
v -20.2704 4.90342 25.7777
v -20.1692 4.87445 25.8462
v -20.0598 4.84705 25.9014
v -19.9438 4.82165 25.9423
v -19.8232 4.79864 25.9684
v -19.6997 4.7784 25.9792
v -19.5754 4.76124 25.9746
v -19.4522 4.74743 25.9546
v -19.332 4.73719 25.9196
v -19.2168 4.73068 25.87
v -19.1084 4.72801 25.8067
v -19.0084 4.72921 25.7307
v -18.9185 4.73427 25.6432
v -18.84 4.74311 25.5456
v -18.7743 4.75559 25.4393
v -18.7223 4.7715 25.3261
v -18.6849 4.79061 25.2078
v -18.6626 4.81261 25.0861
v -18.6558 4.83715 24.9632
v -18.6646 4.86384 24.8408
v -18.689 4.89227 24.7209
v -18.7284 4.92198 24.6054
v -18.7822 4.95251 24.4962
v -18.8497 4.98338 24.3948
v -18.9297 5.01409 24.3031
v -19.0211 5.04417 24.2223
v -19.1222 5.07314 24.1538
v -19.2317 5.10055 24.0986
v -19.3476 5.12595 24.0577
v -19.4683 5.14895 24.0316
v -19.5918 5.1692 24.0208
v -18.6614 9.87797 25.0322
v -18.7804 9.91005 25.0565
v -18.8964 9.9378 25.0957
v -19.0077 9.96076 25.1491
v -19.1125 9.9786 25.216
v -19.2092 9.99101 25.2952
v -19.2961 9.99781 25.3855
v -19.372 9.99889 25.4855
v -19.4357 9.99423 25.5937
v -19.4861 9.98391 25.7082
v -19.5225 9.96809 25.8274
v -19.5443 9.94702 25.9493
v -19.5511 9.92102 26.0719
v -19.5428 9.89052 26.1935
v -19.5196 9.85599 26.312
v -19.4818 9.81797 26.4255
v -19.43 9.77707 26.5324
v -19.3651 9.73393 26.6308
v -19.2881 9.68923 26.7194
v -19.2001 9.64368 26.7965
v -19.1026 9.59799 26.8611
v -18.997 9.55288 26.9122
v -18.8852 9.50908 26.9488
v -18.7688 9.46726 26.9705
v -18.6496 9.42808 26.9768
v -18.5296 9.39217 26.9678
v -18.4107 9.36009 26.9435
v -18.2946 9.33235 26.9043
v -18.1833 9.30938 26.8509
v -18.0785 9.29155 26.784
v -17.9819 9.27914 26.7048
v -17.8949 9.27234 26.6145
v -17.819 9.27126 26.5145
v -17.7553 9.27591 26.4063
v -17.7049 9.28623 26.2918
v -17.6685 9.30206 26.1726
v -17.6468 9.32313 26.0507
v -17.64 9.34913 25.9281
v -17.6483 9.37963 25.8065
v -17.6715 9.41416 25.688
v -17.7093 9.45218 25.5745
v -17.761 9.49308 25.4676
v -17.8259 9.53622 25.3692
v -17.903 9.58092 25.2806
v -17.991 9.62647 25.2035
v -18.0885 9.67216 25.1389
v -18.194 9.71726 25.0878
v -18.3059 9.76107 25.0512
v -18.4223 9.80289 25.0295
v -18.5414 9.84206 25.0232
v -16.9369 13.9823 26.0447
v -17.0469 14.0349 26.0748
v -17.1543 14.0821 26.1195
v -17.2576 14.1231 26.1781
v -17.355 14.1573 26.2496
v -17.445 14.1842 26.333
v -17.5261 14.2032 26.4269
v -17.5972 14.2142 26.5298
v -17.6571 14.217 26.6401
v -17.7049 14.2114 26.7562
v -17.7397 14.1976 26.876
v -17.7611 14.1759 26.9978
v -17.7687 14.1465 27.1197
v -17.7624 14.1099 27.2397
v -17.7422 14.0667 27.3559
v -17.7086 14.0176 27.4664
v -17.662 13.9633 27.5696
v -17.6032 13.9047 27.6639
v -17.5331 13.8428 27.7476
v -17.4527 13.7785 27.8196
v -17.3635 13.7127 27.8787
v -17.2667 13.6467 27.9239
v -17.164 13.5813 27.9545
v -17.0568 13.5177 27.97
v -16.947 13.4568 27.9703
v -16.8362 13.3996 27.9553
v -16.7262 13.347 27.9252
v -16.6188 13.2998 27.8805
v -16.5155 13.2588 27.8219
v -16.4182 13.2246 27.7504
v -16.3282 13.1977 27.667
v -16.247 13.1786 27.5731
v -16.1759 13.1677 27.4702
v -16.116 13.1649 27.3599
v -16.0682 13.1705 27.2438
v -16.0334 13.1842 27.124
v -16.012 13.206 27.0022
v -16.0044 13.2354 26.8803
v -16.0108 13.272 26.7603
v -16.0309 13.3152 26.6441
v -16.0645 13.3643 26.5336
v -16.1111 13.4186 26.4304
v -16.1699 13.4771 26.3361
v -16.2401 13.5391 26.2524
v -16.3204 13.6034 26.1804
v -16.4096 13.6691 26.1213
v -16.5064 13.7352 26.0761
v -16.6092 13.8006 26.0455
v -16.7163 13.8642 26.03
v -16.8261 13.9251 26.0297
v -14.5906 17.2473 27.0674
v -14.6836 17.3223 27.106
v -14.7749 17.3905 27.1587
v -14.8632 17.4507 27.2247
v -14.947 17.502 27.3028
v -15.025 17.5437 27.392
v -15.096 17.5749 27.4908
v -15.1588 17.5953 27.5976
v -15.2125 17.6045 27.7108
v -15.2562 17.6024 27.8285
v -15.2892 17.589 27.9489
v -15.3111 17.5646 28.0701
v -15.3214 17.5294 28.1902
v -15.32 17.4841 28.3074
v -15.3069 17.4294 28.4196
v -15.2823 17.3661 28.5253
v -15.2467 17.2953 28.6226
v -15.2005 17.218 28.7102
v -15.1445 17.1355 28.7865
v -15.0797 17.049 28.8505
v -15.0069 16.96 28.901
v -14.9274 16.8698 28.9373
v -14.8424 16.7799 28.9589
v -14.7532 16.6917 28.9653
v -14.6613 16.6066 28.9565
v -14.5682 16.5258 28.9326
v -14.4752 16.4508 28.894
v -14.3838 16.3826 28.8413
v -14.2955 16.3224 28.7753
v -14.2117 16.2711 28.6972
v -14.1337 16.2295 28.608
v -14.0628 16.1982 28.5092
v -13.9999 16.1778 28.4024
v -13.9462 16.1686 28.2892
v -13.9025 16.1707 28.1715
v -13.8695 16.1841 28.0511
v -13.8477 16.2085 27.9299
v -13.8374 16.2437 27.8098
v -13.8388 16.289 27.6926
v -13.8519 16.3437 27.5804
v -13.8764 16.407 27.4747
v -13.9121 16.4779 27.3774
v -13.9583 16.5551 27.2898
v -14.0142 16.6377 27.2135
v -14.0791 16.7241 27.1495
v -14.1519 16.8131 27.099
v -14.2314 16.9033 27.0627
v -14.3164 16.9932 27.0411
v -14.4055 17.0814 27.0347
v -14.4974 17.1665 27.0435
v -11.6853 19.4639 28.1061
v -11.7501 19.5587 28.1568
v -11.815 19.6451 28.2208
v -11.879 19.7216 28.2971
v -11.941 19.7871 28.3845
v -12.0001 19.8406 28.4815
v -12.0554 19.8811 28.5868
v -12.1059 19.908 28.6986
v -12.1509 19.9209 28.8151
v -12.1896 19.9197 28.9345
v -12.2216 19.9043 29.055
v -12.2461 19.8749 29.1746
v -12.263 19.8321 29.2915
v -12.2718 19.7765 29.4037
v -12.2725 19.709 29.5096
v -12.2651 19.6307 29.6075
v -12.2496 19.5427 29.6957
v -12.2263 19.4465 29.773
v -12.1956 19.3436 29.8382
v -12.158 19.2356 29.89
v -12.114 19.1242 29.9279
v -12.0644 19.0112 29.9511
v -12.0099 18.8984 29.9593
v -11.9514 18.7875 29.9524
v -11.8898 18.6803 29.9305
v -11.8261 18.5784 29.8939
v -11.7613 18.4835 29.8432
v -11.6964 18.3972 29.7792
v -11.6324 18.3206 29.7029
v -11.5704 18.2551 29.6155
v -11.5113 18.2017 29.5185
v -11.4561 18.1612 29.4132
v -11.4055 18.1343 29.3014
v -11.3605 18.1213 29.1849
v -11.3218 18.1226 29.0655
v -11.2899 18.138 28.945
v -11.2653 18.1673 28.8254
v -11.2484 18.2101 28.7085
v -11.2396 18.2657 28.5963
v -11.2389 18.3332 28.4904
v -11.2463 18.4116 28.3925
v -11.2618 18.4996 28.3043
v -11.2851 18.5958 28.227
v -11.3158 18.6987 28.1618
v -11.3534 18.8067 28.11
v -11.3974 18.918 28.0721
v -11.447 19.031 28.0489
v -11.5015 19.1439 28.0407
v -11.56 19.2548 28.0476
v -11.6216 19.362 28.0695
v -8.31436 20.4647 29.1602
v -8.34301 20.5684 29.225
v -8.37439 20.6625 29.302
v -8.40799 20.7456 29.39
v -8.44329 20.8162 29.4876
v -8.47973 20.8734 29.5933
v -8.51674 20.9162 29.7054
v -8.55372 20.9439 29.8222
v -8.59011 20.9561 29.9418
v -8.62532 20.9525 30.0623
v -8.6588 20.9334 30.1818
v -8.69002 20.8989 30.2984
v -8.71849 20.8496 30.4104
v -8.74376 20.7863 30.5158
v -8.76543 20.7099 30.6132
v -8.78316 20.6218 30.7008
v -8.79667 20.5232 30.7774
v -8.80575 20.4157 30.8418
v -8.81026 20.3011 30.8929
v -8.81011 20.1811 30.9298
v -8.80532 20.0576 30.9522
v -8.79596 19.9326 30.9595
v -8.78218 19.808 30.9517
v -8.7642 19.6858 30.9288
v -8.74229 19.568 30.8914
v -8.71681 19.4563 30.8398
v -8.68816 19.3526 30.775
v -8.65678 19.2585 30.698
v -8.62318 19.1755 30.61
v -8.58788 19.1048 30.5124
v -8.55144 19.0477 30.4067
v -8.51444 19.0049 30.2946
v -8.47745 18.9772 30.1778
v -8.44106 18.965 30.0582
v -8.40585 18.9685 29.9377
v -8.37237 18.9877 29.8182
v -8.34115 19.0222 29.7016
v -8.31268 19.0715 29.5896
v -8.28741 19.1348 29.4842
v -8.26574 19.2111 29.3868
v -8.24801 19.2993 29.2992
v -8.2345 19.3979 29.2226
v -8.22542 19.5053 29.1582
v -8.22092 19.62 29.1071
v -8.22106 19.74 29.0702
v -8.22585 19.8635 29.0478
v -8.23521 19.9885 29.0405
v -8.24899 20.1131 29.0483
v -8.26697 20.2352 29.0712
v -8.28888 20.3531 29.1086
v -4.62598 20.1575 30.2144
v -4.6216 20.2568 30.2911
v -4.62278 20.3466 30.379
v -4.62949 20.4252 30.4767
v -4.64163 20.4916 30.5826
v -4.65901 20.5446 30.6951
v -4.68135 20.5834 30.8124
v -4.70831 20.6075 30.9327
v -4.73945 20.6164 31.054
v -4.77429 20.61 31.1745
v -4.81227 20.5884 31.2922
v -4.85281 20.5519 31.4053
v -4.89525 20.5011 31.5121
v -4.93893 20.4368 31.6107
v -4.98315 20.3601 31.6997
v -5.02724 20.2721 31.7777
v -5.07047 20.1742 31.8434
v -5.11219 20.068 31.8959
v -5.15172 19.9551 31.9342
v -5.18845 19.8373 31.9577
v -5.22179 19.7166 31.9662
v -5.25122 19.5947 31.9594
v -5.27627 19.4736 31.9375
v -5.29655 19.3552 31.9008
v -5.31175 19.2414 31.8499
v -5.32161 19.134 31.7856
v -5.32599 19.0346 31.7089
v -5.32482 18.9449 31.621
v -5.31811 18.8663 31.5233
v -5.30597 18.7999 31.4174
v -5.28859 18.7469 31.3049
v -5.26624 18.708 31.1876
v -5.23929 18.684 31.0673
v -5.20814 18.6751 30.946
v -5.17331 18.6815 30.8255
v -5.13532 18.7031 30.7078
v -5.09479 18.7396 30.5947
v -5.05235 18.7904 30.4879
v -5.00867 18.8547 30.3893
v -4.96444 18.9314 30.3003
v -4.92036 19.0194 30.2223
v -4.87712 19.1173 30.1566
v -4.83541 19.2235 30.1041
v -4.79588 19.3364 30.0658
v -4.75915 19.4541 30.0423
v -4.72581 19.5749 30.0338
v -4.69638 19.6968 30.0406
v -4.67133 19.8179 30.0625
v -4.65104 19.9363 30.0992
v -4.63585 20.0501 30.1501
v -0.787463 18.5721 31.2553
v -0.759874 18.6607 31.3399
v -0.740106 18.7405 31.4349
v -0.72847 18.8101 31.5387
v -0.725152 18.8684 31.6499
v -0.730202 18.9146 31.7666
v -0.743541 18.9479 31.8869
v -0.764959 18.9677 32.0091
v -0.794118 18.9738 32.1311
v -0.830559 18.9661 32.251
v -0.873705 18.9447 32.367
v -0.922878 18.9099 32.4771
v -0.977301 18.8622 32.5798
v -1.03612 18.8025 32.6733
v -1.0984 18.7316 32.7562
v -1.16316 18.6508 32.8272
v -1.22938 18.5612 32.8851
v -1.29602 18.4642 32.9291
v -1.36203 18.3615 32.9584
v -1.42636 18.2546 32.9726
v -1.488 18.1452 32.9715
v -1.54598 18.035 32.955
v -1.59939 17.9258 32.9235
v -1.64737 17.8193 32.8774
v -1.68918 17.7172 32.8175
v -1.72416 17.621 32.7447
v -1.75175 17.5323 32.6601
v -1.77152 17.4526 32.5651
v -1.78315 17.383 32.4613
v -1.78647 17.3246 32.3501
v -1.78142 17.2785 32.2334
v -1.76808 17.2452 32.1131
v -1.74666 17.2253 31.9909
v -1.7175 17.2192 31.8689
v -1.68106 17.227 31.749
v -1.63792 17.2484 31.633
v -1.58874 17.2832 31.5229
v -1.53432 17.3309 31.4202
v -1.4755 17.3906 31.3267
v -1.41322 17.4614 31.2438
v -1.34846 17.5423 31.1728
v -1.28224 17.6319 31.1149
v -1.2156 17.7289 31.0709
v -1.14959 17.8316 31.0416
v -1.08526 17.9385 31.0274
v -1.02362 18.0479 31.0285
v -0.965637 18.1581 31.045
v -0.912234 18.2673 31.0765
v -0.864248 18.3738 31.1226
v -0.822439 18.4759 31.1825
v 3.0604 15.8335 32.2829
v 3.10254 15.911 32.3722
v 3.13527 15.9807 32.4714
v 3.15809 16.0414 32.5789
v 3.17064 16.0921 32.6931
v 3.17272 16.1321 32.8122
v 3.16429 16.1607 32.9342
v 3.1455 16.1775 33.0572
v 3.11662 16.1821 33.1793
v 3.07813 16.1746 33.2986
v 3.03063 16.1551 33.4132
v 2.97486 16.1238 33.5213
v 2.91171 16.0812 33.6211
v 2.84217 16.028 33.7112
v 2.76734 15.9652 33.79
v 2.6884 15.8935 33.8564
v 2.60659 15.8143 33.9093
v 2.52321 15.7286 33.9478
v 2.43956 15.638 33.9714
v 2.35698 15.5437 33.9797
v 2.27675 15.4474 33.9725
v 2.20015 15.3504 33.95
v 2.12839 15.2545 33.9125
v 2.06259 15.1609 33.8606
v 2.00379 15.0713 33.7951
v 1.95293 14.9871 33.7171
v 1.91079 14.9095 33.6278
v 1.87806 14.8398 33.5286
v 1.85524 14.7791 33.4211
v 1.84269 14.7284 33.3069
v 1.84061 14.6884 33.1878
v 1.84904 14.6598 33.0658
v 1.86783 14.643 32.9428
v 1.89671 14.6384 32.8207
v 1.9352 14.6459 32.7014
v 1.9827 14.6655 32.5868
v 2.03847 14.6968 32.4787
v 2.10162 14.7393 32.3789
v 2.17116 14.7925 32.2888
v 2.24599 14.8554 32.21
v 2.32493 14.927 32.1436
v 2.40674 15.0063 32.0907
v 2.49012 15.0919 32.0522
v 2.57377 15.1826 32.0286
v 2.65635 15.2768 32.0203
v 2.73658 15.3731 32.0275
v 2.81318 15.4701 32.05
v 2.88494 15.5661 32.0875
v 2.95074 15.6596 32.1394
v 3.00954 15.7492 32.2049
v 6.79345 12.1252 33.3018
v 6.84455 12.1934 33.394
v 6.88517 12.2547 33.4958
v 6.91468 12.3081 33.6056
v 6.93261 12.3528 33.7216
v 6.93867 12.3881 33.8419
v 6.93277 12.4134 33.9648
v 6.91501 12.4284 34.0882
v 6.88566 12.4327 34.2102
v 6.84519 12.4264 34.3289
v 6.79423 12.4094 34.4425
v 6.7336 12.3822 34.549
v 6.66423 12.3451 34.6469
v 6.58724 12.2987 34.7346
v 6.50383 12.2437 34.8107
v 6.41531 12.181 34.874
v 6.32309 12.1117 34.9235
v 6.22862 12.0367 34.9585
v 6.13339 11.9573 34.9784
v 6.0389 11.8747 34.9828
v 5.94664 11.7902 34.9717
v 5.85806 11.7052 34.9453
v 5.77457 11.6209 34.904
v 5.69748 11.5389 34.8484
v 5.628 11.4602 34.7795
v 5.56723 11.3862 34.6982
v 5.51613 11.318 34.606
v 5.47551 11.2567 34.5042
v 5.446 11.2033 34.3944
v 5.42807 11.1586 34.2784
v 5.42201 11.1233 34.1581
v 5.42791 11.098 34.0352
v 5.44567 11.083 33.9118
v 5.47502 11.0787 33.7898
v 5.51549 11.0851 33.6711
v 5.56645 11.102 33.5575
v 5.62708 11.1292 33.451
v 5.69645 11.1663 33.3531
v 5.77344 11.2127 33.2654
v 5.85685 11.2677 33.1893
v 5.94537 11.3304 33.126
v 6.03759 11.3997 33.0765
v 6.13206 11.4747 33.0415
v 6.22729 11.5542 33.0216
v 6.32178 11.6368 33.0172
v 6.41404 11.7212 33.0283
v 6.50262 11.8062 33.0547
v 6.58611 11.8905 33.096
v 6.6632 11.9726 33.1516
v 6.73268 12.0512 33.2205
v 10.2914 7.68069 34.316
v 10.3482 7.74135 34.4101
v 10.3937 7.79604 34.5136
v 10.4272 7.84389 34.6248
v 10.4482 7.88414 34.7419
v 10.4565 7.91617 34.863
v 10.4517 7.93947 34.9863
v 10.4341 7.95367 35.1099
v 10.4039 7.95854 35.2316
v 10.3615 7.95402 35.3498
v 10.3077 7.94017 35.4624
v 10.2433 7.9172 35.5677
v 10.1693 7.88549 35.6641
v 10.0869 7.84553 35.75
v 9.99734 7.79795 35.8241
v 9.90207 7.74351 35.8852
v 9.80259 7.68305 35.9323
v 9.70047 7.61754 35.9647
v 9.59732 7.54801 35.9819
v 9.49477 7.47555 35.9836
v 9.39443 7.40131 35.9698
v 9.29788 7.32646 35.9407
v 9.20665 7.25218 35.8968
v 9.12218 7.17963 35.8387
v 9.04579 7.10997 35.7675
v 8.9787 7.04429 35.684
v 8.92196 6.98363 35.5899
v 8.87647 6.92894 35.4864
v 8.84294 6.8811 35.3752
v 8.8219 6.84084 35.2581
v 8.81369 6.80881 35.137
v 8.81843 6.78551 35.0137
v 8.83605 6.77131 34.8901
v 8.86627 6.76644 34.7684
v 8.90861 6.77096 34.6502
v 8.96242 6.78482 34.5376
v 9.02683 6.80778 34.4323
v 9.10083 6.83949 34.3359
v 9.18326 6.87945 34.25
v 9.27281 6.92703 34.1759
v 9.36808 6.98148 34.1148
v 9.46755 7.04193 34.0677
v 9.56967 7.10744 34.0353
v 9.67282 7.17697 34.0181
v 9.77538 7.24943 34.0164
v 9.87572 7.32367 34.0302
v 9.97227 7.39852 34.0593
v 10.0635 7.47281 34.1032
v 10.148 7.54535 34.1613
v 10.2244 7.61501 34.2325
v 13.4389 2.77451 35.328
v 13.4993 2.82921 35.4236
v 13.5478 2.87882 35.5283
v 13.5838 2.92256 35.6404
v 13.6065 2.95975 35.7581
v 13.6157 2.98978 35.8797
v 13.6113 3.0122 36.0032
v 13.5932 3.02665 36.1266
v 13.5618 3.03289 36.2481
v 13.5176 3.03084 36.3656
v 13.4613 3.02052 36.4773
v 13.3937 3.00209 36.5816
v 13.316 2.97586 36.6766
v 13.2292 2.94222 36.761
v 13.135 2.90171 36.8334
v 13.0346 2.85498 36.8927
v 12.9297 2.80275 36.9378
v 12.8219 2.74585 36.9682
v 12.713 2.68518 36.9833
v 12.6047 2.6217 36.9829
v 12.4986 2.5564 36.967
v 12.3964 2.49031 36.9358
v 12.2999 2.42448 36.8899
v 12.2103 2.35995 36.83
v 12.1293 2.29774 36.757
v 12.058 2.23882 36.672
v 11.9977 2.18412 36.5764
v 11.9491 2.13451 36.4717
v 11.9132 2.09077 36.3596
v 11.8905 2.05358 36.2419
v 11.8812 2.02355 36.1203
v 11.8857 2.00113 35.9968
v 11.9037 1.98668 35.8734
v 11.9351 1.98044 35.7519
v 11.9793 1.98249 35.6344
v 12.0357 1.99281 35.5227
v 12.1033 2.01124 35.4184
v 12.181 2.03747 35.3234
v 12.2677 2.07111 35.239
v 12.362 2.11161 35.1666
v 12.4624 2.15835 35.1073
v 12.5673 2.21058 35.0622
v 12.675 2.26748 35.0318
v 12.7839 2.32815 35.0167
v 12.8923 2.39163 35.0171
v 12.9984 2.45693 35.033
v 13.1005 2.52302 35.0642
v 13.1971 2.58884 35.1101
v 13.2866 2.65337 35.17
v 13.3677 2.71559 35.243
v 16.1302 -2.29192 36.34
v 16.1929 -2.24197 36.4366
v 16.2433 -2.19618 36.5421
v 16.2806 -2.1553 36.6549
v 16.3041 -2.11995 36.773
v 16.3135 -2.09071 36.8948
v 16.3087 -2.06802 37.0182
v 16.2898 -2.05225 37.1414
v 16.2569 -2.04365 37.2623
v 16.2107 -2.04235 37.379
v 16.1519 -2.04837 37.4898
v 16.0814 -2.06162 37.5929
v 16.0003 -2.08189 37.6866
v 15.9099 -2.10886 37.7695
v 15.8116 -2.1421 37.8402
v 15.707 -2.18109 37.8977
v 15.5977 -2.22521 37.9411
v 15.4855 -2.27378 37.9696
v 15.372 -2.32601 37.9828
v 15.2592 -2.3811 37.9805
v 15.1487 -2.43816 37.9628
v 15.0424 -2.49631 37.9298
v 14.9419 -2.55462 37.8822
v 14.8488 -2.61217 37.8207
v 14.7645 -2.66806 37.7463
v 14.6904 -2.72141 37.66
v 14.6276 -2.77136 37.5634
v 14.5772 -2.81715 37.4579
v 14.54 -2.85803 37.3451
v 14.5164 -2.89338 37.227
v 14.507 -2.92262 37.1052
v 14.5118 -2.94531 36.9818
v 14.5308 -2.96108 36.8586
v 14.5636 -2.96968 36.7377
v 14.6098 -2.97098 36.621
v 14.6686 -2.96496 36.5102
v 14.7391 -2.95171 36.4071
v 14.8202 -2.93144 36.3134
v 14.9106 -2.90447 36.2305
v 15.0089 -2.87123 36.1598
v 15.1135 -2.83224 36.1023
v 15.2228 -2.78812 36.0589
v 15.3351 -2.73955 36.0304
v 15.4485 -2.68732 36.0172
v 15.5613 -2.63223 36.0195
v 15.6718 -2.57516 36.0372
v 15.7781 -2.51702 36.0702
v 15.8786 -2.45871 36.1178
v 15.9718 -2.40116 36.1793
v 16.0561 -2.34527 36.2537
v 18.2742 -7.21011 37.3541
v 18.3385 -7.16394 37.4516
v 18.3899 -7.1209 37.5578
v 18.4277 -7.08166 37.6709
v 18.4513 -7.04686 37.7893
v 18.4603 -7.01704 37.9109
v 18.4546 -6.99266 38.034
v 18.4342 -6.97412 38.1565
v 18.3996 -6.9617 38.2766
v 18.3511 -6.9556 38.3923
v 18.2896 -6.95592 38.5018
v 18.2161 -6.96265 38.6034
v 18.1317 -6.97568 38.6954
v 18.0378 -6.99482 38.7765
v 17.9358 -7.01975 38.8454
v 17.8273 -7.05009 38.9009
v 17.7141 -7.08536 38.9423
v 17.5979 -7.125 38.9687
v 17.4806 -7.16838 38.9799
v 17.364 -7.21482 38.9757
v 17.2499 -7.2636 38.956
v 17.1402 -7.31393 38.9213
v 17.0366 -7.36503 38.872
v 16.9408 -7.41608 38.809
v 16.8541 -7.4663 38.7332
v 16.7781 -7.51487 38.6459
v 16.7138 -7.56105 38.5484
v 16.6624 -7.60409 38.4422
v 16.6245 -7.64332 38.3291
v 16.6009 -7.67812 38.2107
v 16.5919 -7.70794 38.0891
v 16.5977 -7.73232 37.966
v 16.618 -7.75087 37.8435
v 16.6527 -7.76328 37.7234
v 16.7012 -7.76938 37.6077
v 16.7626 -7.76907 37.4982
v 16.8361 -7.76233 37.3966
v 16.9205 -7.7493 37.3046
v 17.0145 -7.73016 37.2235
v 17.1165 -7.70523 37.1546
v 17.225 -7.67489 37.0991
v 17.3382 -7.63962 37.0577
v 17.4544 -7.59998 37.0313
v 17.5717 -7.5566 37.0201
v 17.6883 -7.51016 37.0243
v 17.8023 -7.46139 37.044
v 17.912 -7.41105 37.0787
v 18.0156 -7.35996 37.128
v 18.1115 -7.3089 37.191
v 18.1981 -7.25869 37.2668
v 19.7986 -11.6873 38.3748
v 19.8637 -11.6441 38.4731
v 19.9156 -11.6027 38.5798
v 19.9533 -11.5637 38.693
v 19.9763 -11.5277 38.8111
v 19.9843 -11.4954 38.9322
v 19.977 -11.4671 39.0543
v 19.9547 -11.4434 39.1756
v 19.9177 -11.4246 39.2941
v 19.8665 -11.411 39.408
v 19.802 -11.4029 39.5155
v 19.7252 -11.4003 39.6148
v 19.6373 -11.4033 39.7044
v 19.5397 -11.4119 39.7829
v 19.4338 -11.4259 39.8491
v 19.3215 -11.4451 39.9018
v 19.2045 -11.4692 39.9404
v 19.0845 -11.4979 39.9641
v 18.9636 -11.5306 39.9726
v 18.8435 -11.5668 39.9658
v 18.7263 -11.606 39.9437
v 18.6137 -11.6476 39.9068
v 18.5075 -11.6909 39.8556
v 18.4094 -11.7352 39.7908
v 18.321 -11.7798 39.7136
v 18.2436 -11.8241 39.6252
v 18.1785 -11.8673 39.5269
v 18.1267 -11.9087 39.4202
v 18.089 -11.9477 39.307
v 18.066 -11.9837 39.1889
v 18.058 -12.016 39.0678
v 18.0652 -12.0443 38.9457
v 18.0875 -12.068 38.8244
v 18.1246 -12.0868 38.7059
v 18.1757 -12.1004 38.592
v 18.2402 -12.1085 38.4845
v 18.317 -12.1111 38.3852
v 18.405 -12.1081 38.2956
v 18.5026 -12.0995 38.2171
v 18.6084 -12.0855 38.1509
v 18.7207 -12.0663 38.0982
v 18.8378 -12.0422 38.0596
v 18.9578 -12.0135 38.0359
v 19.0787 -11.9808 38.0274
v 19.1988 -11.9446 38.0342
v 19.316 -11.9054 38.0563
v 19.4286 -11.8638 38.0932
v 19.5348 -11.8205 38.1444
v 19.6328 -11.7762 38.2092
v 19.7212 -11.7316 38.2864
v 20.6501 -15.4754 39.4142
v 20.7155 -15.4344 39.5133
v 20.7671 -15.3931 39.62
v 20.8042 -15.352 39.7328
v 20.826 -15.3119 39.8497
v 20.8324 -15.2733 39.9691
v 20.8231 -15.2369 40.0889
v 20.7984 -15.2032 40.2073
v 20.7586 -15.1728 40.3225
v 20.7043 -15.1461 40.4326
v 20.6365 -15.1236 40.5358
v 20.5561 -15.1056 40.6306
v 20.4645 -15.0924 40.7154
v 20.363 -15.0842 40.789
v 20.2534 -15.0812 40.8501
v 20.1372 -15.0834 40.8979
v 20.0164 -15.0907 40.9314
v 19.8929 -15.103 40.9503
v 19.7686 -15.1202 40.9542
v 19.6454 -15.142 40.943
v 19.5253 -15.168 40.917
v 19.4102 -15.1978 40.8765
v 19.302 -15.231 40.8222
v 19.2023 -15.267 40.7549
v 19.1126 -15.3053 40.6757
v 19.0345 -15.3452 40.5858
v 18.9691 -15.3861 40.4867
v 18.9175 -15.4274 40.38
v 18.8804 -15.4685 40.2672
v 18.8586 -15.5086 40.1503
v 18.8522 -15.5472 40.0309
v 18.8615 -15.5836 39.9111
v 18.8862 -15.6173 39.7927
v 18.926 -15.6477 39.6775
v 18.9802 -15.6744 39.5674
v 19.0481 -15.6969 39.4642
v 19.1285 -15.7149 39.3694
v 19.2201 -15.7281 39.2846
v 19.3216 -15.7363 39.211
v 19.4312 -15.7393 39.1499
v 19.5474 -15.7372 39.1021
v 19.6682 -15.7298 39.0686
v 19.7917 -15.7175 39.0497
v 19.916 -15.7003 39.0458
v 20.0392 -15.6785 39.057
v 20.1593 -15.6525 39.083
v 20.2743 -15.6227 39.1235
v 20.3826 -15.5895 39.1778
v 20.4823 -15.5535 39.2451
v 20.572 -15.5153 39.3243
v 20.776 -18.4153 40.5169
v 20.841 -18.3754 40.6167
v 20.8922 -18.3311 40.7225
v 20.9286 -18.2831 40.8326
v 20.9498 -18.2322 40.9455
v 20.9554 -18.1791 41.0592
v 20.9452 -18.1248 41.1719
v 20.9196 -18.07 41.2819
v 20.8788 -18.0156 41.3875
v 20.8236 -17.9625 41.487
v 20.7547 -17.9115 41.5788
v 20.6733 -17.8634 41.6615
v 20.5807 -17.819 41.7337
v 20.4783 -17.779 41.7944
v 20.3677 -17.7439 41.8425
v 20.2507 -17.7145 41.8774
v 20.1291 -17.691 41.8984
v 20.0049 -17.674 41.9053
v 19.88 -17.6636 41.8978
v 19.7563 -17.6601 41.8762
v 19.6359 -17.6634 41.8408
v 19.5206 -17.6736 41.7922
v 19.4122 -17.6904 41.731
v 19.3124 -17.7137 41.6583
v 19.2229 -17.7429 41.5752
v 19.145 -17.7778 41.4831
v 19.08 -17.8177 41.3833
v 19.0289 -17.862 41.2775
v 18.9925 -17.9099 41.1674
v 18.9713 -17.9609 41.0545
v 18.9657 -18.0139 40.9408
v 18.9758 -18.0683 40.8281
v 19.0015 -18.1231 40.7181
v 19.0422 -18.1775 40.6125
v 19.0975 -18.2306 40.513
v 19.1664 -18.2816 40.4212
v 19.2477 -18.3297 40.3385
v 19.3404 -18.3741 40.2663
v 19.4428 -18.4141 40.2056
v 19.5534 -18.4491 40.1575
v 19.6704 -18.4786 40.1226
v 19.7919 -18.502 40.1016
v 19.9162 -18.5191 40.0947
v 20.0411 -18.5294 40.1022
v 20.1648 -18.533 40.1238
v 20.2852 -18.5297 40.1592
v 20.4005 -18.5195 40.2078
v 20.5089 -18.5027 40.269
v 20.6086 -18.4794 40.3417
v 20.6981 -18.4501 40.4248
v 19.9834 -20.4219 41.8468
v 20.0482 -20.3802 41.946
v 20.1023 -20.327 42.046
v 20.1449 -20.263 42.1453
v 20.1753 -20.1893 42.2424
v 20.193 -20.107 42.3356
v 20.1978 -20.0175 42.4235
v 20.1895 -19.9221 42.5047
v 20.1684 -19.8223 42.578
v 20.1347 -19.7198 42.6421
v 20.0889 -19.616 42.6962
v 20.0319 -19.5128 42.7392
v 19.9644 -19.4116 42.7706
v 19.8876 -19.3142 42.7899
v 19.8026 -19.2219 42.7967
v 19.7109 -19.1364 42.7909
v 19.6138 -19.0589 42.7726
v 19.5129 -18.9906 42.7422
v 19.4097 -18.9327 42.7
v 19.306 -18.886 42.6469
v 19.2033 -18.8513 42.5835
v 19.1032 -18.8291 42.5109
v 19.0074 -18.8198 42.4303
v 18.9173 -18.8235 42.3428
v 18.8344 -18.8402 42.25
v 18.76 -18.8696 42.1532
v 18.6952 -18.9113 42.054
v 18.6411 -18.9645 41.954
v 18.5985 -19.0285 41.8547
v 18.5681 -19.1022 41.7576
v 18.5503 -19.1844 41.6644
v 18.5455 -19.274 41.5765
v 18.5538 -19.3694 41.4953
v 18.5749 -19.4692 41.422
v 18.6087 -19.5717 41.3579
v 18.6544 -19.6755 41.3038
v 18.7115 -19.7787 41.2608
v 18.7789 -19.8799 41.2294
v 18.8557 -19.9773 41.2101
v 18.9407 -20.0696 41.2033
v 19.0325 -20.1551 41.2091
v 19.1296 -20.2326 41.2274
v 19.2305 -20.3009 41.2578
v 19.3336 -20.3588 41.3
v 19.4374 -20.4055 41.3531
v 19.5401 -20.4402 41.4165
v 19.6401 -20.4624 41.4891
v 19.7359 -20.4717 41.5697
v 19.826 -20.468 41.6572
v 19.9089 -20.4513 41.75
v 18.1171 -20.9051 43.3278
v 18.1857 -20.8619 43.4237
v 18.2529 -20.8046 43.513
v 18.3176 -20.7339 43.5942
v 18.3788 -20.651 43.666
v 18.4355 -20.5573 43.7273
v 18.487 -20.4541 43.7771
v 18.5322 -20.3432 43.8147
v 18.5706 -20.2262 43.8394
v 18.6015 -20.105 43.8509
v 18.6245 -19.9816 43.849
v 18.6391 -19.8578 43.8337
v 18.6452 -19.7356 43.8052
v 18.6426 -19.617 43.7641
v 18.6314 -19.5038 43.7108
v 18.6118 -19.3978 43.6464
v 18.584 -19.3007 43.5718
v 18.5486 -19.214 43.4882
v 18.506 -19.139 43.3968
v 18.457 -19.0771 43.2992
v 18.4023 -19.029 43.1969
v 18.3427 -18.9956 43.0915
v 18.2793 -18.9775 42.9846
v 18.213 -18.9749 42.878
v 18.1449 -18.9878 42.7733
v 18.076 -19.016 42.6722
v 18.0074 -19.0592 42.5763
v 17.9402 -19.1165 42.487
v 17.8755 -19.1872 42.4058
v 17.8143 -19.27 42.334
v 17.7575 -19.3638 42.2727
v 17.7061 -19.467 42.2229
v 17.6608 -19.5779 42.1853
v 17.6225 -19.6949 42.1606
v 17.5915 -19.8161 42.1491
v 17.5686 -19.9395 42.151
v 17.554 -20.0633 42.1663
v 17.5479 -20.1855 42.1948
v 17.5505 -20.3041 42.2359
v 17.5617 -20.4173 42.2892
v 17.5813 -20.5233 42.3536
v 17.609 -20.6204 42.4282
v 17.6445 -20.7071 42.5118
v 17.6871 -20.782 42.6032
v 17.7361 -20.844 42.7008
v 17.7908 -20.8921 42.8031
v 17.8503 -20.9254 42.9085
v 17.9138 -20.9436 43.0154
v 17.9801 -20.9462 43.122
v 18.0482 -20.9333 43.2267
v 15.8581 -19.8167 44.513
v 15.9299 -19.7751 44.6072
v 16.0057 -19.7217 44.6919
v 16.0842 -19.6571 44.7657
v 16.1642 -19.5826 44.8274
v 16.2445 -19.4991 44.876
v 16.3238 -19.4082 44.9108
v 16.4008 -19.3111 44.9313
v 16.4743 -19.2095 44.9371
v 16.5432 -19.1049 44.9281
v 16.6064 -18.9989 44.9044
v 16.6629 -18.8934 44.8665
v 16.7117 -18.7898 44.8149
v 16.7522 -18.6899 44.7505
v 16.7836 -18.5952 44.6743
v 16.8056 -18.5072 44.5874
v 16.8176 -18.4274 44.4912
v 16.8197 -18.3569 44.3873
v 16.8116 -18.2968 44.2773
v 16.7936 -18.2482 44.1629
v 16.7659 -18.2118 44.046
v 16.729 -18.1882 43.9283
v 16.6834 -18.1776 43.8117
v 16.6299 -18.1804 43.6982
v 16.5693 -18.1965 43.5893
v 16.5026 -18.2255 43.487
v 16.4308 -18.2671 43.3928
v 16.355 -18.3206 43.3081
v 16.2765 -18.3851 43.2343
v 16.1965 -18.4597 43.1726
v 16.1162 -18.5431 43.124
v 16.0369 -18.6341 43.0892
v 15.9599 -18.7312 43.0687
v 15.8864 -18.8328 43.0629
v 15.8175 -18.9374 43.0719
v 15.7543 -19.0433 43.0956
v 15.6978 -19.1489 43.1335
v 15.649 -19.2525 43.1851
v 15.6085 -19.3524 43.2495
v 15.5771 -19.4471 43.3257
v 15.5551 -19.535 43.4126
v 15.543 -19.6149 43.5088
v 15.541 -19.6854 43.6127
v 15.5491 -19.7454 43.7227
v 15.5671 -19.794 43.8371
v 15.5948 -19.8305 43.954
v 15.6317 -19.8541 44.0717
v 15.6773 -19.8646 44.1883
v 15.7308 -19.8618 44.3018
v 15.7914 -19.8458 44.4107
v 13.2326 -17.5697 45.5685
v 13.306 -17.5296 45.6621
v 13.3856 -17.4793 45.7453
v 13.4699 -17.4196 45.8167
v 13.5577 -17.3515 45.8752
v 13.6476 -17.2762 45.92
v 13.7382 -17.1946 45.9502
v 13.8281 -17.1082 45.9654
v 13.9158 -17.0183 45.9654
v 13.9999 -16.9264 45.9502
v 14.0792 -16.8338 45.92
v 14.1524 -16.742 45.8753
v 14.2182 -16.6525 45.8168
v 14.2758 -16.5667 45.7454
v 14.3241 -16.486 45.6623
v 14.3625 -16.4116 45.5687
v 14.3903 -16.3446 45.4661
v 14.407 -16.2862 45.3562
v 14.4124 -16.2373 45.2407
v 14.4065 -16.1986 45.1213
v 14.3893 -16.1708 45.0001
v 14.361 -16.1542 44.8789
v 14.3222 -16.1492 44.7595
v 14.2735 -16.1559 44.644
v 14.2155 -16.174 44.5341
v 14.1493 -16.2034 44.4315
v 14.0759 -16.2436 44.3379
v 13.9963 -16.2939 44.2547
v 13.912 -16.3535 44.1833
v 13.8242 -16.4216 44.1248
v 13.7343 -16.497 44.08
v 13.6437 -16.5785 44.0498
v 13.5538 -16.6649 44.0346
v 13.4661 -16.7548 44.0346
v 13.382 -16.8467 44.0498
v 13.3027 -16.9393 44.08
v 13.2295 -17.0311 44.1247
v 13.1636 -17.1206 44.1832
v 13.1061 -17.2064 44.2546
v 13.0577 -17.2871 44.3377
v 13.0194 -17.3616 44.4313
v 12.9916 -17.4285 44.5339
v 12.9749 -17.4869 44.6438
v 12.9695 -17.5358 44.7593
v 12.9754 -17.5745 44.8787
v 12.9926 -17.6023 44.9999
v 13.0209 -17.6189 45.1211
v 13.0597 -17.6239 45.2405
v 13.1084 -17.6173 45.356
v 13.1664 -17.5991 45.4659
v 10.1956 -14.3082 46.5897
v 10.27 -14.269 46.683
v 10.3514 -14.2207 46.7655
v 10.4386 -14.1641 46.836
v 10.5301 -14.1 46.8933
v 10.6246 -14.0295 46.9365
v 10.7205 -13.9536 46.9649
v 10.8164 -13.8735 46.9781
v 10.9107 -13.7906 46.9759
v 11.0019 -13.7062 46.9583
v 11.0887 -13.6214 46.9256
v 11.1695 -13.5378 46.8783
v 11.2433 -13.4566 46.8171
v 11.3087 -13.3791 46.743
v 11.3648 -13.3065 46.6573
v 11.4106 -13.24 46.5611
v 11.4455 -13.1806 46.4562
v 11.4689 -13.1292 46.344
v 11.4805 -13.0867 46.2264
v 11.48 -13.0537 46.1052
v 11.4674 -13.0308 45.9824
v 11.4431 -13.0182 45.8598
v 11.4072 -13.0163 45.7395
v 11.3605 -13.0251 45.6232
v 11.3036 -13.0443 45.513
v 11.2374 -13.0737 45.4103
v 11.1631 -13.1129 45.317
v 11.0817 -13.1612 45.2345
v 10.9945 -13.2178 45.164
v 10.903 -13.2819 45.1067
v 10.8085 -13.3524 45.0635
v 10.7125 -13.4283 45.0351
v 10.6167 -13.5083 45.0219
v 10.5224 -13.5912 45.0241
v 10.4311 -13.6757 45.0417
v 10.3444 -13.7604 45.0744
v 10.2635 -13.8441 45.1217
v 10.1898 -13.9253 45.1829
v 10.1244 -14.0028 45.257
v 10.0683 -14.0754 45.3427
v 10.0225 -14.1419 45.4389
v 9.98755 -14.2013 45.5438
v 9.96414 -14.2527 45.656
v 9.95259 -14.2952 45.7736
v 9.95309 -14.3282 45.8948
v 9.96564 -14.3511 46.0176
v 9.99002 -14.3636 46.1402
v 10.0259 -14.3656 46.2605
v 10.0726 -14.3568 46.3768
v 10.1295 -14.3376 46.487
v 6.80983 -10.2144 47.5992
v 6.88473 -10.1759 47.6923
v 6.96716 -10.1288 47.7745
v 7.05583 -10.074 47.8446
v 7.14934 -10.0123 47.9013
v 7.2462 -9.94457 47.9438
v 7.3449 -9.872 47.9714
v 7.44388 -9.79569 47.9837
v 7.54157 -9.71685 47.9804
v 7.63644 -9.63672 47.9617
v 7.72699 -9.55656 47.9279
v 7.8118 -9.47764 47.8794
v 7.88951 -9.4012 47.817
v 7.95891 -9.32846 47.7418
v 8.01891 -9.26054 47.6549
v 8.06856 -9.19854 47.5576
v 8.10707 -9.14342 47.4515
v 8.13384 -9.09605 47.3383
v 8.14844 -9.05718 47.2198
v 8.15065 -9.02743 47.0978
v 8.14043 -9.00726 46.9743
v 8.11794 -8.99699 46.8512
v 8.08354 -8.99678 46.7304
v 8.03776 -9.00664 46.6139
v 7.98134 -9.02641 46.5035
v 7.91515 -9.05578 46.4008
v 7.84025 -9.09429 46.3077
v 7.75782 -9.14132 46.2255
v 7.66915 -9.19614 46.1554
v 7.57565 -9.25788 46.0987
v 7.47878 -9.32558 46.0562
v 7.38008 -9.39815 46.0286
v 7.2811 -9.47446 46.0163
v 7.18341 -9.5533 46.0196
v 7.08854 -9.63343 46.0383
v 6.99799 -9.71359 46.0721
v 6.91319 -9.79251 46.1206
v 6.83547 -9.86894 46.183
v 6.76607 -9.94169 46.2582
v 6.70607 -10.0096 46.3451
v 6.65642 -10.0716 46.4424
v 6.61791 -10.1267 46.5485
v 6.59114 -10.1741 46.6617
v 6.57654 -10.213 46.7802
v 6.57433 -10.2427 46.9022
v 6.58455 -10.2629 47.0257
v 6.60704 -10.2732 47.1488
v 6.64145 -10.2734 47.2696
v 6.68722 -10.2635 47.3861
v 6.74364 -10.2437 47.4965
v 3.17943 -5.53324 48.6035
v 3.25462 -5.49511 48.6965
v 3.33758 -5.44876 48.7786
v 3.42701 -5.39491 48.8484
v 3.52149 -5.33443 48.9049
v 3.61954 -5.26825 48.947
v 3.71962 -5.19744 48.9743
v 3.82013 -5.12309 48.9861
v 3.9195 -5.04639 48.9824
v 4.01616 -4.96855 48.9633
v 4.10858 -4.89079 48.9289
v 4.19532 -4.81434 48.8799
v 4.27499 -4.7404 48.817
v 4.34634 -4.67015 48.7412
v 4.40825 -4.60468 48.6537
v 4.45975 -4.54504 48.5559
v 4.50001 -4.49215 48.4494
v 4.52841 -4.44686 48.3357
v 4.5445 -4.40989 48.2168
v 4.54801 -4.3818 48.0945
v 4.53891 -4.36305 47.9706
v 4.51732 -4.35394 47.8472
v 4.4836 -4.35459 47.7263
v 4.43827 -4.36502 47.6096
v 4.38205 -4.38504 47.4991
v 4.31582 -4.41435 47.3965
v 4.24064 -4.45249 47.3035
v 4.15767 -4.49884 47.2214
v 4.06825 -4.55268 47.1516
v 3.97376 -4.61317 47.0951
v 3.87571 -4.67934 47.053
v 3.77564 -4.75016 47.0257
v 3.67512 -4.8245 47.0139
v 3.57575 -4.9012 47.0176
v 3.47909 -4.97904 47.0367
v 3.38667 -5.0568 47.0711
v 3.29994 -5.13326 47.1201
v 3.22027 -5.20719 47.183
v 3.14891 -5.27745 47.2588
v 3.087 -5.34291 47.3463
v 3.0355 -5.40256 47.4441
v 2.99524 -5.45544 47.5506
v 2.96684 -5.50073 47.6643
v 2.95076 -5.53771 47.7832
v 2.94724 -5.56579 47.9055
v 2.95634 -5.58454 48.0294
v 2.97793 -5.59366 48.1528
v 3.01165 -5.593 48.2737
v 3.05698 -5.58258 48.3904
v 3.1132 -5.56255 48.5009
v -0.572901 -0.553249 49.6047
v -0.497622 -0.515237 49.6978
v -0.414496 -0.4691 49.7798
v -0.324832 -0.415564 49.8496
v -0.230046 -0.355475 49.9059
v -0.131632 -0.28978 49.948
v -0.0311423 -0.219515 49.9751
v 0.0698388 -0.145788 49.9868
v 0.169719 -0.0697613 49.983
v 0.266922 0.00736513 49.9637
v 0.359915 0.0843754 49.9292
v 0.447233 0.160055 49.88
v 0.527497 0.233211 49.8169
v 0.599443 0.302688 49.741
v 0.661935 0.367392 49.6533
v 0.713987 0.426302 49.5554
v 0.75478 0.478489 49.4487
v 0.78367 0.52313 49.335
v 0.8002 0.559521 49.2159
v 0.804111 0.587088 49.0935
v 0.795341 0.605396 48.9695
v 0.774027 0.614157 48.8461
v 0.740507 0.613232 48.7251
v 0.695308 0.602636 48.6084
v 0.639144 0.582536 48.4979
v 0.572901 0.553249 48.3953
v 0.497622 0.515237 48.3022
v 0.414496 0.4691 48.2202
v 0.324832 0.415564 48.1504
v 0.230046 0.355475 48.0941
v 0.131632 0.28978 48.052
v 0.0311423 0.219515 48.0249
v -0.0698388 0.145788 48.0132
v -0.169719 0.0697613 48.017
v -0.266922 -0.00736513 48.0363
v -0.359915 -0.0843754 48.0708
v -0.447233 -0.160055 48.12
v -0.527497 -0.233211 48.1831
v -0.599443 -0.302688 48.259
v -0.661935 -0.367392 48.3467
v -0.713987 -0.426302 48.4446
v -0.75478 -0.478489 48.5513
v -0.78367 -0.52313 48.665
v -0.8002 -0.559521 48.7841
v -0.804111 -0.587088 48.9065
v -0.795341 -0.605396 49.0305
v -0.774027 -0.614157 49.1539
v -0.740507 -0.613232 49.2749
v -0.695308 -0.602636 49.3916
v -0.639144 -0.582536 49.5021
v -4.31583 4.41435 50.6035
v -4.24064 4.45248 50.6965
v -4.15768 4.49884 50.7786
v -4.06825 4.55268 50.8484
v -3.97376 4.61317 50.9049
v -3.87571 4.67934 50.947
v -3.77564 4.75016 50.9743
v -3.67513 4.8245 50.9861
v -3.57576 4.9012 50.9824
v -3.4791 4.97904 50.9633
v -3.38667 5.0568 50.9289
v -3.29994 5.13325 50.8799
v -3.22027 5.20719 50.817
v -3.14891 5.27744 50.7412
v -3.087 5.34291 50.6537
v -3.03551 5.40256 50.5559
v -2.99524 5.45544 50.4494
v -2.96684 5.50073 50.3357
v -2.95076 5.53771 50.2168
v -2.94724 5.56579 50.0945
v -2.95634 5.58454 49.9706
v -2.97793 5.59366 49.8472
v -3.01165 5.593 49.7263
v -3.05698 5.58258 49.6096
v -3.1132 5.56255 49.4991
v -3.17943 5.53324 49.3965
v -3.25461 5.49511 49.3035
v -3.33757 5.44876 49.2214
v -3.427 5.39491 49.1516
v -3.52149 5.33443 49.0951
v -3.61954 5.26826 49.053
v -3.71961 5.19744 49.0257
v -3.82012 5.1231 49.0139
v -3.91949 5.0464 49.0176
v -4.01615 4.96855 49.0367
v -4.10858 4.89079 49.0711
v -4.19531 4.81434 49.1201
v -4.27498 4.74041 49.183
v -4.34634 4.67015 49.2588
v -4.40825 4.60468 49.3463
v -4.45975 4.54504 49.4441
v -4.50001 4.49215 49.5506
v -4.52841 4.44687 49.6643
v -4.54449 4.40989 49.7832
v -4.54801 4.3818 49.9055
v -4.53891 4.36305 50.0294
v -4.51732 4.35394 50.1528
v -4.4836 4.35459 50.2737
v -4.43827 4.36502 50.3904
v -4.38205 4.38504 50.5009
v -7.91519 9.05577 51.5991
v -7.84029 9.09427 51.6923
v -7.75786 9.1413 51.7745
v -7.6692 9.19611 51.8445
v -7.57569 9.25785 51.9012
v -7.47883 9.32554 51.9437
v -7.38013 9.39811 51.9714
v -7.28115 9.47442 51.9837
v -7.18346 9.55326 51.9804
v -7.08858 9.63339 51.9618
v -6.99803 9.71355 51.9279
v -6.91323 9.79247 51.8794
v -6.83551 9.86891 51.8171
v -6.7661 9.94166 51.7418
v -6.7061 10.0096 51.6549
v -6.65645 10.0716 51.5576
v -6.61793 10.1267 51.4516
v -6.59115 10.1741 51.3384
v -6.57654 10.2129 51.2199
v -6.57433 10.2427 51.0979
v -6.58454 10.2629 50.9744
v -6.60703 10.2732 50.8512
v -6.64143 10.2734 50.7305
v -6.68719 10.2635 50.6139
v -6.74361 10.2437 50.5035
v -6.80979 10.2144 50.4009
v -6.88469 10.1759 50.3077
v -6.96712 10.1289 50.2255
v -7.05579 10.074 50.1555
v -7.14929 10.0123 50.0988
v -7.24615 9.94461 50.0563
v -7.34485 9.87204 50.0286
v -7.44383 9.79573 50.0163
v -7.54153 9.71689 50.0196
v -7.6364 9.63676 50.0382
v -7.72695 9.5566 50.0721
v -7.81175 9.47768 50.1206
v -7.88947 9.40124 50.1829
v -7.95888 9.32849 50.2582
v -8.01889 9.26058 50.3451
v -8.06854 9.19857 50.4424
v -8.10705 9.14344 50.5484
v -8.13383 9.09607 50.6616
v -8.14844 9.0572 50.7801
v -8.15065 9.02744 50.9021
v -8.14044 9.00727 51.0256
v -8.11795 8.99699 51.1488
v -8.08356 8.99678 51.2695
v -8.03779 9.00663 51.3861
v -7.98137 9.0264 51.4965
v -11.2376 13.0736 52.5895
v -11.1632 13.1128 52.6828
v -11.0818 13.1611 52.7654
v -10.9947 13.2177 52.8359
v -10.9031 13.2817 52.8932
v -10.8087 13.3523 52.9364
v -10.7127 13.4282 52.9648
v -10.6168 13.5082 52.9781
v -10.5225 13.5911 52.9759
v -10.4313 13.6756 52.9583
v -10.3446 13.7603 52.9256
v -10.2637 13.8439 52.8784
v -10.1899 13.9251 52.8172
v -10.1245 14.0026 52.7432
v -10.0684 14.0752 52.6575
v -10.0225 14.1418 52.5613
v -9.9876 14.2012 52.4564
v -9.96417 14.2526 52.3442
v -9.9526 14.2951 52.2266
v -9.95308 14.3281 52.1055
v -9.9656 14.3511 51.9826
v -9.98996 14.3636 51.8601
v -10.0258 14.3656 51.7397
v -10.0725 14.3569 51.6235
v -10.1294 14.3376 51.5132
v -10.1955 14.3082 51.4105
v -10.2698 14.2691 51.3172
v -10.3512 14.2208 51.2346
v -10.4384 14.1642 51.1641
v -10.5299 14.1001 51.1068
v -10.6244 14.0296 51.0636
v -10.7203 13.9537 51.0352
v -10.8162 13.8737 51.0219
v -10.9105 13.7908 51.0241
v -11.0018 13.7063 51.0417
v -11.0885 13.6216 51.0744
v -11.1694 13.538 51.1216
v -11.2431 13.4568 51.1828
v -11.3086 13.3792 51.2568
v -11.3647 13.3066 51.3425
v -11.4105 13.2401 51.4387
v -11.4455 13.1807 51.5436
v -11.4689 13.1293 51.6558
v -11.4805 13.0867 51.7734
v -11.48 13.0537 51.8945
v -11.4675 13.0308 52.0174
v -11.4431 13.0183 52.1399
v -11.4073 13.0163 52.2603
v -11.3606 13.025 52.3765
v -11.3037 13.0442 52.4868
v -14.1497 16.2032 53.5679
v -14.0763 16.2433 53.6616
v -13.9968 16.2935 53.7448
v -13.9125 16.3531 53.8163
v -13.8247 16.4212 53.8749
v -13.7348 16.4965 53.9197
v -13.6442 16.578 53.9501
v -13.5543 16.6644 53.9654
v -13.4666 16.7542 53.9655
v -13.3824 16.8462 53.9504
v -13.3031 16.9388 53.9203
v -13.2299 17.0306 53.8756
v -13.164 17.1201 53.8172
v -13.1064 17.2059 53.7459
v -13.058 17.2867 53.6628
v -13.0196 17.3611 53.5693
v -12.9918 17.4281 53.4667
v -12.975 17.4866 53.3569
v -12.9695 17.5356 53.2414
v -12.9753 17.5743 53.1221
v -12.9925 17.6022 53.0008
v -13.0207 17.6188 52.8796
v -13.0594 17.6239 52.7602
v -13.1081 17.6173 52.6447
v -13.166 17.5992 52.5347
v -13.2322 17.5699 52.4321
v -13.3056 17.5298 52.3384
v -13.3851 17.4796 52.2552
v -13.4694 17.42 52.1837
v -13.5572 17.352 52.1251
v -13.6471 17.2766 52.0803
v -13.7377 17.1951 52.0499
v -13.8276 17.1087 52.0346
v -13.9153 17.0189 52.0345
v -13.9995 16.9269 52.0496
v -14.0788 16.8343 52.0797
v -14.152 16.7425 52.1244
v -14.2179 16.653 52.1828
v -14.2755 16.5672 52.2541
v -14.3239 16.4864 52.3372
v -14.3623 16.412 52.4307
v -14.3901 16.345 52.5333
v -14.4069 16.2865 52.6431
v -14.4124 16.2376 52.7586
v -14.4066 16.1988 52.8779
v -14.3894 16.1709 52.9992
v -14.3612 16.1543 53.1204
v -14.3225 16.1492 53.2398
v -14.2738 16.1558 53.3553
v -14.2159 16.1739 53.4653
v -16.5036 18.225 54.5115
v -16.4319 18.2664 54.6059
v -16.3562 18.3197 54.6907
v -16.2777 18.3841 54.7647
v -16.1977 18.4585 54.8265
v -16.1174 18.5418 54.8754
v -16.0381 18.6327 54.9104
v -15.961 18.7296 54.9311
v -15.8874 18.8312 54.9371
v -15.8185 18.9358 54.9283
v -15.7552 19.0417 54.9049
v -15.6986 19.1473 54.8672
v -15.6497 19.2509 54.8158
v -15.6091 19.3509 54.7516
v -15.5775 19.4457 54.6755
v -15.5554 19.5337 54.5888
v -15.5432 19.6137 54.4927
v -15.541 19.6844 54.3889
v -15.5489 19.7446 54.279
v -15.5667 19.7934 54.1647
v -15.5943 19.83 54.0478
v -15.6311 19.8538 53.9301
v -15.6765 19.8646 53.8135
v -15.7299 19.862 53.6999
v -15.7904 19.8461 53.591
v -15.857 19.8173 53.4885
v -15.9288 19.7759 53.3941
v -16.0045 19.7226 53.3093
v -16.083 19.6582 53.2353
v -16.163 19.5838 53.1735
v -16.2433 19.5005 53.1246
v -16.3226 19.4096 53.0896
v -16.3996 19.3126 53.0689
v -16.4732 19.211 53.0629
v -16.5422 19.1065 53.0717
v -16.6055 19.0006 53.0951
v -16.6621 18.895 53.1328
v -16.711 18.7914 53.1842
v -16.7516 18.6914 53.2484
v -16.7832 18.5966 53.3245
v -16.8053 18.5085 53.4112
v -16.8175 18.4285 53.5073
v -16.8197 18.3579 53.6111
v -16.8118 18.2977 53.721
v -16.7939 18.2489 53.8353
v -16.7664 18.2123 53.9522
v -16.7296 18.1884 54.0699
v -16.6842 18.1777 54.1865
v -16.6308 18.1803 54.3001
v -16.5703 18.1961 54.409
v -18.0782 19.0149 55.3247
v -18.0096 19.0576 55.4208
v -17.9423 19.1145 55.5103
v -17.8775 19.1847 55.5918
v -17.8162 19.2672 55.6639
v -17.7593 19.3607 55.7255
v -17.7077 19.4635 55.7757
v -17.6622 19.5743 55.8137
v -17.6236 19.6911 55.8389
v -17.5924 19.8122 55.8508
v -17.5692 19.9356 55.8493
v -17.5543 20.0594 55.8344
v -17.5479 20.1816 55.8063
v -17.5503 20.3004 55.7656
v -17.5612 20.4138 55.7127
v -17.5805 20.52 55.6486
v -17.608 20.6174 55.5743
v -17.6433 20.7045 55.4909
v -17.6856 20.7798 55.3998
v -17.7344 20.8423 55.3024
v -17.789 20.8908 55.2002
v -17.8484 20.9246 55.0949
v -17.9117 20.9432 54.988
v -17.9779 20.9464 54.8814
v -18.046 20.934 54.7766
v -18.1149 20.9062 54.6753
v -18.1835 20.8635 54.5792
v -18.2507 20.8066 54.4897
v -18.3155 20.7363 54.4082
v -18.3769 20.6538 54.3361
v -18.4338 20.5604 54.2745
v -18.4854 20.4575 54.2243
v -18.5309 20.3468 54.1863
v -18.5695 20.23 54.1611
v -18.6007 20.1089 54.1492
v -18.6239 19.9855 54.1507
v -18.6388 19.8617 54.1656
v -18.6451 19.7395 54.1937
v -18.6428 19.6207 54.2344
v -18.6319 19.5073 54.2873
v -18.6125 19.4011 54.3514
v -18.585 19.3036 54.4257
v -18.5498 19.2166 54.5091
v -18.5075 19.1412 54.6002
v -18.4586 19.0788 54.6976
v -18.4041 19.0303 54.7998
v -18.3447 18.9965 54.9051
v -18.2814 18.9778 55.012
v -18.2152 18.9747 55.1186
v -18.1471 18.9871 55.2234
v -18.7582 18.8706 55.8493
v -18.6936 18.9125 55.9485
v -18.6398 18.966 56.0486
v -18.5975 19.0302 56.1479
v -18.5674 19.1042 56.2448
v -18.55 19.1867 56.3379
v -18.5456 19.2764 56.4256
v -18.5542 19.3719 56.5067
v -18.5757 19.4718 56.5797
v -18.6097 19.5744 56.6437
v -18.6557 19.6781 56.6974
v -18.7131 19.7813 56.7402
v -18.7808 19.8824 56.7713
v -18.8578 19.9798 56.7902
v -18.943 20.0719 56.7967
v -19.0349 20.1572 56.7906
v -19.1321 20.2345 56.772
v -19.2331 20.3025 56.7412
v -19.3363 20.3602 56.6988
v -19.44 20.4066 56.6454
v -19.5427 20.4409 56.5817
v -19.6426 20.4628 56.5089
v -19.7383 20.4718 56.4281
v -19.8282 20.4677 56.3405
v -19.911 20.4507 56.2476
v -19.9852 20.4209 56.1507
v -20.0497 20.379 56.0515
v -20.1035 20.3255 55.9514
v -20.1458 20.2612 55.8521
v -20.1759 20.1873 55.7552
v -20.1933 20.1048 55.6621
v -20.1977 20.0151 55.5744
v -20.1891 19.9196 55.4933
v -20.1677 19.8197 55.4203
v -20.1336 19.7171 55.3563
v -20.0876 19.6134 55.3026
v -20.0303 19.5101 55.2598
v -19.9625 19.4091 55.2287
v -19.8855 19.3117 55.2098
v -19.8003 19.2196 55.2033
v -19.7084 19.1343 55.2094
v -19.6112 19.057 55.228
v -19.5102 18.989 55.2588
v -19.407 18.9313 55.3012
v -19.3033 18.8849 55.3546
v -19.2006 18.8505 55.4183
v -19.1007 18.8287 55.4911
v -19.005 18.8197 55.5719
v -18.9151 18.8238 55.6595
v -18.8324 18.8408 55.7524
v -19.1351 17.7831 56.5305
v -19.0719 17.8237 56.6313
v -19.0228 17.8685 56.7378
v -18.9885 17.917 56.8485
v -18.9695 17.9682 56.9615
v -18.9662 18.0215 57.0752
v -18.9785 18.076 57.1876
v -19.0063 18.1308 57.2972
v -19.0492 18.1851 57.402
v -19.1064 18.238 57.5005
v -19.1771 18.2886 57.5911
v -19.2602 18.3362 57.6723
v -19.3543 18.38 57.743
v -19.4579 18.4194 57.802
v -19.5695 18.4537 57.8483
v -19.6873 18.4823 57.8812
v -19.8093 18.5048 57.9002
v -19.9338 18.5209 57.9051
v -20.0587 18.5304 57.8956
v -20.182 18.5329 57.8721
v -20.3018 18.5286 57.8348
v -20.4163 18.5175 57.7843
v -20.5235 18.4998 57.7214
v -20.6219 18.4756 57.6472
v -20.7099 18.4455 57.5628
v -20.786 18.4099 57.4695
v -20.8491 18.3694 57.3687
v -20.8982 18.3245 57.2622
v -20.9325 18.2761 57.1515
v -20.9515 18.2248 57.0385
v -20.9549 18.1715 56.9248
v -20.9426 18.1171 56.8124
v -20.9147 18.0623 56.7028
v -20.8719 18.008 56.598
v -20.8147 17.9551 56.4995
v -20.744 17.9045 56.4089
v -20.6609 17.8569 56.3277
v -20.5668 17.8131 56.257
v -20.4631 17.7737 56.198
v -20.3515 17.7394 56.1517
v -20.2338 17.7108 56.1188
v -20.1117 17.6882 56.0998
v -19.9873 17.6721 56.0949
v -19.8624 17.6627 56.1044
v -19.7391 17.6601 56.1279
v -19.6192 17.6644 56.1652
v -19.5048 17.6756 56.2157
v -19.3975 17.6933 56.2786
v -19.2992 17.7174 56.3528
v -19.2112 17.7475 56.4372
v -19.0207 15.3531 57.4328
v -18.9579 15.3941 57.5335
v -18.9091 15.4355 57.6416
v -18.875 15.4764 57.7553
v -18.8561 15.5163 57.8729
v -18.8528 15.5545 57.9924
v -18.8651 15.5904 58.1121
v -18.8928 15.6235 58.2301
v -18.9354 15.6532 58.3444
v -18.9924 15.6791 58.4532
v -19.0628 15.7008 58.555
v -19.1455 15.7179 58.6479
v -19.2391 15.7301 58.7307
v -19.3423 15.7373 58.8019
v -19.4534 15.7393 58.8605
v -19.5706 15.7361 58.9055
v -19.692 15.7278 58.9363
v -19.8159 15.7145 58.9522
v -19.9402 15.6964 58.9532
v -20.0629 15.6738 58.9391
v -20.1821 15.647 58.9102
v -20.296 15.6165 58.867
v -20.4027 15.5827 58.81
v -20.5006 15.5462 58.7403
v -20.5881 15.5076 58.659
v -20.6639 15.4675 58.5672
v -20.7267 15.4264 58.4665
v -20.7755 15.3851 58.3584
v -20.8096 15.3441 58.2447
v -20.8285 15.3043 58.1271
v -20.8318 15.2661 58.0076
v -20.8195 15.2301 57.8879
v -20.7918 15.197 57.7699
v -20.7491 15.1673 57.6556
v -20.6922 15.1414 57.5468
v -20.6218 15.1197 57.445
v -20.5391 15.1027 57.3521
v -20.4454 15.0904 57.2693
v -20.3423 15.0833 57.1981
v -20.2312 15.0812 57.1395
v -20.114 15.0844 57.0945
v -19.9925 15.0927 57.0637
v -19.8687 15.106 57.0478
v -19.7444 15.1241 57.0468
v -19.6217 15.1467 57.0609
v -19.5025 15.1735 57.0898
v -19.3886 15.204 57.133
v -19.2819 15.2378 57.19
v -19.184 15.2743 57.2597
v -19.0965 15.3129 57.341
v -18.2279 11.8339 58.3961
v -18.1657 11.8767 58.4964
v -18.117 11.9177 58.6047
v -18.0825 11.956 58.7192
v -18.0629 11.9913 58.8381
v -18.0583 12.0228 58.9596
v -18.0689 12.0501 59.0817
v -18.0946 12.0727 59.2025
v -18.1348 12.0903 59.3202
v -18.1891 12.1027 59.4327
v -18.2564 12.1096 59.5385
v -18.3359 12.1109 59.6358
v -18.4261 12.1066 59.723
v -18.5257 12.0968 59.7989
v -18.6331 12.0816 59.8621
v -18.7467 12.0613 59.9117
v -18.8645 12.0361 59.947
v -18.9849 12.0065 59.9673
v -19.1058 11.973 59.9724
v -19.2254 11.936 59.9622
v -19.3417 11.8962 59.9367
v -19.453 11.8542 59.8965
v -19.5575 11.8106 59.8422
v -19.6535 11.7662 59.7746
v -19.7396 11.7216 59.6947
v -19.8143 11.6775 59.6039
v -19.8765 11.6347 59.5036
v -19.9253 11.5937 59.3953
v -19.9597 11.5554 59.2808
v -19.9794 11.5201 59.1619
v -19.984 11.4886 59.0404
v -19.9733 11.4614 58.9183
v -19.9477 11.4387 58.7975
v -19.9074 11.4211 58.6798
v -19.8532 11.4087 58.5673
v -19.7858 11.4018 58.4615
v -19.7064 11.4005 58.3642
v -19.6162 11.4048 58.277
v -19.5166 11.4146 58.2011
v -19.4091 11.4298 58.1379
v -19.2956 11.4501 58.0883
v -19.1777 11.4753 58.053
v -19.0574 11.5049 58.0327
v -18.9365 11.5384 58.0276
v -18.8169 11.5754 58.0378
v -18.7005 11.6152 58.0633
v -18.5892 11.6572 58.1035
v -18.4847 11.7008 58.1578
v -18.3887 11.7452 58.2254
v -18.3027 11.7898 58.3053
v -16.7611 7.5265 59.3772
v -16.6999 7.57196 59.477
v -16.6518 7.61413 59.5851
v -16.6174 7.65232 59.6997
v -16.5974 7.68595 59.819
v -16.592 7.71447 59.9412
v -16.6013 7.73744 60.0643
v -16.6253 7.7545 60.1864
v -16.6634 7.76538 60.3055
v -16.7151 7.7699 60.4199
v -16.7797 7.768 60.5276
v -16.856 7.7597 60.627
v -16.9428 7.74514 60.7165
v -17.0389 7.72455 60.7947
v -17.1427 7.69824 60.8604
v -17.2525 7.66664 60.9125
v -17.3666 7.63024 60.9502
v -17.4832 7.58962 60.9729
v -17.6005 7.54542 60.9803
v -17.7167 7.49833 60.9722
v -17.8298 7.4491 60.9488
v -17.9382 7.39851 60.9105
v -18.04 7.34734 60.8577
v -18.1338 7.29642 60.7915
v -18.2179 7.24654 60.7127
v -18.2912 7.19848 60.6228
v -18.3523 7.15302 60.523
v -18.4005 7.11085 60.4149
v -18.4349 7.07266 60.3003
v -18.4549 7.03903 60.181
v -18.4603 7.01051 60.0588
v -18.4509 6.98754 59.9357
v -18.427 6.97048 59.8136
v -18.3889 6.9596 59.6945
v -18.3371 6.95508 59.5801
v -18.2726 6.95698 59.4724
v -18.1963 6.96528 59.373
v -18.1094 6.97984 59.2835
v -18.0133 7.00044 59.2053
v -17.9096 7.02674 59.1396
v -17.7998 7.05834 59.0875
v -17.6857 7.09474 59.0498
v -17.569 7.13536 59.0271
v -17.4517 7.17956 59.0197
v -17.3356 7.22665 59.0278
v -17.2224 7.27588 59.0512
v -17.1141 7.32647 59.0895
v -17.0123 7.37764 59.1423
v -16.9185 7.42856 59.2085
v -16.8344 7.47844 59.2873
v -14.6725 2.7351 60.3648
v -14.6129 2.78402 60.464
v -14.566 2.82856 60.5716
v -14.5323 2.86803 60.6859
v -14.5125 2.9018 60.8053
v -14.5069 2.92933 60.9277
v -14.5155 2.95021 61.0512
v -14.5382 2.96408 61.1739
v -14.5747 2.97074 61.2939
v -14.6243 2.97009 61.4093
v -14.6863 2.96212 61.5181
v -14.7598 2.94698 61.6189
v -14.8435 2.92488 61.7098
v -14.9362 2.8962 61.7896
v -15.0363 2.86137 61.8569
v -15.1423 2.82094 61.9107
v -15.2526 2.77556 61.9502
v -15.3653 2.72594 61.9746
v -15.4787 2.67286 61.9837
v -15.5911 2.61716 61.9773
v -15.7006 2.55972 61.9554
v -15.8056 2.50144 61.9185
v -15.9043 2.44324 61.8671
v -15.9952 2.38604 61.8021
v -16.0769 2.33075 61.7244
v -16.148 2.27823 61.6352
v -16.2076 2.22931 61.536
v -16.2546 2.18477 61.4284
v -16.2882 2.1453 61.3141
v -16.308 2.11153 61.1947
v -16.3137 2.08399 61.0723
v -16.3051 2.06312 60.9488
v -16.2823 2.04925 60.8261
v -16.2459 2.04258 60.7061
v -16.1962 2.04324 60.5907
v -16.1342 2.05121 60.4819
v -16.0607 2.06635 60.3811
v -15.977 2.08844 60.2902
v -15.8844 2.11713 60.2104
v -15.7842 2.15196 60.1431
v -15.6782 2.19239 60.0893
v -15.568 2.23777 60.0498
v -15.4552 2.28739 60.0254
v -15.3418 2.34047 60.0163
v -15.2294 2.39617 60.0227
v -15.1199 2.45361 60.0446
v -15.015 2.51189 60.0815
v -14.9163 2.57009 60.1329
v -14.8253 2.62728 60.1979
v -14.7437 2.68258 60.2756
v -12.0394 -2.22249 61.3547
v -11.9824 -2.16919 61.453
v -11.9374 -2.1212 61.56
v -11.9052 -2.07929 61.674
v -11.8864 -2.04412 61.793
v -11.8811 -2.01625 61.9154
v -11.8895 -1.99611 62.039
v -11.9115 -1.98402 62.1621
v -11.9466 -1.98018 62.2826
v -11.9944 -1.98464 62.3986
v -12.0541 -1.99733 62.5084
v -12.1248 -2.01805 62.6101
v -12.2053 -2.04648 62.7022
v -12.2943 -2.08216 62.7833
v -12.3905 -2.12455 62.852
v -12.4924 -2.17295 62.9072
v -12.5983 -2.22662 62.9482
v -12.7065 -2.28471 62.9742
v -12.8155 -2.3463 62.9848
v -12.9233 -2.41041 62.9799
v -13.0284 -2.47605 62.9595
v -13.1291 -2.54216 62.924
v -13.2238 -2.60772 62.874
v -13.311 -2.67168 62.8101
v -13.3894 -2.73304 62.7335
v -13.4576 -2.79083 62.6453
v -13.5146 -2.84414 62.547
v -13.5596 -2.89213 62.44
v -13.5917 -2.93404 62.326
v -13.6106 -2.96921 62.207
v -13.6159 -2.99708 62.0846
v -13.6074 -3.01722 61.961
v -13.5855 -3.02931 61.8379
v -13.5503 -3.03315 61.7174
v -13.5025 -3.02869 61.6014
v -13.4428 -3.016 61.4916
v -13.3722 -2.99528 61.3899
v -13.2917 -2.96685 61.2978
v -13.2026 -2.93116 61.2167
v -13.1064 -2.88878 61.148
v -13.0046 -2.84038 61.0928
v -12.8987 -2.78671 61.0518
v -12.7904 -2.72862 61.0258
v -12.6815 -2.66703 61.0152
v -12.5736 -2.60292 61.0201
v -12.4685 -2.53728 61.0405
v -12.3678 -2.47117 61.076
v -12.2731 -2.40561 61.126
v -12.1859 -2.34165 61.1899
v -12.1076 -2.28029 61.2665
v -8.95939 -7.02431 62.345
v -8.90616 -6.96546 62.4423
v -8.86442 -6.91287 62.5484
v -8.83484 -6.86737 62.6617
v -8.81787 -6.82968 62.7802
v -8.81379 -6.80039 62.9023
v -8.82267 -6.77997 63.0259
v -8.84436 -6.76874 63.1491
v -8.87851 -6.76686 63.2699
v -8.9246 -6.77438 63.3865
v -8.9819 -6.79118 63.497
v -9.04949 -6.81699 63.5996
v -9.12632 -6.8514 63.6928
v -9.21117 -6.89387 63.775
v -9.30271 -6.94372 63.8451
v -9.39949 -7.00019 63.9018
v -9.49998 -7.06237 63.9443
v -9.60261 -7.12928 63.9719
v -9.70575 -7.19987 63.9842
v -9.80777 -7.27302 63.9809
v -9.90707 -7.34758 63.9622
v -10.0021 -7.42238 63.9283
v -10.0913 -7.49624 63.8798
v -10.1733 -7.56798 63.8173
v -10.2469 -7.63649 63.742
v -10.3108 -7.70067 63.655
v -10.364 -7.75952 63.5577
v -10.4057 -7.81211 63.4516
v -10.4353 -7.85761 63.3383
v -10.4523 -7.8953 63.2198
v -10.4564 -7.92459 63.0977
v -10.4475 -7.94501 62.9741
v -10.4258 -7.95625 62.8509
v -10.3916 -7.95812 62.7301
v -10.3455 -7.9506 62.6135
v -10.2883 -7.9338 62.503
v -10.2207 -7.908 62.4004
v -10.1438 -7.87359 62.3072
v -10.059 -7.83112 62.225
v -9.96744 -7.78126 62.1549
v -9.87066 -7.72479 62.0982
v -9.77016 -7.66262 62.0557
v -9.66754 -7.5957 62.0281
v -9.5644 -7.52512 62.0158
v -9.46238 -7.45196 62.0191
v -9.36308 -7.3774 62.0378
v -9.26807 -7.3026 62.0717
v -9.17885 -7.22874 62.1202
v -9.09682 -7.157 62.1827
v -9.02328 -7.08849 62.258
v -5.54746 -11.3606 63.3342
v -5.50009 -11.2948 63.4301
v -5.46345 -11.2363 63.535
v -5.43811 -11.186 63.6472
v -5.42448 -11.1446 63.765
v -5.42277 -11.1129 63.8865
v -5.43301 -11.0913 64.0098
v -5.45503 -11.0802 64.1329
v -5.4885 -11.0798 64.2539
v -5.53287 -11.09 64.371
v -5.58745 -11.1107 64.4822
v -5.65139 -11.1416 64.5857
v -5.72366 -11.1822 64.6801
v -5.80314 -11.2318 64.7637
v -5.88856 -11.2897 64.8353
v -5.97859 -11.3549 64.8937
v -6.0718 -11.4265 64.938
v -6.16672 -11.5032 64.9675
v -6.26186 -11.5839 64.9818
v -6.35571 -11.6674 64.9805
v -6.44679 -11.7522 64.9638
v -6.53368 -11.8371 64.932
v -6.61499 -11.9207 64.8854
v -6.68944 -12.0017 64.8248
v -6.75587 -12.0788 64.7513
v -6.81322 -12.1508 64.6658
v -6.86059 -12.2166 64.5699
v -6.89723 -12.2751 64.465
v -6.92257 -12.3255 64.3528
v -6.9362 -12.3668 64.235
v -6.93791 -12.3985 64.1135
v -6.92767 -12.4201 63.9902
v -6.90565 -12.4312 63.8671
v -6.87218 -12.4316 63.7461
v -6.82781 -12.4214 63.629
v -6.77323 -12.4007 63.5178
v -6.70929 -12.3698 63.4143
v -6.63702 -12.3292 63.3199
v -6.55754 -12.2796 63.2363
v -6.47212 -12.2217 63.1647
v -6.38209 -12.1565 63.1063
v -6.28888 -12.0849 63.062
v -6.19396 -12.0082 63.0325
v -6.09882 -11.9275 63.0182
v -6.00497 -11.844 63.0195
v -5.91389 -11.7592 63.0362
v -5.827 -11.6743 63.068
v -5.74569 -11.5907 63.1146
v -5.67124 -11.5097 63.1752
v -5.60481 -11.4326 63.2487
v -1.93335 -14.9522 64.3207
v -1.89526 -14.8779 64.4145
v -1.86681 -14.812 64.5176
v -1.84846 -14.7556 64.6283
v -1.84048 -14.7095 64.7448
v -1.84301 -14.6744 64.8654
v -1.85601 -14.651 64.988
v -1.87927 -14.6395 65.1109
v -1.91242 -14.6402 65.232
v -1.95494 -14.653 65.3495
v -2.00617 -14.6778 65.4615
v -2.06529 -14.7141 65.5661
v -2.13136 -14.7614 65.6619
v -2.20336 -14.8189 65.7472
v -2.28014 -14.8857 65.8207
v -2.3605 -14.9609 65.8813
v -2.44315 -15.0431 65.928
v -2.52681 -15.1311 65.96
v -2.61016 -15.2235 65.9769
v -2.69187 -15.3188 65.9784
v -2.77066 -15.4156 65.9645
v -2.84528 -15.5123 65.9354
v -2.91457 -15.6074 65.8915
v -2.97742 -15.6994 65.8335
v -3.03285 -15.7869 65.7624
v -3.07998 -15.8683 65.6793
v -3.11807 -15.9426 65.5855
v -3.14652 -16.0085 65.4824
v -3.16487 -16.0649 65.3717
v -3.17285 -16.111 65.2552
v -3.17032 -16.1461 65.1346
v -3.15732 -16.1695 65.012
v -3.13406 -16.181 64.8891
v -3.10091 -16.1803 64.768
v -3.05839 -16.1675 64.6505
v -3.00716 -16.1428 64.5385
v -2.94804 -16.1065 64.4339
v -2.88197 -16.0592 64.3381
v -2.80997 -16.0016 64.2528
v -2.73319 -15.9348 64.1793
v -2.65283 -15.8597 64.1187
v -2.57018 -15.7774 64.072
v -2.48652 -15.6894 64.04
v -2.40317 -15.597 64.0231
v -2.32146 -15.5017 64.0216
v -2.24267 -15.4049 64.0355
v -2.16805 -15.3082 64.0646
v -2.09876 -15.2131 64.1085
v -2.03591 -15.1211 64.1665
v -1.98048 -15.0337 64.2376
v 1.74086 -17.5693 65.3023
v 1.76403 -17.4856 65.393
v 1.77918 -17.4115 65.4933
v 1.78607 -17.3482 65.6015
v 1.7846 -17.2967 65.716
v 1.7748 -17.2578 65.835
v 1.75681 -17.2322 65.9567
v 1.73091 -17.2202 66.079
v 1.69753 -17.222 66.2
v 1.65718 -17.2376 66.3179
v 1.6105 -17.2667 66.4308
v 1.55822 -17.3089 66.5369
v 1.50118 -17.3636 66.6345
v 1.44026 -17.4298 66.7221
v 1.37644 -17.5065 66.7983
v 1.31072 -17.5926 66.862
v 1.24412 -17.6865 66.912
v 1.17772 -17.787 66.9477
v 1.11254 -17.8923 66.9684
v 1.04963 -18.0008 66.9738
v 0.989964 -18.1109 66.9639
v 0.934492 -18.2207 66.9388
v 0.884088 -18.3286 66.8989
v 0.839547 -18.4328 66.8448
v 0.80157 -18.5317 66.7774
v 0.770756 -18.6238 66.6977
v 0.747593 -18.7075 66.607
v 0.732444 -18.7816 66.5067
v 0.725549 -18.8449 66.3985
v 0.727016 -18.8964 66.284
v 0.736823 -18.9353 66.165
v 0.754815 -18.9609 66.0433
v 0.780707 -18.9729 65.921
v 0.814093 -18.9711 65.8
v 0.854444 -18.9555 65.6821
v 0.901125 -18.9264 65.5692
v 0.9534 -18.8841 65.4631
v 1.01044 -18.8295 65.3655
v 1.07136 -18.7633 65.2779
v 1.13518 -18.6866 65.2017
v 1.20091 -18.6005 65.138
v 1.2675 -18.5066 65.088
v 1.3339 -18.4061 65.0523
v 1.39908 -18.3008 65.0316
v 1.46199 -18.1922 65.0262
v 1.52166 -18.0822 65.0361
v 1.57713 -17.9723 65.0612
v 1.62753 -17.8645 65.1011
v 1.67207 -17.7603 65.1552
v 1.71005 -17.6614 65.2226
v 5.3256 -19.0522 66.2761
v 5.32545 -18.9606 66.3621
v 5.31975 -18.8798 66.458
v 5.3086 -18.8111 66.5626
v 5.29216 -18.7556 66.674
v 5.27071 -18.7141 66.7906
v 5.24457 -18.6873 66.9104
v 5.21416 -18.6756 67.0317
v 5.17996 -18.6792 67.1525
v 5.14251 -18.698 67.2709
v 5.1024 -18.7318 67.385
v 5.06026 -18.78 67.493
v 5.01676 -18.8419 67.5933
v 4.97258 -18.9164 67.6842
v 4.92842 -19.0025 67.7643
v 4.88497 -19.0986 67.8323
v 4.84293 -19.2034 67.8873
v 4.80295 -19.3152 67.9282
v 4.76566 -19.4322 67.9545
v 4.73166 -19.5526 67.9658
v 4.70147 -19.6744 67.9618
v 4.67558 -19.7958 67.9426
v 4.65439 -19.9148 67.9086
v 4.63825 -20.0296 67.8603
v 4.62739 -20.1383 67.7984
v 4.62199 -20.2393 67.7239
v 4.62215 -20.3309 67.6379
v 4.62784 -20.4116 67.542
v 4.639 -20.4803 67.4374
v 4.65543 -20.5359 67.326
v 4.67689 -20.5774 67.2094
v 4.70303 -20.6042 67.0896
v 4.73344 -20.6159 66.9683
v 4.76764 -20.6123 66.8475
v 4.80509 -20.5935 66.7291
v 4.8452 -20.5597 66.615
v 4.88734 -20.5115 66.507
v 4.93084 -20.4496 66.4067
v 4.97502 -20.3751 66.3158
v 5.01918 -20.289 66.2357
v 5.06262 -20.1929 66.1677
v 5.10467 -20.088 66.1127
v 5.14465 -19.9763 66.0718
v 5.18194 -19.8593 66.0455
v 5.21594 -19.7389 66.0342
v 5.24612 -19.6171 66.0382
v 5.27201 -19.4957 66.0574
v 5.2932 -19.3767 66.0914
v 5.30935 -19.2619 66.1397
v 5.32021 -19.1532 66.2016
v 8.68177 -19.332 67.2402
v 8.64988 -19.2401 67.3196
v 8.61588 -19.1596 67.4098
v 8.58029 -19.0917 67.5092
v 8.54368 -19.0374 67.6164
v 8.50663 -18.9978 67.7297
v 8.46973 -18.9733 67.8472
v 8.43354 -18.9644 67.9671
v 8.39865 -18.9713 68.0876
v 8.3656 -18.9937 68.2066
v 8.33492 -19.0313 68.3224
v 8.30709 -19.0837 68.4332
v 8.28254 -19.1498 68.537
v 8.26167 -19.2287 68.6325
v 8.24481 -19.3192 68.7179
v 8.23221 -19.4198 68.792
v 8.22409 -19.5289 68.8537
v 8.22056 -19.6448 68.9018
v 8.22168 -19.7657 68.9358
v 8.22744 -19.8897 68.955
v 8.23775 -20.0148 68.9591
v 8.25243 -20.139 68.9481
v 8.27127 -20.2605 68.9221
v 8.29395 -20.3771 68.8817
v 8.32014 -20.4873 68.8273
v 8.3494 -20.5891 68.7598
v 8.38129 -20.681 68.6804
v 8.41529 -20.7615 68.5902
v 8.45088 -20.8294 68.4908
v 8.48749 -20.8836 68.3836
v 8.52454 -20.9233 68.2703
v 8.56145 -20.9477 68.1528
v 8.59763 -20.9566 68.0329
v 8.63252 -20.9498 67.9124
v 8.66557 -20.9274 67.7934
v 8.69625 -20.8897 67.6776
v 8.72408 -20.8374 67.5668
v 8.74863 -20.7713 67.463
v 8.7695 -20.6923 67.3675
v 8.78636 -20.6019 67.2821
v 8.79896 -20.5013 67.208
v 8.80708 -20.3922 67.1463
v 8.81061 -20.2762 67.0982
v 8.80949 -20.1553 67.0642
v 8.80373 -20.0314 67.045
v 8.79343 -19.9063 67.0409
v 8.77874 -19.782 67.0519
v 8.75991 -19.6606 67.0779
v 8.73722 -19.5439 67.1183
v 8.71103 -19.4338 67.1727
v 11.718 -18.425 68.198
v 11.6536 -18.345 68.2703
v 11.5908 -18.2757 68.3541
v 11.5307 -18.2181 68.4481
v 11.474 -18.1732 68.5508
v 11.4218 -18.1417 68.6606
v 11.3749 -18.1241 68.7758
v 11.334 -18.1206 68.8944
v 11.2997 -18.1313 69.0148
v 11.2726 -18.156 69.1349
v 11.2532 -18.1944 69.2529
v 11.2417 -18.2458 69.3669
v 11.2382 -18.3094 69.4751
v 11.243 -18.3843 69.5758
v 11.2558 -18.4692 69.6674
v 11.2765 -18.5628 69.7485
v 11.3047 -18.6637 69.8178
v 11.3401 -18.7701 69.8742
v 11.382 -18.8806 69.9169
v 11.4299 -18.9932 69.945
v 11.4828 -19.1063 69.9583
v 11.5401 -19.2181 69.9564
v 11.6008 -19.3267 69.9395
v 11.6639 -19.4305 69.9077
v 11.7284 -19.5279 69.8616
v 11.7934 -19.6173 69.802
v 11.8578 -19.6973 69.7297
v 11.9206 -19.7666 69.6459
v 11.9808 -19.8241 69.5519
v 12.0374 -19.869 69.4492
v 12.0896 -19.9005 69.3394
v 12.1365 -19.9182 69.2242
v 12.1774 -19.9217 69.1056
v 12.2117 -19.911 68.9852
v 12.2388 -19.8863 68.8651
v 12.2582 -19.8479 68.7471
v 12.2698 -19.7965 68.6331
v 12.2732 -19.7328 68.5249
v 12.2685 -19.658 68.4242
v 12.2556 -19.5731 68.3326
v 12.2349 -19.4794 68.2515
v 12.2067 -19.3786 68.1822
v 12.1713 -19.2721 68.1258
v 12.1294 -19.1617 68.0831
v 12.0815 -19.049 68.055
v 12.0286 -18.9359 68.0417
v 11.9713 -18.8242 68.0436
v 11.9107 -18.7156 68.0605
v 11.8476 -18.6117 68.0923
v 11.783 -18.5144 68.1384
v 14.3827 -16.3818 69.1594
v 14.2944 -16.3217 69.2256
v 14.2107 -16.2705 69.3039
v 14.1328 -16.229 69.3932
v 14.0619 -16.1979 69.4921
v 13.9992 -16.1776 69.599
v 13.9456 -16.1685 69.7122
v 13.9021 -16.1708 69.83
v 13.8692 -16.1843 69.9504
v 13.8475 -16.2089 70.0716
v 13.8373 -16.2442 70.1917
v 13.8389 -16.2896 70.3088
v 13.8521 -16.3445 70.421
v 13.8768 -16.4079 70.5266
v 13.9126 -16.4788 70.6238
v 13.9589 -16.5562 70.7112
v 14.015 -16.6387 70.7874
v 14.08 -16.7252 70.8512
v 14.1528 -16.8142 70.9016
v 14.2324 -16.9044 70.9377
v 14.3175 -16.9943 70.9591
v 14.4067 -17.0825 70.9653
v 14.4986 -17.1676 70.9563
v 14.5918 -17.2483 70.9322
v 14.6847 -17.3232 70.8934
v 14.7761 -17.3913 70.8406
v 14.8643 -17.4514 70.7744
v 14.948 -17.5026 70.6961
v 15.026 -17.5441 70.6068
v 15.0968 -17.5752 70.5079
v 15.1595 -17.5955 70.401
v 15.2131 -17.6046 70.2878
v 15.2567 -17.6023 70.17
v 15.2896 -17.5888 70.0496
v 15.3113 -17.5642 69.9284
v 15.3214 -17.5289 69.8083
v 15.3199 -17.4835 69.6912
v 15.3066 -17.4286 69.579
v 15.2819 -17.3653 69.4734
v 15.2461 -17.2943 69.3762
v 15.1998 -17.217 69.2888
v 15.1438 -17.1344 69.2126
v 15.0788 -17.0479 69.1488
v 15.0059 -16.9589 69.0984
v 14.9263 -16.8687 69.0623
v 14.8413 -16.7788 69.0409
v 14.7521 -16.6906 69.0347
v 14.6602 -16.6055 69.0437
v 14.567 -16.5249 69.0678
v 14.474 -16.4499 69.1066
v 16.5964 -13.2905 70.1308
v 16.4943 -13.2509 70.1922
v 16.3984 -13.2182 70.2664
v 16.3101 -13.193 70.3521
v 16.231 -13.1756 70.448
v 16.1622 -13.1664 70.5527
v 16.1048 -13.1654 70.6644
v 16.0597 -13.1727 70.7814
v 16.0277 -13.1882 70.9018
v 16.0092 -13.2116 71.0238
v 16.0046 -13.2426 71.1454
v 16.0139 -13.2806 71.2647
v 16.0369 -13.3252 71.3799
v 16.0734 -13.3754 71.489
v 16.1226 -13.4307 71.5905
v 16.1839 -13.4901 71.6826
v 16.2563 -13.5526 71.764
v 16.3386 -13.6173 71.8333
v 16.4296 -13.6832 71.8895
v 16.5278 -13.7492 71.9316
v 16.6316 -13.8143 71.9591
v 16.7395 -13.8774 71.9714
v 16.8497 -13.9376 71.9684
v 16.9604 -13.9939 71.9501
v 17.07 -14.0454 71.9169
v 17.1767 -14.0914 71.8692
v 17.2788 -14.131 71.8078
v 17.3748 -14.1637 71.7336
v 17.463 -14.1889 71.6479
v 17.5421 -14.2063 71.552
v 17.611 -14.2155 71.4473
v 17.6683 -14.2165 71.3356
v 17.7134 -14.2092 71.2186
v 17.7454 -14.1937 71.0982
v 17.7639 -14.1703 70.9762
v 17.7685 -14.1393 70.8546
v 17.7592 -14.1012 70.7353
v 17.7362 -14.0567 70.6201
v 17.6998 -14.0064 70.511
v 17.6505 -13.9512 70.4095
v 17.5892 -13.8918 70.3174
v 17.5168 -13.8293 70.236
v 17.4345 -13.7646 70.1667
v 17.3435 -13.6987 70.1105
v 17.2453 -13.6327 70.0684
v 17.1415 -13.5676 70.0409
v 17.0336 -13.5045 70.0286
v 16.9235 -13.4443 70.0316
v 16.8127 -13.388 70.0499
v 16.7031 -13.3365 70.0831
v 18.2584 -9.32445 71.1113
v 18.149 -9.30309 71.1691
v 18.0466 -9.28697 71.2401
v 17.9529 -9.27634 71.323
v 17.8693 -9.27136 71.4166
v 17.7972 -9.27212 71.5194
v 17.7377 -9.27861 71.6298
v 17.6917 -9.29072 71.746
v 17.66 -9.30825 71.8662
v 17.643 -9.33094 71.9886
v 17.641 -9.35843 72.1111
v 17.6541 -9.39028 72.2319
v 17.682 -9.42599 72.349
v 17.7244 -9.465 72.4606
v 17.7804 -9.50669 72.5649
v 17.8494 -9.55041 72.6604
v 17.9301 -9.59546 72.7454
v 18.0213 -9.64113 72.8186
v 18.1215 -9.68671 72.879
v 18.2292 -9.73147 72.9255
v 18.3427 -9.77472 72.9574
v 18.4602 -9.81576 72.9742
v 18.5799 -9.85396 72.9756
v 18.6997 -9.8887 72.9617
v 18.818 -9.91944 72.9326
v 18.9327 -9.94569 72.8887
v 19.0421 -9.96705 72.8309
v 19.1444 -9.98317 72.7599
v 19.2381 -9.99381 72.677
v 19.3217 -9.99878 72.5834
v 19.3938 -9.99802 72.4806
v 19.4534 -9.99154 72.3702
v 19.4994 -9.97943 72.254
v 19.5311 -9.96189 72.1338
v 19.5481 -9.9392 72.0114
v 19.5501 -9.91172 71.8889
v 19.537 -9.87987 71.7681
v 19.509 -9.84416 71.651
v 19.4667 -9.80515 71.5394
v 19.4106 -9.76346 71.4351
v 19.3417 -9.71974 71.3396
v 19.261 -9.67469 71.2546
v 19.1698 -9.62902 71.1814
v 19.0695 -9.58344 71.121
v 18.9618 -9.53867 71.0745
v 18.8483 -9.49543 71.0426
v 18.7308 -9.45438 71.0258
v 18.6112 -9.41619 71.0244
v 18.4913 -9.38145 71.0383
v 18.3731 -9.35071 71.0674
v 19.2873 -4.73426 72.0977
v 19.1745 -4.72921 72.1526
v 19.0691 -4.72801 72.2209
v 18.9728 -4.73069 72.3014
v 18.8871 -4.73721 72.393
v 18.8134 -4.74746 72.4941
v 18.7528 -4.76127 72.6032
v 18.7062 -4.77844 72.7186
v 18.6745 -4.79869 72.8384
v 18.6582 -4.8217 72.9608
v 18.6573 -4.84711 73.0838
v 18.6721 -4.87452 73.2054
v 18.7023 -4.90349 73.3238
v 18.7473 -4.93357 73.4372
v 18.8064 -4.96429 73.5436
v 18.8789 -4.99515 73.6414
v 18.9634 -5.02568 73.7292
v 19.0586 -5.05539 73.8054
v 19.1632 -5.08382 73.8689
v 19.2753 -5.11051 73.9187
v 19.3933 -5.13504 73.9541
v 19.5153 -5.15703 73.9744
v 19.6393 -5.17613 73.9793
v 19.7634 -5.19204 73.9688
v 19.8857 -5.20451 73.943
v 20.0042 -5.21334 73.9023
v 20.117 -5.21839 73.8474
v 20.2224 -5.21958 73.7791
v 20.3187 -5.2169 73.6986
v 20.4044 -5.21039 73.607
v 20.4781 -5.20014 73.5059
v 20.5387 -5.18632 73.3968
v 20.5852 -5.16915 73.2814
v 20.6169 -5.14891 73.1616
v 20.6333 -5.12589 73.0392
v 20.6341 -5.10049 72.9162
v 20.6194 -5.07308 72.7946
v 20.5892 -5.04411 72.6762
v 20.5442 -5.01402 72.5628
v 20.4851 -4.98331 72.4564
v 20.4126 -4.95244 72.3586
v 20.3281 -4.92191 72.2708
v 20.2329 -4.8922 72.1946
v 20.1283 -4.86378 72.1311
v 20.0162 -4.83709 72.0813
v 19.8982 -4.81255 72.0459
v 19.7762 -4.79056 72.0256
v 19.6522 -4.77146 72.0207
v 19.5281 -4.75555 72.0312
v 19.4058 -4.74309 72.057
v 19.6341 0.183438 73.0876
v 19.5203 0.172951 73.1398
v 19.4141 0.159737 73.2055
v 19.3172 0.144003 73.2838
v 19.231 0.125999 73.3733
v 19.1569 0.106007 73.4727
v 19.0962 0.0843439 73.5805
v 19.0497 0.0613505 73.6949
v 19.0182 0.0373895 73.814
v 19.0021 0.0128388 73.9361
v 19.0018 -0.0119143 74.0593
v 19.0173 -0.0364795 74.1814
v 19.0482 -0.0604694 74.3008
v 19.0942 -0.0835057 74.4153
v 19.1544 -0.105225 74.5234
v 19.228 -0.125285 74.6231
v 19.3137 -0.143369 74.7131
v 19.4103 -0.159192 74.7918
v 19.5162 -0.172505 74.858
v 19.6297 -0.183097 74.9107
v 19.749 -0.190801 74.949
v 19.8723 -0.195496 74.9724
v 19.9977 -0.197109 74.9804
v 20.123 -0.195612 74.9729
v 20.2464 -0.191031 74.9502
v 20.3659 -0.183438 74.9124
v 20.4797 -0.172951 74.8602
v 20.5859 -0.159737 74.7945
v 20.6828 -0.144003 74.7162
v 20.769 -0.125999 74.6267
v 20.8431 -0.106007 74.5273
v 20.9038 -0.0843439 74.4195
v 20.9503 -0.0613505 74.3051
v 20.9818 -0.0373895 74.186
v 20.9979 -0.0128388 74.0639
v 20.9982 0.0119143 73.9407
v 20.9827 0.0364795 73.8186
v 20.9518 0.0604694 73.6992
v 20.9058 0.0835057 73.5847
v 20.8456 0.105225 73.4766
v 20.772 0.125285 73.3769
v 20.6863 0.143369 73.2869
v 20.5897 0.159192 73.2082
v 20.4838 0.172505 73.142
v 20.3703 0.183097 73.0893
v 20.251 0.190801 73.051
v 20.1277 0.195496 73.0276
v 20.0023 0.197109 73.0196
v 19.877 0.195612 73.0271
v 19.7536 0.191031 73.0498
v 19.2802 5.11159 74.0795
v 19.1678 5.08499 74.1287
v 19.0629 5.05663 74.1917
v 18.9672 5.02696 74.2674
v 18.8822 4.99646 74.3546
v 18.8092 4.9656 74.4521
v 18.7495 4.93486 74.5582
v 18.7039 4.90475 74.6712
v 18.6731 4.87572 74.7895
v 18.6577 4.84823 74.911
v 18.6578 4.82273 75.034
v 18.6735 4.79961 75.1564
v 18.7046 4.77924 75.2764
v 18.7505 4.76193 75.392
v 18.8105 4.74797 75.5014
v 18.8837 4.73757 75.6029
v 18.9689 4.73089 75.6949
v 19.0648 4.72805 75.776
v 19.1699 4.72908 75.8448
v 19.2824 4.73397 75.9003
v 19.4007 4.74264 75.9416
v 19.5229 4.75495 75.968
v 19.6469 4.77072 75.9792
v 19.771 4.78969 75.9749
v 19.8931 4.81157 75.9552
v 20.0113 4.836 75.9205
v 20.1237 4.86261 75.8713
v 20.2286 4.89097 75.8083
v 20.3243 4.92063 75.7326
v 20.4093 4.95114 75.6454
v 20.4822 4.982 75.5479
v 20.542 5.01273 75.4418
v 20.5876 5.04285 75.3288
v 20.6184 5.07188 75.2105
v 20.6338 5.09936 75.089
v 20.6337 5.12486 74.966
v 20.618 5.14798 74.8436
v 20.5869 5.16836 74.7236
v 20.541 5.18566 74.608
v 20.481 5.19963 74.4986
v 20.4078 5.21003 74.3971
v 20.3226 5.2167 74.3051
v 20.2267 5.21955 74.224
v 20.1216 5.21852 74.1552
v 20.0091 5.21363 74.0997
v 19.8908 5.20496 74.0584
v 19.7686 5.19264 74.032
v 19.6445 5.17687 74.0208
v 19.5205 5.1579 74.0251
v 19.3984 5.13603 74.0448
v 18.2359 9.73412 75.0722
v 18.1278 9.68942 75.1178
v 18.027 9.64387 75.1774
v 17.9353 9.59818 75.2499
v 17.8539 9.55308 75.3342
v 17.7842 9.50926 75.4291
v 17.7273 9.46743 75.5329
v 17.6842 9.42824 75.6442
v 17.6553 9.39232 75.761
v 17.6414 9.36022 75.8816
v 17.6424 9.33246 76.0041
v 17.6585 9.30947 76.1265
v 17.6894 9.29162 76.2469
v 17.7346 9.27918 76.3634
v 17.7933 9.27235 76.4742
v 17.8647 9.27125 76.5775
v 17.9476 9.27588 76.6717
v 18.0407 9.28618 76.7553
v 18.1426 9.30198 76.827
v 18.2516 9.32303 76.8856
v 18.3661 9.349 76.9303
v 18.4842 9.37949 76.9604
v 18.604 9.41401 76.9752
v 18.7237 9.45201 76.9747
v 18.8414 9.4929 76.9588
v 18.9552 9.53603 76.9278
v 19.0633 9.58072 76.8822
v 19.164 9.62627 76.8226
v 19.2558 9.67196 76.7501
v 19.3372 9.71707 76.6658
v 19.4068 9.76089 76.5709
v 19.4637 9.80272 76.4671
v 19.5069 9.8419 76.3558
v 19.5357 9.87783 76.239
v 19.5497 9.90992 76.1184
v 19.5486 9.93769 75.9959
v 19.5325 9.96068 75.8735
v 19.5017 9.97853 75.7531
v 19.4565 9.99097 75.6366
v 19.3978 9.99779 75.5258
v 19.3264 9.9989 75.4225
v 19.2435 9.99427 75.3283
v 19.1503 9.98397 75.2447
v 19.0484 9.96817 75.173
v 18.9394 9.94712 75.1144
v 18.825 9.92114 75.0697
v 18.7069 9.89066 75.0396
v 18.5871 9.85614 75.0248
v 18.4674 9.81814 75.0253
v 18.3497 9.77725 75.0412
v 16.538 13.7558 76.065
v 16.4392 13.6898 76.1057
v 16.3474 13.6239 76.1605
v 16.2642 13.559 76.2285
v 16.1907 13.4962 76.3087
v 16.1282 13.4365 76.3998
v 16.0777 13.3808 76.5004
v 16.04 13.33 76.6089
v 16.0156 13.2848 76.7235
v 16.0049 13.2461 76.8425
v 16.0082 13.2144 76.9639
v 16.0252 13.1902 77.086
v 16.0559 13.1739 77.2067
v 16.0997 13.1658 77.3241
v 16.1559 13.1659 77.4364
v 16.2236 13.1743 77.5418
v 16.3017 13.1909 77.6387
v 16.3891 13.2153 77.7255
v 16.4844 13.2473 77.8009
v 16.5859 13.2863 77.8636
v 16.6922 13.3316 77.9127
v 16.8016 13.3826 77.9475
v 16.9123 13.4384 77.9673
v 17.0227 13.4983 77.9718
v 17.1308 13.5612 77.961
v 17.2351 13.6261 77.935
v 17.3339 13.6921 77.8943
v 17.4257 13.758 77.8395
v 17.509 13.8229 77.7715
v 17.5824 13.8857 77.6913
v 17.6449 13.9454 77.6002
v 17.6954 14.0011 77.4996
v 17.7331 14.0519 77.3911
v 17.7575 14.0971 77.2765
v 17.7682 14.1358 77.1575
v 17.765 14.1675 77.0361
v 17.7479 14.1917 76.914
v 17.7172 14.208 76.7933
v 17.6734 14.2161 76.6759
v 17.6172 14.216 76.5636
v 17.5495 14.2076 76.4582
v 17.4714 14.191 76.3613
v 17.384 14.1665 76.2745
v 17.2888 14.1346 76.1991
v 17.1872 14.0956 76.1364
v 17.0809 14.0503 76.0873
v 16.9715 13.9993 76.0525
v 16.8608 13.9434 76.0327
v 16.7505 13.8836 76.0282
v 16.6423 13.8207 76.039
v 14.2478 16.9211 77.0572
v 14.1671 16.8309 77.0907
v 14.0929 16.7415 77.1384
v 14.0264 16.6545 77.1998
v 13.9686 16.5711 77.2738
v 13.9204 16.4927 77.3592
v 13.8826 16.4204 77.4548
v 13.8558 16.3556 77.5589
v 13.8405 16.2991 77.67
v 13.8367 16.2519 77.7863
v 13.8447 16.2147 77.906
v 13.8643 16.188 78.0272
v 13.8952 16.1724 78.1479
v 13.9368 16.1681 78.2663
v 13.9886 16.1751 78.3805
v 14.0497 16.1933 78.4887
v 14.1191 16.2224 78.5892
v 14.1958 16.2621 78.6804
v 14.2786 16.3115 78.7608
v 14.3661 16.3701 78.8293
v 14.4569 16.4367 78.8847
v 14.5497 16.5105 78.9261
v 14.643 16.5902 78.953
v 14.7353 16.6746 78.9648
v 14.8251 16.7623 78.9614
v 14.911 16.852 78.9428
v 14.9917 16.9422 78.9093
v 15.0659 17.0316 78.8616
v 15.1324 17.1186 78.8002
v 15.1902 17.202 78.7262
v 15.2384 17.2805 78.6408
v 15.2761 17.3527 78.5452
v 15.3029 17.4175 78.4411
v 15.3183 17.474 78.33
v 15.322 17.5212 78.2137
v 15.314 17.5585 78.094
v 15.2944 17.5851 77.9728
v 15.2636 17.6007 77.8521
v 15.222 17.605 77.7337
v 15.1702 17.598 77.6195
v 15.1091 17.5798 77.5113
v 15.0396 17.5507 77.4108
v 14.9629 17.5111 77.3196
v 14.8802 17.4616 77.2392
v 14.7927 17.4031 77.1707
v 14.7018 17.3364 77.1153
v 14.609 17.2626 77.0739
v 14.5158 17.1829 77.047
v 14.4235 17.0985 77.0352
v 14.3337 17.0108 77.0386
v 11.4473 19.0317 78.0488
v 11.3977 18.9187 78.0719
v 11.3537 18.8073 78.1097
v 11.316 18.6993 78.1615
v 11.2853 18.5964 78.2265
v 11.2619 18.5001 78.3038
v 11.2464 18.4121 78.392
v 11.2389 18.3337 78.4898
v 11.2396 18.2661 78.5956
v 11.2484 18.2104 78.7078
v 11.2652 18.1675 78.8247
v 11.2897 18.1381 78.9442
v 11.3216 18.1226 79.0647
v 11.3603 18.1213 79.1842
v 11.4052 18.1341 79.3007
v 11.4557 18.161 79.4125
v 11.511 18.2014 79.5178
v 11.57 18.2548 79.615
v 11.632 18.3202 79.7024
v 11.696 18.3967 79.7788
v 11.7609 18.483 79.8428
v 11.8257 18.5778 79.8936
v 11.8894 18.6796 79.9303
v 11.951 18.7868 79.9523
v 12.0095 18.8977 79.9593
v 12.0641 19.0105 79.9512
v 12.1137 19.1235 79.9281
v 12.1577 19.2349 79.8903
v 12.1954 19.3429 79.8385
v 12.2261 19.4459 79.7735
v 12.2495 19.5421 79.6962
v 12.265 19.6302 79.608
v 12.2725 19.7086 79.5102
v 12.2718 19.7762 79.4044
v 12.263 19.8318 79.2922
v 12.2463 19.8747 79.1753
v 12.2217 19.9041 79.0558
v 12.1899 19.9196 78.9353
v 12.1511 19.921 78.8158
v 12.1062 19.9081 78.6993
v 12.0557 19.8813 78.5875
v 12.0005 19.8409 78.4822
v 11.9414 19.7875 78.385
v 11.8794 19.7221 78.2976
v 11.8154 19.6456 78.2212
v 11.7505 19.5593 78.1572
v 11.6857 19.4645 78.1064
v 11.622 19.3626 78.0697
v 11.5604 19.2554 78.0477
v 11.5019 19.1446 78.0407
v 8.23254 19.9584 79.0409
v 8.22427 19.8335 79.0518
v 8.2206 19.7107 79.0777
v 8.22158 19.5918 79.1182
v 8.22719 19.4787 79.1725
v 8.23735 19.3733 79.2399
v 8.2519 19.2771 79.3193
v 8.27061 19.1916 79.4094
v 8.29318 19.1183 79.5089
v 8.31926 19.0583 79.6161
v 8.34844 19.0125 79.7293
v 8.38025 18.9817 79.8468
v 8.4142 18.9662 79.9667
v 8.44974 18.9665 80.0872
v 8.48632 18.9825 80.2062
v 8.52337 19.0138 80.322
v 8.56029 19.0601 80.4328
v 8.59651 19.1207 80.5367
v 8.63145 19.1944 80.6322
v 8.66456 19.2802 80.7176
v 8.69533 19.3768 80.7918
v 8.72326 19.4826 80.8535
v 8.74791 19.5959 80.9017
v 8.7689 19.7149 80.9357
v 8.7859 19.8379 80.9549
v 8.79863 19.9627 80.9591
v 8.8069 20.0875 80.9482
v 8.81057 20.2104 80.9223
v 8.8096 20.3293 80.8818
v 8.80398 20.4423 80.8275
v 8.79382 20.5478 80.7601
v 8.77927 20.644 80.6807
v 8.76056 20.7294 80.5906
v 8.73799 20.8028 80.4911
v 8.71191 20.8628 80.3839
v 8.68273 20.9086 80.2707
v 8.65092 20.9394 80.1532
v 8.61698 20.9548 80.0333
v 8.58143 20.9546 79.9128
v 8.54485 20.9386 79.7938
v 8.5078 20.9072 79.678
v 8.47088 20.8609 79.5672
v 8.43466 20.8004 79.4633
v 8.39972 20.7267 79.3678
v 8.36661 20.6408 79.2824
v 8.33585 20.5443 79.2082
v 8.30792 20.4385 79.1465
v 8.28326 20.3252 79.0983
v 8.26227 20.2061 79.0643
v 8.24528 20.0832 79.0451
v 4.70913 19.6419 80.0357
v 4.74038 19.5202 80.0358
v 4.77531 19.4006 80.051
v 4.81338 19.2848 80.0813
v 4.85397 19.1747 80.1261
v 4.89646 19.0721 80.1846
v 4.94016 18.9784 80.256
v 4.9844 18.8953 80.3391
v 5.02846 18.8241 80.4326
v 5.07167 18.7658 80.5351
v 5.11333 18.7214 80.645
v 5.15279 18.6915 80.7604
v 5.18943 18.6767 80.8796
v 5.22267 18.6772 81.0007
v 5.25198 18.693 81.1218
v 5.27691 18.7238 81.241
v 5.29705 18.7691 81.3563
v 5.3121 18.8282 81.4661
v 5.32181 18.9003 81.5685
v 5.32604 18.9841 81.6619
v 5.3247 19.0783 81.7449
v 5.31784 19.1815 81.8162
v 5.30555 19.292 81.8745
v 5.28803 19.4081 81.9191
v 5.26555 19.5279 81.9492
v 5.23847 19.6496 81.9643
v 5.20722 19.7712 81.9642
v 5.17228 19.8909 81.949
v 5.13422 20.0067 81.9187
v 5.09362 20.1168 81.8739
v 5.05114 20.2194 81.8154
v 5.00743 20.3131 81.744
v 4.9632 20.3961 81.6609
v 4.91913 20.4674 81.5674
v 4.87593 20.5257 81.4649
v 4.83427 20.5701 81.355
v 4.79481 20.6 81.2396
v 4.75817 20.6148 81.1204
v 4.72493 20.6143 80.9993
v 4.69562 20.5985 80.8782
v 4.67069 20.5677 80.759
v 4.65054 20.5224 80.6437
v 4.6355 20.4633 80.5339
v 4.62578 20.3912 80.4315
v 4.62156 20.3074 80.3381
v 4.62289 20.2132 80.2551
v 4.62976 20.11 80.1838
v 4.64205 19.9995 80.1255
v 4.65957 19.8834 80.0809
v 4.68205 19.7636 80.0508
v 0.998558 18.0946 81.0337
v 1.05876 17.9846 81.026
v 1.12208 17.8765 81.0337
v 1.1875 17.7718 81.0567
v 1.254 17.6722 81.0945
v 1.32053 17.5793 81.1466
v 1.38604 17.4945 81.2122
v 1.44949 17.4193 81.2902
v 1.50989 17.3547 81.3794
v 1.56628 17.3019 81.4784
v 1.61778 17.2615 81.5856
v 1.66357 17.2344 81.6993
v 1.70293 17.2208 81.8178
v 1.73523 17.2211 81.9391
v 1.75998 17.2351 82.0614
v 1.77677 17.2628 82.1828
v 1.78535 17.3035 82.3013
v 1.78558 17.3568 82.415
v 1.77745 17.4218 82.5221
v 1.7611 17.4974 82.6211
v 1.73677 17.5825 82.7102
v 1.70487 17.6756 82.7881
v 1.66588 17.7754 82.8536
v 1.62042 17.8803 82.9057
v 1.56921 17.9885 82.9435
v 1.51306 18.0985 82.9663
v 1.45286 18.2084 82.974
v 1.38954 18.3166 82.9663
v 1.32412 18.4213 82.9433
v 1.25762 18.5209 82.9055
v 1.19109 18.6138 82.8534
v 1.12558 18.6985 82.7878
v 1.06213 18.7738 82.7098
v 1.00173 18.8383 82.6206
v 0.945336 18.8912 82.5216
v 0.89384 18.9315 82.4144
v 0.848052 18.9587 82.3007
v 0.808695 18.9723 82.1822
v 0.776389 18.972 82.0609
v 0.751643 18.958 81.9386
v 0.734849 18.9303 81.8172
v 0.726271 18.8895 81.6987
v 0.726043 18.8362 81.585
v 0.734171 18.7713 81.4779
v 0.750525 18.6957 81.3789
v 0.774848 18.6106 81.2898
v 0.806756 18.5175 81.2119
v 0.845745 18.4177 81.1464
v 0.891202 18.3128 81.0943
v 0.942409 18.2046 81.0565
v -2.76455 15.4079 82.0338
v -2.68548 15.3112 82.0211
v -2.60359 15.216 82.0238
v -2.52018 15.1239 82.042
v -2.43655 15.0363 82.0752
v -2.35402 14.9546 82.123
v -2.27391 14.8801 82.1847
v -2.19746 14.814 82.2592
v -2.1259 14.7572 82.3454
v -2.06033 14.7108 82.4419
v -2.00181 14.6754 82.5472
v -1.95124 14.6515 82.6596
v -1.90944 14.6397 82.7775
v -1.87706 14.64 82.8988
v -1.8546 14.6524 83.0217
v -1.84243 14.6768 83.1443
v -1.84073 14.7128 83.2646
v -1.84954 14.7597 83.3808
v -1.86871 14.8169 83.4909
v -1.89793 14.8835 83.5933
v -1.93676 14.9584 83.6863
v -1.98458 15.0404 83.7685
v -2.04063 15.1282 83.8386
v -2.10403 15.2205 83.8955
v -2.17378 15.3158 83.9382
v -2.24878 15.4126 83.9662
v -2.32785 15.5093 83.9789
v -2.40974 15.6045 83.9762
v -2.49315 15.6966 83.958
v -2.57678 15.7842 83.9248
v -2.65931 15.8659 83.877
v -2.73942 15.9404 83.8153
v -2.81587 16.0065 83.7408
v -2.88743 16.0633 83.6546
v -2.953 16.1097 83.5581
v -3.01152 16.1452 83.4528
v -3.06209 16.169 83.3404
v -3.10389 16.1808 83.2225
v -3.13627 16.1806 83.1012
v -3.15873 16.1681 82.9783
v -3.1709 16.1437 82.8557
v -3.1726 16.1078 82.7354
v -3.16379 16.0608 82.6192
v -3.14462 16.0036 82.5091
v -3.11539 15.937 82.4067
v -3.07656 15.8621 82.3137
v -3.02875 15.7801 82.2315
v -2.9727 15.6923 82.1614
v -2.9093 15.6 82.1045
v -2.83955 15.5047 82.0618
v -6.4434 11.749 83.0352
v -6.35219 11.6642 83.0191
v -6.25826 11.5808 83.0185
v -6.16311 11.5002 83.0333
v -6.06822 11.4236 83.0634
v -5.97511 11.3523 83.1083
v -5.88523 11.2873 83.1672
v -5.8 11.2298 83.2393
v -5.72078 11.1805 83.3233
v -5.6488 11.1403 83.418
v -5.5852 11.1097 83.5219
v -5.53099 11.0894 83.6334
v -5.48702 11.0796 83.7506
v -5.45399 11.0805 83.8717
v -5.43241 11.092 83.9949
v -5.42262 11.1139 84.1182
v -5.42478 11.146 84.2396
v -5.43886 11.1877 84.3572
v -5.46464 11.2384 84.4692
v -5.5017 11.2972 84.5738
v -5.54946 11.3632 84.6693
v -5.60717 11.4355 84.7543
v -5.67392 11.5128 84.8274
v -5.74866 11.5939 84.8874
v -5.83021 11.6775 84.9334
v -5.91728 11.7624 84.9648
v -6.00849 11.8472 84.9809
v -6.10242 11.9306 84.9815
v -6.19757 12.0112 84.9667
v -6.29246 12.0878 84.9366
v -6.38557 12.1591 84.8917
v -6.47545 12.2241 84.8328
v -6.56068 12.2816 84.7607
v -6.6399 12.3309 84.6767
v -6.71188 12.3712 84.582
v -6.77548 12.4017 84.4781
v -6.82969 12.422 84.3666
v -6.87366 12.4318 84.2494
v -6.90669 12.431 84.1283
v -6.92827 12.4195 84.0051
v -6.93806 12.3975 83.8818
v -6.9359 12.3654 83.7604
v -6.92182 12.3237 83.6428
v -6.89604 12.273 83.5308
v -6.85898 12.2142 83.4262
v -6.81122 12.1482 83.3307
v -6.75351 12.0759 83.2457
v -6.68676 11.9987 83.1726
v -6.61202 11.9175 83.1126
v -6.53047 11.8339 83.0666
v -9.90604 7.3468 84.0375
v -9.80671 7.27224 84.019
v -9.70467 7.19911 84.0159
v -9.60153 7.12855 84.0283
v -9.49891 7.06169 84.0561
v -9.39845 6.99956 84.0987
v -9.30172 6.94317 84.1556
v -9.21024 6.89338 84.2258
v -9.12547 6.85099 84.3081
v -9.04873 6.81667 84.4014
v -8.98124 6.79096 84.5042
v -8.92406 6.77426 84.6147
v -8.87809 6.76683 84.7314
v -8.84406 6.7688 84.8522
v -8.82251 6.78014 84.9754
v -8.81377 6.80066 85.099
v -8.81798 6.83003 85.221
v -8.83508 6.86781 85.3396
v -8.8648 6.91339 85.4527
v -8.90666 6.96605 85.5588
v -8.96001 7.02496 85.656
v -9.02401 7.08919 85.7429
v -9.09764 7.15774 85.8181
v -9.17975 7.22951 85.8803
v -9.26904 7.30338 85.9287
v -9.3641 7.37818 85.9625
v -9.46344 7.45274 85.981
v -9.56548 7.52587 85.9841
v -9.66862 7.59643 85.9717
v -9.77123 7.66329 85.9439
v -9.8717 7.72542 85.9013
v -9.96843 7.78182 85.8444
v -10.0599 7.8316 85.7742
v -10.1447 7.87399 85.6919
v -10.2214 7.90831 85.5986
v -10.2889 7.93403 85.4958
v -10.3461 7.95072 85.3853
v -10.3921 7.95815 85.2686
v -10.4261 7.95618 85.1478
v -10.4476 7.94484 85.0246
v -10.4564 7.92433 84.901
v -10.4522 7.89495 84.779
v -10.4351 7.85717 84.6604
v -10.4054 7.8116 84.5473
v -10.3635 7.75894 84.4412
v -10.3101 7.70003 84.344
v -10.2461 7.63579 84.2571
v -10.1725 7.56725 84.1819
v -10.0904 7.49547 84.1197
v -10.0011 7.4216 84.0713
v -13.0295 2.47673 85.0408
v -12.9244 2.41109 85.0203
v -12.8166 2.34695 85.0152
v -12.7077 2.28533 85.0257
v -12.5994 2.22721 85.0515
v -12.4935 2.17349 85.0923
v -12.3916 2.12502 85.1474
v -12.2953 2.08257 85.2159
v -12.2062 2.04681 85.2969
v -12.1256 2.01831 85.3889
v -12.0548 1.9975 85.4905
v -11.995 1.98473 85.6002
v -11.9471 1.98018 85.7162
v -11.9118 1.98394 85.8366
v -11.8897 1.99594 85.9597
v -11.8811 2.016 86.0833
v -11.8863 2.04379 86.2057
v -11.905 2.07889 86.3248
v -11.937 2.12073 86.4388
v -11.9818 2.16866 86.5459
v -12.0387 2.22191 86.6443
v -12.1068 2.27966 86.7326
v -12.1851 2.34099 86.8094
v -12.2722 2.40493 86.8734
v -12.3668 2.47048 86.9236
v -12.4674 2.5366 86.9592
v -12.5725 2.60224 86.9797
v -12.6804 2.66638 86.9848
v -12.7893 2.728 86.9743
v -12.8976 2.78612 86.9485
v -13.0035 2.83984 86.9077
v -13.1054 2.88831 86.8526
v -13.2017 2.93076 86.7841
v -13.2908 2.96652 86.7031
v -13.3714 2.99502 86.6111
v -13.4421 3.01583 86.5095
v -13.502 3.0286 86.3998
v -13.5499 3.03315 86.2838
v -13.5852 3.02939 86.1634
v -13.6073 3.01739 86.0403
v -13.6158 2.99733 85.9167
v -13.6107 2.96954 85.7943
v -13.592 2.93444 85.6752
v -13.56 2.8926 85.5612
v -13.5151 2.84467 85.4541
v -13.4582 2.79141 85.3557
v -13.3901 2.73367 85.2674
v -13.3119 2.67234 85.1906
v -13.2248 2.6084 85.1266
v -13.1302 2.54285 85.0764
v -15.7038 -2.55803 86.0454
v -15.5944 -2.61551 86.0231
v -15.482 -2.67127 86.0163
v -15.3686 -2.72444 86.0249
v -15.2558 -2.77417 86.0489
v -15.1455 -2.81969 86.0879
v -15.0393 -2.86027 86.1413
v -14.939 -2.89527 86.2082
v -14.8461 -2.92414 86.2877
v -14.7621 -2.94643 86.3783
v -14.6883 -2.96178 86.4788
v -14.6259 -2.96996 86.5875
v -14.5759 -2.97083 86.7027
v -14.5391 -2.96438 86.8225
v -14.5159 -2.95071 86.9452
v -14.5069 -2.93004 87.0688
v -14.5122 -2.90269 87.1912
v -14.5316 -2.8691 87.3107
v -14.5648 -2.82979 87.4252
v -14.6114 -2.78538 87.533
v -14.6706 -2.73658 87.6325
v -14.7414 -2.68415 87.7219
v -14.8228 -2.62893 87.8
v -14.9135 -2.57177 87.8654
v -15.012 -2.51359 87.9172
v -15.1168 -2.4553 87.9546
v -15.2262 -2.39782 87.9769
v -15.3385 -2.34206 87.9837
v -15.4519 -2.28889 87.9751
v -15.5647 -2.23916 87.9511
v -15.6751 -2.19364 87.9121
v -15.7812 -2.15306 87.8587
v -15.8816 -2.11806 87.7918
v -15.9744 -2.08919 87.7123
v -16.0584 -2.0669 87.6217
v -16.1322 -2.05155 87.5212
v -16.1946 -2.04337 87.4125
v -16.2446 -2.0425 87.2973
v -16.2815 -2.04895 87.1775
v -16.3046 -2.06262 87.0548
v -16.3136 -2.08329 86.9312
v -16.3084 -2.11064 86.8088
v -16.289 -2.14423 86.6893
v -16.2557 -2.18354 86.5748
v -16.2091 -2.22795 86.467
v -16.15 -2.27675 86.3675
v -16.0791 -2.32918 86.2781
v -15.9977 -2.3844 86.2
v -15.907 -2.44156 86.1346
v -15.8085 -2.49974 86.0828
v -17.8353 -7.44662 87.0527
v -17.7224 -7.49594 87.0286
v -17.6063 -7.54315 87.0197
v -17.489 -7.58751 87.0264
v -17.3723 -7.62832 87.0483
v -17.258 -7.66495 87.0853
v -17.148 -7.6968 87.1367
v -17.0439 -7.72337 87.2018
v -16.9474 -7.74426 87.2794
v -16.86 -7.75913 87.3683
v -16.7832 -7.76774 87.4673
v -16.718 -7.76996 87.5746
v -16.6656 -7.76575 87.6887
v -16.6268 -7.75519 87.8076
v -16.6022 -7.73843 87.9296
v -16.5921 -7.71574 88.0527
v -16.5968 -7.68748 88.175
v -16.6161 -7.6541 88.2945
v -16.6497 -7.61612 88.4094
v -16.6972 -7.57414 88.5178
v -16.7578 -7.52882 88.618
v -16.8305 -7.48087 88.7085
v -16.9141 -7.43106 88.7879
v -17.0074 -7.38017 88.8548
v -17.1089 -7.329 88.9082
v -17.217 -7.27836 88.9473
v -17.3299 -7.22904 88.9714
v -17.4459 -7.18183 88.9803
v -17.5632 -7.13747 88.9736
v -17.6799 -7.09666 88.9517
v -17.7942 -7.06004 88.9147
v -17.9043 -7.02819 88.8633
v -18.0084 -7.00161 88.7982
v -18.1049 -6.98072 88.7206
v -18.1922 -6.96585 88.6317
v -18.2691 -6.95724 88.5327
v -18.3342 -6.95502 88.4254
v -18.3866 -6.95923 88.3113
v -18.4255 -6.96979 88.1924
v -18.4501 -6.98655 88.0704
v -18.4602 -7.00924 87.9473
v -18.4555 -7.0375 87.825
v -18.4362 -7.07088 87.7055
v -18.4025 -7.10886 87.5906
v -18.355 -7.15085 87.4822
v -18.2945 -7.19617 87.382
v -18.2218 -7.24411 87.2915
v -18.1382 -7.29392 87.2121
v -18.0449 -7.34481 87.1452
v -17.9434 -7.39598 87.0918
v -19.3506 -11.893 88.0659
v -19.2346 -11.933 88.0393
v -19.1152 -11.9702 88.0278
v -18.9943 -12.0041 88.0317
v -18.8738 -12.034 88.0509
v -18.7557 -12.0595 88.085
v -18.6418 -12.0802 88.1335
v -18.5338 -12.0958 88.1957
v -18.4335 -12.1061 88.2706
v -18.3425 -12.1108 88.357
v -18.2622 -12.1099 88.4536
v -18.1939 -12.1035 88.5587
v -18.1386 -12.0915 88.6709
v -18.0972 -12.0743 88.7882
v -18.0704 -12.052 88.9088
v -18.0586 -12.025 89.0309
v -18.062 -11.9939 89.1525
v -18.0804 -11.9589 89.2717
v -18.1138 -11.9208 89.3866
v -18.1614 -11.88 89.4954
v -18.2226 -11.8373 89.5964
v -18.2964 -11.7933 89.688
v -18.3816 -11.7487 89.7688
v -18.4769 -11.7042 89.8374
v -18.5808 -11.6606 89.8928
v -18.6917 -11.6184 89.9341
v -18.8077 -11.5784 89.9607
v -18.9271 -11.5412 89.9722
v -19.048 -11.5073 89.9683
v -19.1684 -11.4774 89.9491
v -19.2865 -11.4519 89.915
v -19.4005 -11.4312 89.8665
v -19.5085 -11.4156 89.8043
v -19.6087 -11.4053 89.7294
v -19.6997 -11.4006 89.643
v -19.7801 -11.4015 89.5464
v -19.8484 -11.408 89.4413
v -19.9037 -11.4199 89.3291
v -19.9451 -11.4372 89.2118
v -19.9719 -11.4594 89.0912
v -19.9837 -11.4864 88.9691
v -19.9803 -11.5176 88.8475
v -19.9618 -11.5525 88.7283
v -19.9285 -11.5906 88.6134
v -19.8808 -11.6314 88.5046
v -19.8196 -11.6741 88.4036
v -19.7459 -11.7181 88.312
v -19.6606 -11.7627 88.2312
v -19.5653 -11.8072 88.1626
v -19.4614 -11.8509 88.1072
v -20.1977 -15.6431 89.0948
v -20.0791 -15.6704 89.0639
v -19.9567 -15.6936 89.0478
v -19.8326 -15.7124 89.0468
v -19.7085 -15.7263 89.0607
v -19.5866 -15.7353 89.0895
v -19.4687 -15.7392 89.1327
v -19.3568 -15.7378 89.1895
v -19.2524 -15.7314 89.2591
v -19.1574 -15.7198 89.3404
v -19.0732 -15.7034 89.432
v -19.0011 -15.6823 89.5327
v -18.9423 -15.6569 89.6407
v -18.8976 -15.6277 89.7544
v -18.8679 -15.595 89.8719
v -18.8535 -15.5594 89.9915
v -18.8547 -15.5215 90.1112
v -18.8715 -15.4818 90.2292
v -18.9036 -15.441 90.3435
v -18.9506 -15.3997 90.4524
v -19.0115 -15.3585 90.5542
v -19.0856 -15.3182 90.6473
v -19.1716 -15.2793 90.7301
v -19.2682 -15.2425 90.8014
v -19.3738 -15.2084 90.8601
v -19.4869 -15.1774 90.9052
v -19.6055 -15.1501 90.9361
v -19.7279 -15.1269 90.9522
v -19.852 -15.1082 90.9532
v -19.9761 -15.0942 90.9393
v -20.098 -15.0852 90.9105
v -20.2158 -15.0814 90.8673
v -20.3278 -15.0827 90.8105
v -20.4322 -15.0892 90.7409
v -20.5272 -15.1007 90.6596
v -20.6114 -15.1172 90.568
v -20.6835 -15.1382 90.4673
v -20.7423 -15.1636 90.3593
v -20.787 -15.1928 90.2456
v -20.8167 -15.2255 90.1281
v -20.8311 -15.2611 90.0085
v -20.8298 -15.299 89.8888
v -20.813 -15.3387 89.7708
v -20.7809 -15.3796 89.6565
v -20.734 -15.4209 89.5476
v -20.6731 -15.462 89.4458
v -20.599 -15.5023 89.3527
v -20.513 -15.5412 89.2699
v -20.4164 -15.578 89.1986
v -20.3107 -15.6122 89.1399
v -20.3377 -18.5259 90.1794
v -20.2193 -18.5324 90.138
v -20.0968 -18.5319 90.1101
v -19.9722 -18.5246 90.0963
v -19.8474 -18.5105 90.0968
v -19.7244 -18.4899 90.1114
v -19.6051 -18.4631 90.1401
v -19.4915 -18.4305 90.1824
v -19.3852 -18.3926 90.2376
v -19.288 -18.3501 90.3047
v -19.2014 -18.3036 90.3829
v -19.1268 -18.2538 90.4708
v -19.0653 -18.2015 90.567
v -19.0179 -18.1476 90.67
v -18.9854 -18.0929 90.7783
v -18.9683 -18.0382 90.8901
v -18.9668 -17.9845 91.0035
v -18.981 -17.9325 91.117
v -19.0107 -17.8831 91.2286
v -19.0553 -17.837 91.3365
v -19.1142 -17.7951 91.4392
v -19.1865 -17.7579 91.535
v -19.2709 -17.7261 91.6223
v -19.3663 -17.7001 91.6998
v -19.471 -17.6803 91.7662
v -19.5834 -17.6671 91.8206
v -19.7018 -17.6607 91.862
v -19.8242 -17.6612 91.8899
v -19.9488 -17.6685 91.9037
v -20.0736 -17.6826 91.9032
v -20.1966 -17.7032 91.8886
v -20.3159 -17.73 91.8599
v -20.4296 -17.7626 91.8176
v -20.5359 -17.8004 91.7624
v -20.6331 -17.843 91.6953
v -20.7197 -17.8895 91.6171
v -20.7943 -17.9393 91.5292
v -20.8558 -17.9916 91.433
v -20.9031 -18.0455 91.33
v -20.9356 -18.1002 91.2217
v -20.9528 -18.1549 91.1099
v -20.9542 -18.2086 90.9965
v -20.94 -18.2606 90.883
v -20.9104 -18.31 90.7714
v -20.8657 -18.356 90.6635
v -20.8068 -18.398 90.5608
v -20.7346 -18.4352 90.465
v -20.6501 -18.467 90.3777
v -20.5548 -18.493 90.3002
v -20.4501 -18.5128 90.2338
v -19.65 -20.4639 91.4969
v -19.5503 -20.443 91.4234
v -19.4478 -20.4096 91.3591
v -19.3441 -20.3641 91.3048
v -19.2408 -20.3072 91.2615
v -19.1396 -20.2399 91.2299
v -19.042 -20.1633 91.2104
v -18.9497 -20.0785 91.2034
v -18.864 -19.9869 91.2089
v -18.7863 -19.8899 91.2269
v -18.7178 -19.789 91.2571
v -18.6597 -19.6859 91.299
v -18.6127 -19.5822 91.3519
v -18.5778 -19.4794 91.4151
v -18.5553 -19.3793 91.4875
v -18.5458 -19.2834 91.568
v -18.5493 -19.1932 91.6553
v -18.5657 -19.1101 91.7481
v -18.5948 -19.0355 91.8448
v -18.6362 -18.9705 91.9439
v -18.6892 -18.9161 92.044
v -18.753 -18.8733 92.1433
v -18.8265 -18.8426 92.2404
v -18.9086 -18.8246 92.3337
v -18.998 -18.8196 92.4217
v -19.0933 -18.8276 92.5031
v -19.193 -18.8485 92.5766
v -19.2955 -18.8819 92.6409
v -19.3993 -18.9274 92.6952
v -19.5025 -18.9843 92.7385
v -19.6038 -19.0515 92.7701
v -19.7013 -19.1282 92.7896
v -19.7937 -19.213 92.7966
v -19.8794 -19.3046 92.7911
v -19.9571 -19.4016 92.7731
v -20.0255 -19.5025 92.7429
v -20.0837 -19.6056 92.701
v -20.1306 -19.7093 92.6481
v -20.1655 -19.8121 92.5849
v -20.188 -19.9122 92.5125
v -20.1975 -20.0081 92.432
v -20.1941 -20.0983 92.3447
v -20.1776 -20.1814 92.2519
v -20.1485 -20.256 92.1552
v -20.1071 -20.321 92.0561
v -20.0541 -20.3754 91.956
v -19.9903 -20.4182 91.8567
v -19.9168 -20.4489 91.7596
v -19.8347 -20.4669 91.6663
v -19.7453 -20.4719 91.5783
v -17.9245 -20.9451 93.033
v -17.8606 -20.9295 92.9261
v -17.8003 -20.8986 92.8203
v -17.7448 -20.8529 92.7174
v -17.6947 -20.7932 92.6189
v -17.651 -20.7203 92.5264
v -17.6144 -20.6355 92.4414
v -17.5853 -20.5399 92.3652
v -17.5643 -20.4353 92.299
v -17.5517 -20.3232 92.2439
v -17.5477 -20.2053 92.2007
v -17.5524 -20.0836 92.1701
v -17.5656 -19.96 92.1526
v -17.5872 -19.8363 92.1485
v -17.6168 -19.7147 92.1577
v -17.654 -19.5969 92.1803
v -17.6982 -19.4848 92.2158
v -17.7487 -19.3802 92.2637
v -17.8046 -19.2848 92.3231
v -17.8651 -19.2 92.3933
v -17.9293 -19.1273 92.473
v -17.9962 -19.0677 92.561
v -18.0646 -19.0221 92.656
v -18.1335 -18.9914 92.7563
v -18.2019 -18.9759 92.8606
v -18.2685 -18.976 92.967
v -18.3325 -18.9916 93.0739
v -18.3928 -19.0225 93.1797
v -18.4483 -19.0681 93.2826
v -18.4983 -19.1279 93.3811
v -18.542 -19.2008 93.4736
v -18.5787 -19.2856 93.5586
v -18.6078 -19.3811 93.6348
v -18.6288 -19.4858 93.701
v -18.6414 -19.5979 93.7561
v -18.6454 -19.7157 93.7993
v -18.6407 -19.8374 93.8299
v -18.6275 -19.9611 93.8474
v -18.6059 -20.0847 93.8515
v -18.5763 -20.2064 93.8423
v -18.5391 -20.3242 93.8197
v -18.4949 -20.4363 93.7842
v -18.4444 -20.5409 93.7363
v -18.3885 -20.6363 93.6769
v -18.3279 -20.721 93.6067
v -18.2637 -20.7938 93.527
v -18.1969 -20.8534 93.439
v -18.1285 -20.8989 93.344
v -18.0596 -20.9297 93.2437
v -17.9912 -20.9451 93.1394
v -15.6975 -19.8651 94.2337
v -15.6487 -19.8598 94.1181
v -15.6083 -19.8414 94.0006
v -15.5769 -19.8099 93.8832
v -15.555 -19.7661 93.7675
v -15.543 -19.7105 93.6556
v -15.541 -19.644 93.5491
v -15.5491 -19.5677 93.4497
v -15.5672 -19.4828 93.3589
v -15.595 -19.3906 93.2783
v -15.6319 -19.2925 93.2091
v -15.6775 -19.1902 93.1523
v -15.7311 -19.0852 93.1089
v -15.7917 -18.9792 93.0796
v -15.8585 -18.8739 93.0647
v -15.9303 -18.7709 93.0647
v -16.0061 -18.6719 93.0793
v -16.0846 -18.5783 93.1085
v -16.1647 -18.4917 93.1518
v -16.2449 -18.4135 93.2084
v -16.3242 -18.3449 93.2775
v -16.4012 -18.2869 93.358
v -16.4747 -18.2405 93.4487
v -16.5436 -18.2064 93.548
v -16.6067 -18.1852 93.6544
v -16.6631 -18.1772 93.7663
v -16.712 -18.1824 93.8819
v -16.7524 -18.2009 93.9994
v -16.7838 -18.2323 94.1168
v -16.8057 -18.2762 94.2325
v -16.8177 -18.3318 94.3444
v -16.8196 -18.3983 94.4509
v -16.8115 -18.4746 94.5503
v -16.7935 -18.5595 94.6411
v -16.7657 -18.6517 94.7217
v -16.7288 -18.7497 94.7909
v -16.6831 -18.8521 94.8477
v -16.6296 -18.957 94.8911
v -16.569 -19.063 94.9204
v -16.5022 -19.1683 94.9353
v -16.4304 -19.2713 94.9353
v -16.3546 -19.3704 94.9207
v -16.2761 -19.464 94.8915
v -16.196 -19.5505 94.8482
v -16.1157 -19.6287 94.7916
v -16.0365 -19.6974 94.7225
v -15.9595 -19.7554 94.642
v -15.886 -19.8017 94.5513
v -15.8171 -19.8358 94.452
v -15.754 -19.8571 94.3456
v -13.0798 -17.6224 95.2917
v -13.0366 -17.6225 95.1738
v -13.0037 -17.611 95.0531
v -12.9816 -17.5881 94.9317
v -12.9707 -17.5541 94.8113
v -12.9711 -17.5095 94.6938
v -12.9829 -17.4552 94.5812
v -13.0059 -17.3919 94.4753
v -13.0397 -17.3206 94.3775
v -13.0837 -17.2425 94.2896
v -13.1373 -17.1587 94.2129
v -13.1997 -17.0707 94.1487
v -13.2698 -16.9797 94.0978
v -13.3465 -16.8873 94.0612
v -13.4287 -16.7949 94.0394
v -13.515 -16.7039 94.0327
v -13.6041 -16.6158 94.0413
v -13.6946 -16.532 94.065
v -13.785 -16.4538 94.1034
v -13.8739 -16.3824 94.156
v -13.9599 -16.3189 94.2219
v -14.0417 -16.2644 94.3001
v -14.1179 -16.2197 94.3893
v -14.1875 -16.1855 94.4881
v -14.2492 -16.1624 94.595
v -14.302 -16.1507 94.7083
v -14.3453 -16.1506 94.8262
v -14.3782 -16.1621 94.9469
v -14.4003 -16.185 95.0683
v -14.4112 -16.219 95.1887
v -14.4108 -16.2636 95.3062
v -14.399 -16.3179 95.4188
v -14.376 -16.3812 95.5247
v -14.3422 -16.4525 95.6225
v -14.2982 -16.5307 95.7104
v -14.2445 -16.6144 95.7871
v -14.1822 -16.7024 95.8513
v -14.1121 -16.7934 95.9022
v -14.0353 -16.8858 95.9388
v -13.9532 -16.9782 95.9606
v -13.8669 -17.0692 95.9673
v -13.7778 -17.1573 95.9587
v -13.6873 -17.2411 95.935
v -13.5969 -17.3193 95.8966
v -13.508 -17.3908 95.844
v -13.422 -17.4542 95.7781
v -13.3402 -17.5087 95.6999
v -13.2639 -17.5534 95.6107
v -13.1944 -17.5876 95.5119
v -13.1327 -17.6107 95.405
v -10.0455 -14.3629 96.3133
v -10.0047 -14.3658 96.1946
v -9.97514 -14.358 96.0728
v -9.95724 -14.3398 95.9498
v -9.95132 -14.3112 95.8277
v -9.95747 -14.2729 95.7083
v -9.97559 -14.2254 95.5934
v -10.0054 -14.1695 95.485
v -10.0464 -14.1061 95.3847
v -10.098 -14.0361 95.2941
v -10.1593 -13.9606 95.2146
v -10.2295 -13.8809 95.1475
v -10.3073 -13.7982 95.0939
v -10.3915 -13.7138 95.0546
v -10.4809 -13.6291 95.0301
v -10.574 -13.5453 95.021
v -10.6694 -13.4638 95.0273
v -10.7655 -13.3859 95.0489
v -10.8608 -13.3128 95.0856
v -10.9539 -13.2457 95.1366
v -11.0432 -13.1856 95.2013
v -11.1273 -13.1335 95.2786
v -11.205 -13.0901 95.3672
v -11.275 -13.0563 95.4658
v -11.3361 -13.0324 95.5729
v -11.3875 -13.0189 95.6867
v -11.4283 -13.0161 95.8054
v -11.4579 -13.0238 95.9272
v -11.4758 -13.0421 96.0502
v -11.4818 -13.0707 96.1723
v -11.4756 -13.109 96.2917
v -11.4575 -13.1564 96.4066
v -11.4277 -13.2124 96.515
v -11.3867 -13.2758 96.6153
v -11.3351 -13.3458 96.7059
v -11.2737 -13.4213 96.7854
v -11.2036 -13.501 96.8525
v -11.1258 -13.5837 96.9061
v -11.0415 -13.6681 96.9454
v -10.9521 -13.7528 96.9699
v -10.859 -13.8366 96.979
v -10.7637 -13.9181 96.9727
v -10.6676 -13.996 96.9511
v -10.5723 -14.0691 96.9144
v -10.4792 -14.1362 96.8634
v -10.3899 -14.1963 96.7987
v -10.3057 -14.2484 96.7214
v -10.2281 -14.2918 96.6328
v -10.1581 -14.3256 96.5342
v -10.0969 -14.3495 96.4271
v -6.66077 -10.2701 97.3229
v -6.62115 -10.2745 97.2038
v -6.59322 -10.2688 97.0815
v -6.57742 -10.253 96.9579
v -6.574 -10.2276 96.835
v -6.58302 -10.1928 96.7147
v -6.60433 -10.1492 96.5989
v -6.63759 -10.0974 96.4894
v -6.68229 -10.0384 96.3879
v -6.73772 -9.97306 96.2961
v -6.80299 -9.90236 96.2154
v -6.8771 -9.82745 96.1471
v -6.95885 -9.7495 96.0923
v -7.04698 -9.66974 96.0517
v -7.14007 -9.58944 96.0261
v -7.23668 -9.50986 96.0159
v -7.33527 -9.43226 96.0212
v -7.43429 -9.35785 96.0419
v -7.53218 -9.28781 96.0777
v -7.62739 -9.22326 96.1281
v -7.71842 -9.16519 96.1922
v -7.80384 -9.11454 96.2691
v -7.8823 -9.07209 96.3575
v -7.95256 -9.03853 96.456
v -8.01352 -9.01437 96.5631
v -8.06421 -9 96.6771
v -8.10383 -8.99565 96.7962
v -8.13176 -9.00138 96.9185
v -8.14756 -9.0171 97.0421
v -8.15098 -9.04257 97.165
v -8.14197 -9.07738 97.2853
v -8.12066 -9.12099 97.4011
v -8.08739 -9.17271 97.5106
v -8.04269 -9.23172 97.6121
v -7.98727 -9.29709 97.7039
v -7.92199 -9.36779 97.7846
v -7.84789 -9.4427 97.8529
v -7.76613 -9.52065 97.9077
v -7.67801 -9.6004 97.9483
v -7.58491 -9.6807 97.9739
v -7.4883 -9.76028 97.9841
v -7.38971 -9.83789 97.9788
v -7.29069 -9.9123 97.9581
v -7.1928 -9.98233 97.9223
v -7.09759 -10.0469 97.8719
v -7.00656 -10.105 97.8078
v -6.92114 -10.1556 97.7309
v -6.84268 -10.1981 97.6425
v -6.77242 -10.2316 97.544
v -6.71146 -10.2558 97.4369
v -3.03078 -5.58948 98.3272
v -2.99173 -5.59458 98.208
v -2.96459 -5.58988 98.0854
v -2.9498 -5.57546 97.9616
v -2.9476 -5.55156 97.8383
v -2.95801 -5.51855 97.7176
v -2.98088 -5.47694 97.6013
v -3.01583 -5.4274 97.4914
v -3.06233 -5.37071 97.3894
v -3.11964 -5.30776 97.2971
v -3.18685 -5.23954 97.2158
v -3.2629 -5.16713 97.147
v -3.3466 -5.09167 97.0916
v -3.43662 -5.01435 97.0505
v -3.53154 -4.93639 97.0243
v -3.62988 -4.85902 97.0136
v -3.73007 -4.78347 97.0184
v -3.83054 -4.71091 97.0387
v -3.9297 -4.6425 97.0742
v -4.02599 -4.57931 97.1243
v -4.11789 -4.52235 97.1882
v -4.20395 -4.4725 97.2648
v -4.28281 -4.43056 97.3531
v -4.35323 -4.39719 97.4516
v -4.41411 -4.37291 97.5587
v -4.46447 -4.35811 97.6728
v -4.50353 -4.35302 97.792
v -4.53066 -4.35772 97.9146
v -4.54545 -4.37213 98.0384
v -4.54765 -4.39603 98.1617
v -4.53724 -4.42905 98.2824
v -4.51438 -4.47065 98.3987
v -4.47942 -4.52019 98.5086
v -4.43292 -4.57689 98.6106
v -4.37562 -4.63984 98.7029
v -4.30841 -4.70806 98.7842
v -4.23235 -4.78047 98.853
v -4.14866 -4.85593 98.9084
v -4.05863 -4.93325 98.9495
v -3.96371 -5.0112 98.9757
v -3.86537 -5.08857 98.9864
v -3.76518 -5.16413 98.9816
v -3.66471 -5.23669 98.9613
v -3.56555 -5.3051 98.9258
v -3.46926 -5.36828 98.8757
v -3.37737 -5.42525 98.8118
v -3.2913 -5.47509 98.7352
v -3.21244 -5.51703 98.6469
v -3.14202 -5.5504 98.5484
v -3.08115 -5.57468 98.4413
v 0.72144 -0.609623 99.3285
v 0.760327 -0.61494 99.2092
v 0.787224 -0.610559 99.0866
v 0.801705 -0.59655 98.9626
v 0.803544 -0.573132 98.8393
v 0.79271 -0.540675 98.7184
v 0.769374 -0.499692 98.602
v 0.733905 -0.450829 98.4919
v 0.686862 -0.394855 98.3898
v 0.628986 -0.332654 98.2973
v 0.561191 -0.265208 98.216
v 0.484546 -0.193578 98.1469
v 0.400259 -0.118896 98.0913
v 0.30966 -0.0423393 98.0501
v 0.214178 0.0348856 98.0238
v 0.115317 0.11156 98.013
v 0.0146382 0.186476 98.0176
v -0.0862716 0.25845 98.0378
v -0.185821 0.326349 98.0732
v -0.28244 0.389101 98.1232
v -0.374604 0.445716 98.187
v -0.460861 0.495302 98.2636
v -0.53985 0.537077 98.3518
v -0.610325 0.570382 98.4503
v -0.671175 0.594692 98.5574
v -0.72144 0.609623 98.6715
v -0.760327 0.61494 98.7908
v -0.787224 0.610559 98.9134
v -0.801705 0.59655 99.0374
v -0.803544 0.573132 99.1607
v -0.79271 0.540675 99.2816
v -0.769374 0.499692 99.398
v -0.733905 0.450829 99.5081
v -0.686862 0.394855 99.6102
v -0.628986 0.332654 99.7027
v -0.561191 0.265208 99.784
v -0.484546 0.193578 99.8531
v -0.400259 0.118896 99.9087
v -0.30966 0.0423393 99.9499
v -0.214178 -0.0348856 99.9762
v -0.115317 -0.11156 99.987
v -0.0146382 -0.186476 99.9824
v 0.0862716 -0.25845 99.9622
v 0.185821 -0.326349 99.9268
v 0.28244 -0.389101 99.8768
v 0.374604 -0.445716 99.813
v 0.460861 -0.495302 99.7364
v 0.53985 -0.537077 99.6482
v 0.610325 -0.570382 99.5497
v 0.671175 -0.594692 99.4426
v 3.94659 3.59857 -0.262977
v 3.96056 3.62945 -0.383899
v 3.96185 3.6695 -0.502914
v 3.95043 3.7181 -0.618145
v 3.92649 3.77448 -0.727774
v 3.8904 3.83776 -0.830074
v 3.84274 3.90692 -0.92343
v 3.78425 3.98088 -1.00637
v 3.71586 4.05848 -1.07759
v 3.63865 4.1385 -1.13596
v 3.55384 4.21966 -1.18056
v 3.46275 4.30069 -1.21069
v 3.36683 4.38031 -1.22588
v 3.2676 4.45727 -1.22588
v 3.1666 4.53035 -1.21069
v 3.06545 4.5984 -1.18056
v 2.96573 4.66035 -1.13596
v 2.86902 4.71522 -1.07759
v 2.77684 4.76214 -1.00637
v 2.69065 4.80038 -0.92343
v 2.6118 4.82932 -0.830074
v 2.54154 4.84853 -0.727774
v 2.48097 4.85768 -0.618145
v 2.43106 4.85664 -0.502914
v 2.39258 4.84543 -0.383899
v 2.36615 4.82422 -0.262977
v 2.35219 4.79334 -0.142056
v 2.3509 4.75328 -0.0230408
v 2.36232 4.70468 0.09219
v 2.38626 4.6483 0.20182
v 2.42235 4.58503 0.304119
v 2.47001 4.51587 0.397475
v 2.52849 4.4419 0.480415
v 2.59688 4.3643 0.551632
v 2.67409 4.28429 0.610002
v 2.75891 4.20313 0.654604
v 2.85 4.12209 0.684735
v 2.94591 4.04247 0.699921
v 3.04515 3.96551 0.699921
v 3.14614 3.89243 0.684735
v 3.24729 3.82438 0.654604
v 3.34701 3.76243 0.610002
v 3.44372 3.70757 0.551632
v 3.5359 3.66064 0.480415
v 3.6221 3.62241 0.397475
v 3.70095 3.59346 0.304119
v 3.77121 3.57426 0.20182
v 3.83177 3.5651 0.09219
v 3.88169 3.56614 -0.0230408
v 3.92016 3.57736 -0.142056
v 3.37398 2.8602 -0.619255
v 3.39512 2.90032 -0.736364
v 3.40345 2.94947 -0.851626
v 3.39887 3.00688 -0.963224
v 3.38142 3.07164 -1.0694
v 3.3514 3.14273 -1.16847
v 3.30927 3.21902 -1.25888
v 3.2557 3.29933 -1.33921
v 3.19153 3.38237 -1.40818
v 3.11778 3.46684 -1.46471
v 3.0356 3.55141 -1.5079
v 2.9463 3.63475 -1.53708
v 2.85129 3.71553 -1.55179
v 2.75205 3.79249 -1.55179
v 2.65016 3.86441 -1.53708
v 2.54722 3.93016 -1.5079
v 2.44486 3.9887 -1.46471
v 2.34469 4.0391 -1.40818
v 2.24829 4.08058 -1.33921
v 2.15718 4.11248 -1.25888
v 2.0728 4.13429 -1.16847
v 1.99647 4.14568 -1.0694
v 1.92941 4.14646 -0.963224
v 1.87267 4.13661 -0.851626
v 1.82714 4.1163 -0.736364
v 1.79354 4.08585 -0.619255
v 1.77241 4.04573 -0.502147
v 1.76407 3.99658 -0.386885
v 1.76866 3.93917 -0.275287
v 1.7861 3.87442 -0.169114
v 1.81613 3.80333 -0.0700407
v 1.85826 3.72703 0.0203717
v 1.91183 3.64673 0.100697
v 1.976 3.56368 0.169668
v 2.04975 3.47921 0.226197
v 2.13192 3.39464 0.269393
v 2.22122 3.31131 0.298574
v 2.31624 3.23052 0.313281
v 2.41548 3.15356 0.313281
v 2.51737 3.08164 0.298574
v 2.62031 3.01589 0.269393
v 2.72267 2.95736 0.226197
v 2.82284 2.90695 0.169668
v 2.91924 2.86547 0.100697
v 3.01035 2.83357 0.0203717
v 3.09473 2.81176 -0.0700407
v 3.17105 2.80037 -0.169114
v 3.23812 2.7996 -0.275287
v 3.29486 2.80944 -0.386885
v 3.34039 2.82975 -0.502147
v 2.82553 2.15299 -1.0654
v 2.85357 2.20201 -1.17757
v 2.8687 2.25992 -1.28797
v 2.87069 2.32581 -1.39486
v 2.8595 2.39863 -1.49655
v 2.83532 2.47725 -1.59145
v 2.79852 2.56042 -1.67805
v 2.74968 2.64683 -1.75498
v 2.68958 2.73512 -1.82104
v 2.61916 2.82389 -1.87519
v 2.53953 2.91174 -1.91656
v 2.45195 2.99729 -1.94451
v 2.3578 3.07919 -1.9586
v 2.25856 3.15615 -1.9586
v 2.15581 3.22695 -1.94451
v 2.05115 3.29048 -1.91656
v 1.94624 3.34574 -1.87519
v 1.84274 3.39185 -1.82104
v 1.74227 3.42809 -1.75498
v 1.64643 3.45388 -1.67805
v 1.55672 3.46882 -1.59145
v 1.47455 3.47268 -1.49655
v 1.40123 3.46538 -1.39486
v 1.33791 3.44706 -1.28797
v 1.28559 3.41799 -1.17757
v 1.24509 3.37863 -1.0654
v 1.21706 3.32962 -0.953235
v 1.20192 3.2717 -0.842836
v 1.19993 3.20582 -0.735947
v 1.21112 3.13299 -0.634253
v 1.2353 3.05437 -0.539359
v 1.2721 2.9712 -0.452761
v 1.32094 2.88479 -0.375825
v 1.38104 2.79651 -0.309764
v 1.45146 2.70774 -0.25562
v 1.53109 2.61988 -0.214246
v 1.61867 2.53433 -0.186296
v 1.71282 2.45243 -0.17221
v 1.81206 2.37547 -0.17221
v 1.91482 2.30467 -0.186296
v 2.01947 2.24114 -0.214246
v 2.12438 2.18588 -0.25562
v 2.22788 2.13977 -0.309764
v 2.32835 2.10354 -0.375825
v 2.4242 2.07774 -0.452761
v 2.51391 2.0628 -0.539359
v 2.59607 2.05895 -0.634253
v 2.66939 2.06624 -0.735947
v 2.73271 2.08456 -0.842836
v 2.78503 2.11363 -0.953235
v 2.30652 1.48374 -1.59712
v 2.34113 1.54123 -1.70327
v 2.36273 1.60748 -1.80774
v 2.37098 1.68145 -1.9089
v 2.36575 1.76196 -2.00513
v 2.34713 1.84775 -2.09493
v 2.31541 1.93746 -2.17688
v 2.27108 2.02968 -2.24969
v 2.21485 2.12296 -2.3122
v 2.1476 2.21582 -2.36344
v 2.07039 2.3068 -2.40259
v 1.98445 2.39446 -2.42904
v 1.89113 2.47743 -2.44237
v 1.79189 2.55439 -2.44237
v 1.68831 2.62412 -2.42904
v 1.58201 2.68554 -2.40259
v 1.47468 2.73767 -2.36344
v 1.368 2.77969 -2.3122
v 1.26367 2.81094 -2.24969
v 1.16331 2.83092 -2.17688
v 1.06853 2.83932 -2.09493
v 0.980804 2.836 -2.00513
v 0.901525 2.82102 -1.9089
v 0.831941 2.79462 -1.80774
v 0.77315 2.75721 -1.70327
v 0.726079 2.70938 -1.59712
v 0.691471 2.65189 -1.49098
v 0.66987 2.58564 -1.3865
v 0.661618 2.51167 -1.28535
v 0.666844 2.43116 -1.18912
v 0.685468 2.34537 -1.09932
v 0.717193 2.25566 -1.01737
v 0.761522 2.16344 -0.944561
v 0.817753 2.07016 -0.882046
v 0.885001 1.9773 -0.830808
v 0.962205 1.88632 -0.791656
v 1.04815 1.79866 -0.765206
v 1.14147 1.71569 -0.751876
v 1.24071 1.63873 -0.751876
v 1.34429 1.56899 -0.765206
v 1.45059 1.50757 -0.791656
v 1.55792 1.45544 -0.830808
v 1.6646 1.41342 -0.882046
v 1.76893 1.38218 -0.944561
v 1.86928 1.3622 -1.01737
v 1.96407 1.3538 -1.09932
v 2.05179 1.35712 -1.18912
v 2.13107 1.37209 -1.28535
v 2.20066 1.39849 -1.3865
v 2.25945 1.43591 -1.49098
v 1.82195 0.85889 -2.2093
v 1.86273 0.924352 -2.3084
v 1.89042 0.998447 -2.40594
v 1.90456 1.08 -2.50038
v 1.90493 1.16774 -2.59023
v 1.89154 1.26027 -2.67407
v 1.86458 1.35613 -2.75058
v 1.82449 1.45382 -2.81856
v 1.7719 1.55179 -2.87693
v 1.70763 1.6485 -2.92477
v 1.63271 1.74242 -2.96132
v 1.54831 1.83206 -2.98602
v 1.45576 1.91603 -2.99846
v 1.35652 1.99299 -2.99846
v 1.25216 2.06173 -2.98602
v 1.14433 2.12116 -2.96132
v 1.03472 2.17035 -2.92477
v 0.925057 2.20852 -2.87693
v 0.817081 2.23508 -2.81856
v 0.71249 2.24959 -2.75058
v 0.612934 2.25184 -2.67407
v 0.519982 2.24178 -2.59023
v 0.435101 2.21958 -2.50038
v 0.359629 2.18559 -2.40594
v 0.294756 2.14033 -2.3084
v 0.241505 2.08454 -2.2093
v 0.200717 2.01907 -2.11019
v 0.173035 1.94498 -2.01265
v 0.158894 1.86342 -1.91821
v 0.158519 1.77569 -1.82836
v 0.171914 1.68316 -1.74452
v 0.198869 1.58729 -1.66801
v 0.238959 1.4896 -1.60003
v 0.291551 1.39164 -1.54167
v 0.355817 1.29493 -1.49383
v 0.430741 1.20101 -1.45727
v 0.515144 1.11136 -1.43258
v 0.607693 1.0274 -1.42013
v 0.70693 0.950437 -1.42013
v 0.811289 0.881698 -1.43258
v 0.919124 0.822265 -1.45727
v 1.02874 0.773074 -1.49383
v 1.13839 0.734901 -1.54167
v 1.24637 0.708348 -1.60003
v 1.35096 0.693833 -1.66801
v 1.45052 0.691586 -1.74452
v 1.54347 0.701643 -1.82836
v 1.62835 0.723843 -1.91821
v 1.70382 0.757838 -2.01265
v 1.76869 0.803092 -2.11019
v 1.37648 0.284469 -2.89603
v 1.42299 0.357315 -2.98713
v 1.45631 0.438678 -3.0768
v 1.47591 0.527272 -3.16362
v 1.48147 0.621703 -3.24622
v 1.47292 0.720479 -3.3233
v 1.45039 0.822044 -3.39363
v 1.41423 0.924796 -3.45612
v 1.36501 1.02711 -3.50978
v 1.30351 1.12738 -3.55376
v 1.23069 1.22403 -3.58736
v 1.14772 1.31552 -3.61006
v 1.05589 1.40041 -3.62151
v 0.956652 1.47737 -3.62151
v 0.851574 1.54518 -3.61006
v 0.742311 1.60277 -3.58736
v 0.630588 1.64924 -3.55376
v 0.518166 1.68385 -3.50978
v 0.406817 1.70605 -3.45612
v 0.298298 1.7155 -3.39363
v 0.194321 1.71205 -3.3233
v 0.0965244 1.69575 -3.24622
v 0.00645134 1.66685 -3.16362
v -0.0744778 1.62582 -3.0768
v -0.144987 1.5733 -2.98713
v -0.203964 1.51012 -2.89603
v -0.250478 1.43727 -2.80492
v -0.283797 1.35591 -2.71525
v -0.303395 1.26731 -2.62843
v -0.308962 1.17288 -2.54583
v -0.300411 1.0741 -2.46876
v -0.277877 0.972539 -2.39842
v -0.241715 0.869788 -2.33593
v -0.192495 0.76747 -2.28227
v -0.130994 0.667199 -2.2383
v -0.0581816 0.570557 -2.20469
v 0.0247941 0.479068 -2.18199
v 0.116624 0.394175 -2.17055
v 0.215861 0.317216 -2.17055
v 0.320939 0.249405 -2.18199
v 0.430201 0.191812 -2.20469
v 0.541925 0.145344 -2.2383
v 0.654347 0.110735 -2.28227
v 0.765696 0.0885311 -2.33593
v 0.874214 0.0790814 -2.39842
v 0.978192 0.0825354 -2.46876
v 1.07599 0.0988386 -2.54583
v 1.16606 0.127734 -2.62843
v 1.24699 0.168766 -2.71525
v 1.3175 0.221287 -2.80492
v 0.974402 -0.233996 -3.6507
v 1.02614 -0.15442 -3.73293
v 1.06459 -0.0664346 -3.81387
v 1.08916 0.0285728 -3.89223
v 1.09946 0.129104 -3.96678
v 1.09532 0.233573 -4.03635
v 1.07682 0.340334 -4.09983
v 1.04424 0.447701 -4.15623
v 0.998089 0.553982 -4.20466
v 0.939107 0.657501 -4.24436
v 0.868219 0.756625 -4.27469
v 0.786544 0.84979 -4.29518
v 0.695369 0.935529 -4.30551
v 0.596132 1.01249 -4.30551
v 0.490399 1.07945 -4.29518
v 0.379836 1.13537 -4.27469
v 0.266188 1.17936 -4.24436
v 0.151247 1.21072 -4.20466
v 0.0368248 1.22896 -4.15623
v -0.0752733 1.23379 -4.09983
v -0.18328 1.22514 -4.03635
v -0.285491 1.20315 -3.96678
v -0.380295 1.16815 -3.89223
v -0.466197 1.12071 -3.81387
v -0.541842 1.06156 -3.73293
v -0.606038 0.991651 -3.6507
v -0.657771 0.912075 -3.56847
v -0.696226 0.82409 -3.48753
v -0.720796 0.729082 -3.40917
v -0.731095 0.628551 -3.33462
v -0.726959 0.524082 -3.26505
v -0.708454 0.417322 -3.20157
v -0.675871 0.309954 -3.14517
v -0.629725 0.203673 -3.09674
v -0.570743 0.100155 -3.05704
v -0.499855 0.00103063 -3.02671
v -0.41818 -0.0921352 -3.00622
v -0.327005 -0.177874 -2.99589
v -0.227768 -0.254833 -2.99589
v -0.122035 -0.321799 -3.00622
v -0.0114721 -0.377715 -3.02671
v 0.102176 -0.4217 -3.05704
v 0.217117 -0.453061 -3.09674
v 0.33154 -0.471302 -3.14517
v 0.443638 -0.476136 -3.20157
v 0.551644 -0.467487 -3.26505
v 0.653855 -0.445491 -3.33462
v 0.748659 -0.410495 -3.40917
v 0.834562 -0.363051 -3.48753
v 0.910207 -0.303907 -3.56847
v 0.619595 -0.69151 -4.46605
v 0.675989 -0.605925 -4.53861
v 0.71903 -0.512025 -4.61003
v 0.748042 -0.411291 -4.67918
v 0.762565 -0.305312 -4.74497
v 0.762372 -0.195759 -4.80636
v 0.747465 -0.0843591 -4.86238
v 0.718078 0.0271299 -4.91215
v 0.674677 0.13695 -4.95489
v 0.617944 0.24337 -4.98992
v 0.548776 0.34471 -5.01668
v 0.468262 0.439373 -5.03476
v 0.377672 0.525867 -5.04388
v 0.278435 0.602826 -5.04388
v 0.172117 0.669037 -5.03476
v 0.0603929 0.723456 -5.01668
v -0.0549743 0.765225 -4.98992
v -0.172165 0.793684 -4.95489
v -0.289332 0.808386 -4.91215
v -0.404627 0.809099 -4.86238
v -0.516231 0.79581 -4.80636
v -0.622385 0.76873 -4.74497
v -0.721414 0.728286 -4.67918
v -0.811757 0.675115 -4.61003
v -0.891989 0.610057 -4.53861
v -0.960845 0.534136 -4.46605
v -1.01724 0.448551 -4.39348
v -1.06028 0.354651 -4.32206
v -1.08929 0.253918 -4.25291
v -1.10381 0.147938 -4.18713
v -1.10362 0.038385 -4.12574
v -1.08871 -0.0730146 -4.06972
v -1.05933 -0.184504 -4.01994
v -1.01593 -0.294324 -3.97721
v -0.959194 -0.400743 -3.94218
v -0.890025 -0.502084 -3.91541
v -0.809511 -0.596747 -3.89733
v -0.718921 -0.68324 -3.88822
v -0.619685 -0.760199 -3.88822
v -0.513366 -0.82641 -3.89733
v -0.401642 -0.88083 -3.91541
v -0.286275 -0.922598 -3.94218
v -0.169084 -0.951058 -3.97721
v -0.0519176 -0.96576 -4.01994
v 0.0633771 -0.966473 -4.06972
v 0.174981 -0.953184 -4.12574
v 0.281135 -0.926104 -4.18713
v 0.380164 -0.88566 -4.25291
v 0.470508 -0.832489 -4.32206
v 0.55074 -0.767431 -4.39348
v 0.315472 -1.08367 -5.33422
v 0.375923 -0.992852 -5.39642
v 0.422958 -0.893803 -5.45764
v 0.455836 -0.788084 -5.51691
v 0.474038 -0.677361 -5.5733
v 0.477276 -0.563382 -5.62592
v 0.465501 -0.447943 -5.67394
v 0.438898 -0.332866 -5.7166
v 0.397886 -0.219965 -5.75323
v 0.343112 -0.11102 -5.78325
v 0.27544 -0.00774956 -5.8062
v 0.195937 0.0882173 -5.82169
v 0.105856 0.175367 -5.8295
v 0.00661977 0.252326 -5.8295
v -0.100208 0.317881 -5.82169
v -0.212943 0.370996 -5.8062
v -0.329807 0.410835 -5.78325
v -0.448956 0.43677 -5.75323
v -0.568512 0.448391 -5.7166
v -0.68659 0.445514 -5.67394
v -0.801326 0.428187 -5.62592
v -0.910913 0.396681 -5.5733
v -1.01362 0.351494 -5.51691
v -1.10783 0.293338 -5.45764
v -1.19205 0.22313 -5.39642
v -1.26497 0.141978 -5.33422
v -1.32542 0.0511612 -5.27202
v -1.37245 -0.0478878 -5.2108
v -1.40533 -0.153607 -5.15153
v -1.42353 -0.264329 -5.09514
v -1.42677 -0.378309 -5.04252
v -1.415 -0.493747 -4.9945
v -1.38839 -0.608825 -4.95184
v -1.34738 -0.721726 -4.91521
v -1.29261 -0.830671 -4.88519
v -1.22493 -0.933941 -4.86224
v -1.14543 -1.02991 -4.84674
v -1.05535 -1.11706 -4.83893
v -0.956115 -1.19402 -4.83893
v -0.849287 -1.25957 -4.84674
v -0.736552 -1.31269 -4.86224
v -0.619688 -1.35253 -4.88519
v -0.500539 -1.37846 -4.91521
v -0.380983 -1.39008 -4.95184
v -0.262905 -1.38721 -4.9945
v -0.148169 -1.36988 -5.04252
v -0.0385825 -1.33837 -5.09514
v 0.0641251 -1.29318 -5.15153
v 0.158334 -1.23503 -5.2108
v 0.24256 -1.16482 -5.27202
v 0.0649627 -1.40669 -6.24685
v 0.128828 -1.31147 -6.29809
v 0.179224 -1.20809 -6.34851
v 0.215356 -1.09818 -6.39733
v 0.236654 -0.983461 -6.44378
v 0.242782 -0.865756 -6.48713
v 0.233644 -0.746918 -6.52668
v 0.209383 -0.62882 -6.56182
v 0.170382 -0.513325 -6.592
v 0.117256 -0.402255 -6.61673
v 0.0508437 -0.29736 -6.63562
v -0.0278084 -0.200296 -6.64839
v -0.11746 -0.112593 -6.65483
v -0.216696 -0.035634 -6.65483
v -0.323953 0.0293671 -6.64839
v -0.437539 0.0813853 -6.63562
v -0.555662 0.1196 -6.61673
v -0.67646 0.143409 -6.592
v -0.798028 0.152436 -6.56182
v -0.918447 0.14654 -6.52668
v -1.03582 0.125813 -6.48713
v -1.1483 0.0905814 -6.44378
v -1.2541 0.0414018 -6.39733
v -1.35156 -0.0209506 -6.34851
v -1.43915 -0.0954924 -6.29809
v -1.51548 -0.181048 -6.24685
v -1.57934 -0.276268 -6.19562
v -1.62974 -0.379651 -6.14519
v -1.66587 -0.489567 -6.09637
v -1.68717 -0.604282 -6.04992
v -1.6933 -0.721986 -6.00658
v -1.68416 -0.840825 -5.96702
v -1.6599 -0.958922 -5.93188
v -1.6209 -1.07442 -5.90171
v -1.56777 -1.18549 -5.87698
v -1.50136 -1.29038 -5.85808
v -1.42271 -1.38745 -5.84531
v -1.33305 -1.47515 -5.83888
v -1.23382 -1.55211 -5.83888
v -1.12656 -1.61711 -5.84531
v -1.01298 -1.66913 -5.85808
v -0.894852 -1.70734 -5.87698
v -0.774054 -1.73115 -5.90171
v -0.652487 -1.74018 -5.93188
v -0.532067 -1.73428 -5.96702
v -0.414694 -1.71356 -6.00658
v -0.302219 -1.67832 -6.04992
v -0.196415 -1.62914 -6.09637
v -0.0989515 -1.56679 -6.14519
v -0.0113651 -1.49225 -6.19562
v -0.129521 -1.65748 -7.19516
v -0.0629159 -1.55872 -7.23493
v -0.00982304 -1.45186 -7.27408
v 0.0289199 -1.33858 -7.31199
v 0.0527019 -1.22066 -7.34805
v 0.0611478 -1.09997 -7.3817
v 0.0541246 -0.978403 -7.4124
v 0.0317429 -0.857882 -7.43969
v -0.00564432 -0.740307 -7.46311
v -0.0574473 -0.627531 -7.48231
v -0.122849 -0.521333 -7.49698
v -0.200819 -0.423388 -7.50689
v -0.290126 -0.335242 -7.51189
v -0.389363 -0.258283 -7.51189
v -0.496964 -0.193725 -7.50689
v -0.611232 -0.142587 -7.49698
v -0.730366 -0.105676 -7.48231
v -0.852486 -0.0835723 -7.46311
v -0.975667 -0.0766257 -7.43969
v -1.09797 -0.0849454 -7.4124
v -1.21745 -0.1084 -7.3817
v -1.33225 -0.146621 -7.34805
v -1.44054 -0.199003 -7.31199
v -1.54061 -0.264723 -7.27408
v -1.63089 -0.342742 -7.23493
v -1.70996 -0.43183 -7.19516
v -1.77657 -0.530584 -7.15538
v -1.82966 -0.637444 -7.11623
v -1.8684 -0.750727 -7.07833
v -1.89218 -0.868644 -7.04227
v -1.90063 -0.989338 -7.00862
v -1.89361 -1.1109 -6.97791
v -1.87123 -1.23143 -6.95063
v -1.83384 -1.349 -6.9272
v -1.78204 -1.46178 -6.908
v -1.71663 -1.56797 -6.89333
v -1.63866 -1.66592 -6.88342
v -1.54936 -1.75407 -6.87843
v -1.45012 -1.83102 -6.87843
v -1.34252 -1.89558 -6.88342
v -1.22825 -1.94672 -6.89333
v -1.10912 -1.98363 -6.908
v -0.986996 -2.00574 -6.9272
v -0.863815 -2.01268 -6.95063
v -0.741516 -2.00436 -6.97791
v -0.622028 -1.98091 -7.00862
v -0.507235 -1.94269 -7.04227
v -0.398947 -1.8903 -7.07833
v -0.298872 -1.82458 -7.11623
v -0.208589 -1.74657 -7.15538
v -0.266107 -1.8336 -8.17
v -0.197463 -1.73222 -8.19794
v -0.142364 -1.62277 -8.22543
v -0.101678 -1.50698 -8.25205
v -0.0760483 -1.38668 -8.27738
v -0.0658778 -1.26377 -8.30101
v -0.0713273 -1.14017 -8.32258
v -0.0923108 -1.01785 -8.34174
v -0.128497 -0.898722 -8.35819
v -0.179316 -0.784678 -8.37167
v -0.243966 -0.677511 -8.38197
v -0.321428 -0.578911 -8.38894
v -0.410479 -0.490434 -8.39244
v -0.509716 -0.413475 -8.39244
v -0.617573 -0.349248 -8.38894
v -0.732349 -0.298765 -8.38197
v -0.852235 -0.262823 -8.37167
v -0.975339 -0.241988 -8.35819
v -1.09972 -0.23659 -8.34174
v -1.22342 -0.246712 -8.32258
v -1.34448 -0.272197 -8.30101
v -1.461 -0.312641 -8.27738
v -1.57113 -0.367407 -8.25205
v -1.67315 -0.435631 -8.22543
v -1.76544 -0.516237 -8.19794
v -1.84655 -0.607954 -8.17
v -1.91519 -0.709336 -8.14207
v -1.97029 -0.818783 -8.11458
v -2.01098 -0.934571 -8.08796
v -2.03661 -1.05487 -8.06263
v -2.04678 -1.17779 -8.039
v -2.04133 -1.30138 -8.01743
v -2.02034 -1.42371 -7.99827
v -1.98416 -1.54283 -7.98182
v -1.93334 -1.65688 -7.96834
v -1.86869 -1.76404 -7.95803
v -1.79123 -1.86264 -7.95107
v -1.70217 -1.95112 -7.94756
v -1.60294 -2.02808 -7.94756
v -1.49508 -2.09231 -7.95107
v -1.3803 -2.14279 -7.95803
v -1.26042 -2.17873 -7.96834
v -1.13731 -2.19957 -7.98182
v -1.01293 -2.20496 -7.99827
v -0.889236 -2.19484 -8.01743
v -0.768173 -2.16936 -8.039
v -0.651656 -2.12891 -8.06263
v -0.54152 -2.07415 -8.08796
v -0.439503 -2.00592 -8.11458
v -0.347213 -1.92532 -8.14207
v -0.343479 -1.93337 -9.162
v -0.273517 -1.83029 -9.17783
v -0.217121 -1.71917 -9.1934
v -0.175181 -1.60176 -9.20848
v -0.148356 -1.47992 -9.22283
v -0.137071 -1.35557 -9.23621
v -0.141504 -1.23066 -9.24843
v -0.161584 -1.10717 -9.25928
v -0.196994 -0.987047 -9.2686
v -0.247177 -0.872183 -9.27624
v -0.311342 -0.764389 -9.28208
v -0.388475 -0.665366 -9.28602
v -0.477361 -0.576676 -9.28801
v -0.576597 -0.499717 -9.28801
v -0.68462 -0.435703 -9.28602
v -0.799724 -0.385643 -9.28208
v -0.920096 -0.350328 -9.27624
v -1.04384 -0.330313 -9.2686
v -1.16899 -0.325915 -9.25928
v -1.29359 -0.337203 -9.24843
v -1.41567 -0.363999 -9.23621
v -1.53331 -0.40588 -9.22283
v -1.64464 -0.462186 -9.20848
v -1.74791 -0.532029 -9.1934
v -1.8415 -0.614307 -9.17783
v -1.92392 -0.707723 -9.162
v -1.99388 -0.810803 -9.14618
v -2.05028 -0.921923 -9.1306
v -2.09222 -1.03933 -9.11552
v -2.11904 -1.16117 -9.10118
v -2.13033 -1.28552 -9.08779
v -2.12589 -1.41043 -9.07557
v -2.10581 -1.53392 -9.06472
v -2.0704 -1.65404 -9.0554
v -2.02022 -1.76891 -9.04776
v -1.95606 -1.8767 -9.04193
v -1.87892 -1.97573 -9.03798
v -1.79004 -2.06442 -9.036
v -1.6908 -2.14138 -9.036
v -1.58278 -2.20539 -9.03798
v -1.46767 -2.25545 -9.04193
v -1.3473 -2.29076 -9.04776
v -1.22356 -2.31078 -9.0554
v -1.0984 -2.31518 -9.06472
v -0.973803 -2.30389 -9.07557
v -0.851723 -2.27709 -9.08779
v -0.734091 -2.23521 -9.10118
v -0.622761 -2.17891 -9.11552
v -0.519488 -2.10906 -9.1306
v -0.425902 -2.02679 -9.14618
v -0.360891 -1.95582 -10.1616
v -0.290346 -1.85199 -10.1652
v -0.233376 -1.74013 -10.1687
v -0.190879 -1.62201 -10.1721
v -0.163526 -1.49948 -10.1753
v -0.151747 -1.37449 -10.1783
v -0.155729 -1.249 -10.181
v -0.175408 -1.125 -10.1835
v -0.210475 -1.00443 -10.1856
v -0.260377 -0.889203 -10.1873
v -0.324326 -0.781131 -10.1886
v -0.401313 -0.681921 -10.1895
v -0.490126 -0.593136 -10.19
v -0.589362 -0.516177 -10.19
v -0.697458 -0.452258 -10.1895
v -0.812708 -0.402386 -10.1886
v -0.933295 -0.367348 -10.1873
v -1.05732 -0.347697 -10.1856
v -1.18282 -0.343742 -10.1835
v -1.30782 -0.355546 -10.181
v -1.43035 -0.382923 -10.1783
v -1.54848 -0.42544 -10.1753
v -1.66033 -0.482428 -10.1721
v -1.76416 -0.552988 -10.1687
v -1.85832 -0.636007 -10.1652
v -1.94133 -0.730176 -10.1616
v -2.01188 -0.834009 -10.158
v -2.06885 -0.945869 -10.1545
v -2.11134 -1.06399 -10.1511
v -2.1387 -1.18652 -10.1479
v -2.15048 -1.31151 -10.1449
v -2.14649 -1.43699 -10.1421
v -2.12681 -1.561 -10.1397
v -2.09175 -1.68157 -10.1376
v -2.04185 -1.7968 -10.1359
v -1.9779 -1.90487 -10.1346
v -1.90091 -2.00408 -10.1337
v -1.8121 -2.09286 -10.1332
v -1.71286 -2.16982 -10.1332
v -1.60476 -2.23374 -10.1337
v -1.48951 -2.28361 -10.1346
v -1.36893 -2.31865 -10.1359
v -1.24491 -2.3383 -10.1376
v -1.1194 -2.34226 -10.1397
v -0.994403 -2.33045 -10.1421
v -0.871873 -2.30308 -10.1449
v -0.753747 -2.26056 -10.1479
v -0.641887 -2.20357 -10.1511
v -0.538059 -2.13301 -10.1545
v -0.443898 -2.04999 -10.158
v -0.318177 -1.90074 -11.1592
v -0.247788 -1.79711 -11.1504
v -0.190971 -1.68545 -11.1418
v -0.148622 -1.56752 -11.1335
v -0.12141 -1.44518 -11.1256
v -0.109763 -1.32035 -11.1182
v -0.113865 -1.19502 -11.1115
v -0.133652 -1.07115 -11.1055
v -0.168811 -0.950705 -11.1003
v -0.218787 -0.835574 -11.0961
v -0.282793 -0.727577 -11.0929
v -0.35982 -0.628417 -11.0907
v -0.448652 -0.539657 -11.0896
v -0.547889 -0.462698 -11.0896
v -0.655965 -0.398753 -11.0907
v -0.771176 -0.348831 -11.0929
v -0.891706 -0.313719 -11.0961
v -1.01565 -0.293971 -11.1003
v -1.14106 -0.289898 -11.1055
v -1.26596 -0.301564 -11.1115
v -1.38837 -0.328786 -11.1182
v -1.50636 -0.371134 -11.1256
v -1.61808 -0.42794 -11.1335
v -1.72176 -0.498308 -11.1418
v -1.81577 -0.581129 -11.1504
v -1.89862 -0.675097 -11.1592
v -1.96901 -0.778729 -11.1679
v -2.02582 -0.890392 -11.1765
v -2.06817 -1.00832 -11.1848
v -2.09538 -1.13066 -11.1927
v -2.10703 -1.25549 -11.2001
v -2.10293 -1.38082 -11.2069
v -2.08314 -1.50469 -11.2129
v -2.04798 -1.62514 -11.218
v -1.99801 -1.74027 -11.2222
v -1.934 -1.84826 -11.2255
v -1.85697 -1.94742 -11.2276
v -1.76814 -2.03618 -11.2287
v -1.66891 -2.11314 -11.2287
v -1.56083 -2.17709 -11.2276
v -1.44562 -2.22701 -11.2255
v -1.32509 -2.26212 -11.2222
v -1.20114 -2.28187 -11.218
v -1.07573 -2.28594 -11.2129
v -0.950838 -2.27428 -11.2069
v -0.828428 -2.24705 -11.2001
v -0.710434 -2.20471 -11.1927
v -0.598716 -2.1479 -11.1848
v -0.495036 -2.07753 -11.1765
v -0.401028 -1.99471 -11.1679
v -0.33559 -1.9232 -12.1588
v -0.265045 -1.81936 -12.1623
v -0.208074 -1.7075 -12.1658
v -0.165577 -1.58938 -12.1692
v -0.138224 -1.46686 -12.1725
v -0.126445 -1.34187 -12.1755
v -0.130427 -1.21638 -12.1782
v -0.150107 -1.09237 -12.1807
v -0.185174 -0.971805 -12.1828
v -0.235075 -0.856577 -12.1845
v -0.299024 -0.748506 -12.1858
v -0.376012 -0.649295 -12.1867
v -0.464824 -0.560511 -12.1871
v -0.564061 -0.483552 -12.1871
v -0.672157 -0.419632 -12.1867
v -0.787407 -0.36976 -12.1858
v -0.907994 -0.334722 -12.1845
v -1.03202 -0.315071 -12.1828
v -1.15752 -0.311116 -12.1807
v -1.28252 -0.32292 -12.1782
v -1.40505 -0.350297 -12.1755
v -1.52317 -0.392814 -12.1725
v -1.63503 -0.449803 -12.1692
v -1.73886 -0.520363 -12.1658
v -1.83302 -0.603381 -12.1623
v -1.91603 -0.69755 -12.1588
v -1.98657 -0.801383 -12.1552
v -2.04354 -0.913243 -12.1517
v -2.08604 -1.03137 -12.1483
v -2.1134 -1.15389 -12.1451
v -2.12517 -1.27888 -12.1421
v -2.12119 -1.40437 -12.1393
v -2.10151 -1.52837 -12.1369
v -2.06645 -1.64894 -12.1348
v -2.01654 -1.76417 -12.1331
v -1.9526 -1.87224 -12.1317
v -1.87561 -1.97145 -12.1309
v -1.78679 -2.06024 -12.1304
v -1.68756 -2.13719 -12.1304
v -1.57946 -2.20111 -12.1309
v -1.46421 -2.25099 -12.1317
v -1.34363 -2.28602 -12.1331
v -1.2196 -2.30568 -12.1348
v -1.0941 -2.30963 -12.1369
v -0.969101 -2.29783 -12.1393
v -0.846571 -2.27045 -12.1421
v -0.728445 -2.22793 -12.1451
v -0.616586 -2.17094 -12.1483
v -0.512757 -2.10038 -12.1517
v -0.418597 -2.01737 -12.1552
v 1 0 0
v 0.992115 0.125333 0
v 0.968583 0.24869 0
v 0.929776 0.368125 0
v 0.876307 0.481754 0
v 0.809017 0.587785 0
v 0.728969 0.684547 0
v 0.637424 0.770513 0
v 0.535827 0.844328 0
v 0.425779 0.904827 0
v 0.309017 0.951057 0
v 0.187381 0.982287 0
v 0.0627905 0.998027 0
v -0.0627905 0.998027 0
v -0.187381 0.982287 0
v -0.309017 0.951057 0
v -0.425779 0.904827 0
v -0.535827 0.844328 0
v -0.637424 0.770513 0
v -0.728969 0.684547 0
v -0.809017 0.587785 0
v -0.876307 0.481754 0
v -0.929776 0.368125 0
v -0.968583 0.24869 0
v -0.992115 0.125333 0
v -1 1.22465e-16 0
v -0.992115 -0.125333 0
v -0.968583 -0.24869 0
v -0.929776 -0.368125 0
v -0.876307 -0.481754 0
v -0.809017 -0.587785 0
v -0.728969 -0.684547 0
v -0.637424 -0.770513 0
v -0.535827 -0.844328 0
v -0.425779 -0.904827 0
v -0.309017 -0.951057 0
v -0.187381 -0.982287 0
v -0.0627905 -0.998027 0
v 0.0627905 -0.998027 0
v 0.187381 -0.982287 0
v 0.309017 -0.951057 0
v 0.425779 -0.904827 0
v 0.535827 -0.844328 0
v 0.637424 -0.770513 0
v 0.728969 -0.684547 0
v 0.809017 -0.587785 0
v 0.876307 -0.481754 0
v 0.929776 -0.368125 0
v 0.968583 -0.24869 0
v 0.992115 -0.125333 0
v 1 0 1
v 0.992115 0.125333 1
v 0.968583 0.24869 1
v 0.929776 0.368125 1
v 0.876307 0.481754 1
v 0.809017 0.587785 1
v 0.728969 0.684547 1
v 0.637424 0.770513 1
v 0.535827 0.844328 1
v 0.425779 0.904827 1
v 0.309017 0.951057 1
v 0.187381 0.982287 1
v 0.0627905 0.998027 1
v -0.0627905 0.998027 1
v -0.187381 0.982287 1
v -0.309017 0.951057 1
v -0.425779 0.904827 1
v -0.535827 0.844328 1
v -0.637424 0.770513 1
v -0.728969 0.684547 1
v -0.809017 0.587785 1
v -0.876307 0.481754 1
v -0.929776 0.368125 1
v -0.968583 0.24869 1
v -0.992115 0.125333 1
v -1 1.22465e-16 1
v -0.992115 -0.125333 1
v -0.968583 -0.24869 1
v -0.929776 -0.368125 1
v -0.876307 -0.481754 1
v -0.809017 -0.587785 1
v -0.728969 -0.684547 1
v -0.637424 -0.770513 1
v -0.535827 -0.844328 1
v -0.425779 -0.904827 1
v -0.309017 -0.951057 1
v -0.187381 -0.982287 1
v -0.0627905 -0.998027 1
v 0.0627905 -0.998027 1
v 0.187381 -0.982287 1
v 0.309017 -0.951057 1
v 0.425779 -0.904827 1
v 0.535827 -0.844328 1
v 0.637424 -0.770513 1
v 0.728969 -0.684547 1
v 0.809017 -0.587785 1
v 0.876307 -0.481754 1
v 0.929776 -0.368125 1
v 0.968583 -0.24869 1
v 0.992115 -0.125333 1
v 1 0 2
v 0.992115 0.125333 2
v 0.968583 0.24869 2
v 0.929776 0.368125 2
v 0.876307 0.481754 2
v 0.809017 0.587785 2
v 0.728969 0.684547 2
v 0.637424 0.770513 2
v 0.535827 0.844328 2
v 0.425779 0.904827 2
v 0.309017 0.951057 2
v 0.187381 0.982287 2
v 0.0627905 0.998027 2
v -0.0627905 0.998027 2
v -0.187381 0.982287 2
v -0.309017 0.951057 2
v -0.425779 0.904827 2
v -0.535827 0.844328 2
v -0.637424 0.770513 2
v -0.728969 0.684547 2
v -0.809017 0.587785 2
v -0.876307 0.481754 2
v -0.929776 0.368125 2
v -0.968583 0.24869 2
v -0.992115 0.125333 2
v -1 1.22465e-16 2
v -0.992115 -0.125333 2
v -0.968583 -0.24869 2
v -0.929776 -0.368125 2
v -0.876307 -0.481754 2
v -0.809017 -0.587785 2
v -0.728969 -0.684547 2
v -0.637424 -0.770513 2
v -0.535827 -0.844328 2
v -0.425779 -0.904827 2
v -0.309017 -0.951057 2
v -0.187381 -0.982287 2
v -0.0627905 -0.998027 2
v 0.0627905 -0.998027 2
v 0.187381 -0.982287 2
v 0.309017 -0.951057 2
v 0.425779 -0.904827 2
v 0.535827 -0.844328 2
v 0.637424 -0.770513 2
v 0.728969 -0.684547 2
v 0.809017 -0.587785 2
v 0.876307 -0.481754 2
v 0.929776 -0.368125 2
v 0.968583 -0.24869 2
v 0.992115 -0.125333 2
v 1 0 3
v 0.992115 0.125333 3
v 0.968583 0.24869 3
v 0.929776 0.368125 3
v 0.876307 0.481754 3
v 0.809017 0.587785 3
v 0.728969 0.684547 3
v 0.637424 0.770513 3
v 0.535827 0.844328 3
v 0.425779 0.904827 3
v 0.309017 0.951057 3
v 0.187381 0.982287 3
v 0.0627905 0.998027 3
v -0.0627905 0.998027 3
v -0.187381 0.982287 3
v -0.309017 0.951057 3
v -0.425779 0.904827 3
v -0.535827 0.844328 3
v -0.637424 0.770513 3
v -0.728969 0.684547 3
v -0.809017 0.587785 3
v -0.876307 0.481754 3
v -0.929776 0.368125 3
v -0.968583 0.24869 3
v -0.992115 0.125333 3
v -1 1.22465e-16 3
v -0.992115 -0.125333 3
v -0.968583 -0.24869 3
v -0.929776 -0.368125 3
v -0.876307 -0.481754 3
v -0.809017 -0.587785 3
v -0.728969 -0.684547 3
v -0.637424 -0.770513 3
v -0.535827 -0.844328 3
v -0.425779 -0.904827 3
v -0.309017 -0.951057 3
v -0.187381 -0.982287 3
v -0.0627905 -0.998027 3
v 0.0627905 -0.998027 3
v 0.187381 -0.982287 3
v 0.309017 -0.951057 3
v 0.425779 -0.904827 3
v 0.535827 -0.844328 3
v 0.637424 -0.770513 3
v 0.728969 -0.684547 3
v 0.809017 -0.587785 3
v 0.876307 -0.481754 3
v 0.929776 -0.368125 3
v 0.968583 -0.24869 3
v 0.992115 -0.125333 3
v 1 0 4
v 0.992115 0.125333 4
v 0.968583 0.24869 4
v 0.929776 0.368125 4
v 0.876307 0.481754 4
v 0.809017 0.587785 4
v 0.728969 0.684547 4
v 0.637424 0.770513 4
v 0.535827 0.844328 4
v 0.425779 0.904827 4
v 0.309017 0.951057 4
v 0.187381 0.982287 4
v 0.0627905 0.998027 4
v -0.0627905 0.998027 4
v -0.187381 0.982287 4
v -0.309017 0.951057 4
v -0.425779 0.904827 4
v -0.535827 0.844328 4
v -0.637424 0.770513 4
v -0.728969 0.684547 4
v -0.809017 0.587785 4
v -0.876307 0.481754 4
v -0.929776 0.368125 4
v -0.968583 0.24869 4
v -0.992115 0.125333 4
v -1 1.22465e-16 4
v -0.992115 -0.125333 4
v -0.968583 -0.24869 4
v -0.929776 -0.368125 4
v -0.876307 -0.481754 4
v -0.809017 -0.587785 4
v -0.728969 -0.684547 4
v -0.637424 -0.770513 4
v -0.535827 -0.844328 4
v -0.425779 -0.904827 4
v -0.309017 -0.951057 4
v -0.187381 -0.982287 4
v -0.0627905 -0.998027 4
v 0.0627905 -0.998027 4
v 0.187381 -0.982287 4
v 0.309017 -0.951057 4
v 0.425779 -0.904827 4
v 0.535827 -0.844328 4
v 0.637424 -0.770513 4
v 0.728969 -0.684547 4
v 0.809017 -0.587785 4
v 0.876307 -0.481754 4
v 0.929776 -0.368125 4
v 0.968583 -0.24869 4
v 0.992115 -0.125333 4
v 1 0 5
v 0.992115 0.125333 5
v 0.968583 0.24869 5
v 0.929776 0.368125 5
v 0.876307 0.481754 5
v 0.809017 0.587785 5
v 0.728969 0.684547 5
v 0.637424 0.770513 5
v 0.535827 0.844328 5
v 0.425779 0.904827 5
v 0.309017 0.951057 5
v 0.187381 0.982287 5
v 0.0627905 0.998027 5
v -0.0627905 0.998027 5
v -0.187381 0.982287 5
v -0.309017 0.951057 5
v -0.425779 0.904827 5
v -0.535827 0.844328 5
v -0.637424 0.770513 5
v -0.728969 0.684547 5
v -0.809017 0.587785 5
v -0.876307 0.481754 5
v -0.929776 0.368125 5
v -0.968583 0.24869 5
v -0.992115 0.125333 5
v -1 1.22465e-16 5
v -0.992115 -0.125333 5
v -0.968583 -0.24869 5
v -0.929776 -0.368125 5
v -0.876307 -0.481754 5
v -0.809017 -0.587785 5
v -0.728969 -0.684547 5
v -0.637424 -0.770513 5
v -0.535827 -0.844328 5
v -0.425779 -0.904827 5
v -0.309017 -0.951057 5
v -0.187381 -0.982287 5
v -0.0627905 -0.998027 5
v 0.0627905 -0.998027 5
v 0.187381 -0.982287 5
v 0.309017 -0.951057 5
v 0.425779 -0.904827 5
v 0.535827 -0.844328 5
v 0.637424 -0.770513 5
v 0.728969 -0.684547 5
v 0.809017 -0.587785 5
v 0.876307 -0.481754 5
v 0.929776 -0.368125 5
v 0.968583 -0.24869 5
v 0.992115 -0.125333 5
v 1 0 6
v 0.992115 0.125333 6
v 0.968583 0.24869 6
v 0.929776 0.368125 6
v 0.876307 0.481754 6
v 0.809017 0.587785 6
v 0.728969 0.684547 6
v 0.637424 0.770513 6
v 0.535827 0.844328 6
v 0.425779 0.904827 6
v 0.309017 0.951057 6
v 0.187381 0.982287 6
v 0.0627905 0.998027 6
v -0.0627905 0.998027 6
v -0.187381 0.982287 6
v -0.309017 0.951057 6
v -0.425779 0.904827 6
v -0.535827 0.844328 6
v -0.637424 0.770513 6
v -0.728969 0.684547 6
v -0.809017 0.587785 6
v -0.876307 0.481754 6
v -0.929776 0.368125 6
v -0.968583 0.24869 6
v -0.992115 0.125333 6
v -1 1.22465e-16 6
v -0.992115 -0.125333 6
v -0.968583 -0.24869 6
v -0.929776 -0.368125 6
v -0.876307 -0.481754 6
v -0.809017 -0.587785 6
v -0.728969 -0.684547 6
v -0.637424 -0.770513 6
v -0.535827 -0.844328 6
v -0.425779 -0.904827 6
v -0.309017 -0.951057 6
v -0.187381 -0.982287 6
v -0.0627905 -0.998027 6
v 0.0627905 -0.998027 6
v 0.187381 -0.982287 6
v 0.309017 -0.951057 6
v 0.425779 -0.904827 6
v 0.535827 -0.844328 6
v 0.637424 -0.770513 6
v 0.728969 -0.684547 6
v 0.809017 -0.587785 6
v 0.876307 -0.481754 6
v 0.929776 -0.368125 6
v 0.968583 -0.24869 6
v 0.992115 -0.125333 6
v 1 0 7
v 0.992115 0.125333 7
v 0.968583 0.24869 7
v 0.929776 0.368125 7
v 0.876307 0.481754 7
v 0.809017 0.587785 7
v 0.728969 0.684547 7
v 0.637424 0.770513 7
v 0.535827 0.844328 7
v 0.425779 0.904827 7
v 0.309017 0.951057 7
v 0.187381 0.982287 7
v 0.0627905 0.998027 7
v -0.0627905 0.998027 7
v -0.187381 0.982287 7
v -0.309017 0.951057 7
v -0.425779 0.904827 7
v -0.535827 0.844328 7
v -0.637424 0.770513 7
v -0.728969 0.684547 7
v -0.809017 0.587785 7
v -0.876307 0.481754 7
v -0.929776 0.368125 7
v -0.968583 0.24869 7
v -0.992115 0.125333 7
v -1 1.22465e-16 7
v -0.992115 -0.125333 7
v -0.968583 -0.24869 7
v -0.929776 -0.368125 7
v -0.876307 -0.481754 7
v -0.809017 -0.587785 7
v -0.728969 -0.684547 7
v -0.637424 -0.770513 7
v -0.535827 -0.844328 7
v -0.425779 -0.904827 7
v -0.309017 -0.951057 7
v -0.187381 -0.982287 7
v -0.0627905 -0.998027 7
v 0.0627905 -0.998027 7
v 0.187381 -0.982287 7
v 0.309017 -0.951057 7
v 0.425779 -0.904827 7
v 0.535827 -0.844328 7
v 0.637424 -0.770513 7
v 0.728969 -0.684547 7
v 0.809017 -0.587785 7
v 0.876307 -0.481754 7
v 0.929776 -0.368125 7
v 0.968583 -0.24869 7
v 0.992115 -0.125333 7
v 1 0 8
v 0.992115 0.125333 8
v 0.968583 0.24869 8
v 0.929776 0.368125 8
v 0.876307 0.481754 8
v 0.809017 0.587785 8
v 0.728969 0.684547 8
v 0.637424 0.770513 8
v 0.535827 0.844328 8
v 0.425779 0.904827 8
v 0.309017 0.951057 8
v 0.187381 0.982287 8
v 0.0627905 0.998027 8
v -0.0627905 0.998027 8
v -0.187381 0.982287 8
v -0.309017 0.951057 8
v -0.425779 0.904827 8
v -0.535827 0.844328 8
v -0.637424 0.770513 8
v -0.728969 0.684547 8
v -0.809017 0.587785 8
v -0.876307 0.481754 8
v -0.929776 0.368125 8
v -0.968583 0.24869 8
v -0.992115 0.125333 8
v -1 1.22465e-16 8
v -0.992115 -0.125333 8
v -0.968583 -0.24869 8
v -0.929776 -0.368125 8
v -0.876307 -0.481754 8
v -0.809017 -0.587785 8
v -0.728969 -0.684547 8
v -0.637424 -0.770513 8
v -0.535827 -0.844328 8
v -0.425779 -0.904827 8
v -0.309017 -0.951057 8
v -0.187381 -0.982287 8
v -0.0627905 -0.998027 8
v 0.0627905 -0.998027 8
v 0.187381 -0.982287 8
v 0.309017 -0.951057 8
v 0.425779 -0.904827 8
v 0.535827 -0.844328 8
v 0.637424 -0.770513 8
v 0.728969 -0.684547 8
v 0.809017 -0.587785 8
v 0.876307 -0.481754 8
v 0.929776 -0.368125 8
v 0.968583 -0.24869 8
v 0.992115 -0.125333 8
v 1 0 9
v 0.992115 0.125333 9
v 0.968583 0.24869 9
v 0.929776 0.368125 9
v 0.876307 0.481754 9
v 0.809017 0.587785 9
v 0.728969 0.684547 9
v 0.637424 0.770513 9
v 0.535827 0.844328 9
v 0.425779 0.904827 9
v 0.309017 0.951057 9
v 0.187381 0.982287 9
v 0.0627905 0.998027 9
v -0.0627905 0.998027 9
v -0.187381 0.982287 9
v -0.309017 0.951057 9
v -0.425779 0.904827 9
v -0.535827 0.844328 9
v -0.637424 0.770513 9
v -0.728969 0.684547 9
v -0.809017 0.587785 9
v -0.876307 0.481754 9
v -0.929776 0.368125 9
v -0.968583 0.24869 9
v -0.992115 0.125333 9
v -1 1.22465e-16 9
v -0.992115 -0.125333 9
v -0.968583 -0.24869 9
v -0.929776 -0.368125 9
v -0.876307 -0.481754 9
v -0.809017 -0.587785 9
v -0.728969 -0.684547 9
v -0.637424 -0.770513 9
v -0.535827 -0.844328 9
v -0.425779 -0.904827 9
v -0.309017 -0.951057 9
v -0.187381 -0.982287 9
v -0.0627905 -0.998027 9
v 0.0627905 -0.998027 9
v 0.187381 -0.982287 9
v 0.309017 -0.951057 9
v 0.425779 -0.904827 9
v 0.535827 -0.844328 9
v 0.637424 -0.770513 9
v 0.728969 -0.684547 9
v 0.809017 -0.587785 9
v 0.876307 -0.481754 9
v 0.929776 -0.368125 9
v 0.968583 -0.24869 9
v 0.992115 -0.125333 9
v 1 0 10
v 0.992115 0.125333 10
v 0.968583 0.24869 10
v 0.929776 0.368125 10
v 0.876307 0.481754 10
v 0.809017 0.587785 10
v 0.728969 0.684547 10
v 0.637424 0.770513 10
v 0.535827 0.844328 10
v 0.425779 0.904827 10
v 0.309017 0.951057 10
v 0.187381 0.982287 10
v 0.0627905 0.998027 10
v -0.0627905 0.998027 10
v -0.187381 0.982287 10
v -0.309017 0.951057 10
v -0.425779 0.904827 10
v -0.535827 0.844328 10
v -0.637424 0.770513 10
v -0.728969 0.684547 10
v -0.809017 0.587785 10
v -0.876307 0.481754 10
v -0.929776 0.368125 10
v -0.968583 0.24869 10
v -0.992115 0.125333 10
v -1 1.22465e-16 10
v -0.992115 -0.125333 10
v -0.968583 -0.24869 10
v -0.929776 -0.368125 10
v -0.876307 -0.481754 10
v -0.809017 -0.587785 10
v -0.728969 -0.684547 10
v -0.637424 -0.770513 10
v -0.535827 -0.844328 10
v -0.425779 -0.904827 10
v -0.309017 -0.951057 10
v -0.187381 -0.982287 10
v -0.0627905 -0.998027 10
v 0.0627905 -0.998027 10
v 0.187381 -0.982287 10
v 0.309017 -0.951057 10
v 0.425779 -0.904827 10
v 0.535827 -0.844328 10
v 0.637424 -0.770513 10
v 0.728969 -0.684547 10
v 0.809017 -0.587785 10
v 0.876307 -0.481754 10
v 0.929776 -0.368125 10
v 0.968583 -0.24869 10
v 0.992115 -0.125333 10
v 1 0 11
v 0.992115 0.125333 11
v 0.968583 0.24869 11
v 0.929776 0.368125 11
v 0.876307 0.481754 11
v 0.809017 0.587785 11
v 0.728969 0.684547 11
v 0.637424 0.770513 11
v 0.535827 0.844328 11
v 0.425779 0.904827 11
v 0.309017 0.951057 11
v 0.187381 0.982287 11
v 0.0627905 0.998027 11
v -0.0627905 0.998027 11
v -0.187381 0.982287 11
v -0.309017 0.951057 11
v -0.425779 0.904827 11
v -0.535827 0.844328 11
v -0.637424 0.770513 11
v -0.728969 0.684547 11
v -0.809017 0.587785 11
v -0.876307 0.481754 11
v -0.929776 0.368125 11
v -0.968583 0.24869 11
v -0.992115 0.125333 11
v -1 1.22465e-16 11
v -0.992115 -0.125333 11
v -0.968583 -0.24869 11
v -0.929776 -0.368125 11
v -0.876307 -0.481754 11
v -0.809017 -0.587785 11
v -0.728969 -0.684547 11
v -0.637424 -0.770513 11
v -0.535827 -0.844328 11
v -0.425779 -0.904827 11
v -0.309017 -0.951057 11
v -0.187381 -0.982287 11
v -0.0627905 -0.998027 11
v 0.0627905 -0.998027 11
v 0.187381 -0.982287 11
v 0.309017 -0.951057 11
v 0.425779 -0.904827 11
v 0.535827 -0.844328 11
v 0.637424 -0.770513 11
v 0.728969 -0.684547 11
v 0.809017 -0.587785 11
v 0.876307 -0.481754 11
v 0.929776 -0.368125 11
v 0.968583 -0.24869 11
v 0.992115 -0.125333 11
v 1 0 12
v 0.992115 0.125333 12
v 0.968583 0.24869 12
v 0.929776 0.368125 12
v 0.876307 0.481754 12
v 0.809017 0.587785 12
v 0.728969 0.684547 12
v 0.637424 0.770513 12
v 0.535827 0.844328 12
v 0.425779 0.904827 12
v 0.309017 0.951057 12
v 0.187381 0.982287 12
v 0.0627905 0.998027 12
v -0.0627905 0.998027 12
v -0.187381 0.982287 12
v -0.309017 0.951057 12
v -0.425779 0.904827 12
v -0.535827 0.844328 12
v -0.637424 0.770513 12
v -0.728969 0.684547 12
v -0.809017 0.587785 12
v -0.876307 0.481754 12
v -0.929776 0.368125 12
v -0.968583 0.24869 12
v -0.992115 0.125333 12
v -1 1.22465e-16 12
v -0.992115 -0.125333 12
v -0.968583 -0.24869 12
v -0.929776 -0.368125 12
v -0.876307 -0.481754 12
v -0.809017 -0.587785 12
v -0.728969 -0.684547 12
v -0.637424 -0.770513 12
v -0.535827 -0.844328 12
v -0.425779 -0.904827 12
v -0.309017 -0.951057 12
v -0.187381 -0.982287 12
v -0.0627905 -0.998027 12
v 0.0627905 -0.998027 12
v 0.187381 -0.982287 12
v 0.309017 -0.951057 12
v 0.425779 -0.904827 12
v 0.535827 -0.844328 12
v 0.637424 -0.770513 12
v 0.728969 -0.684547 12
v 0.809017 -0.587785 12
v 0.876307 -0.481754 12
v 0.929776 -0.368125 12
v 0.968583 -0.24869 12
v 0.992115 -0.125333 12
v 1 0 13
v 0.992115 0.125333 13
v 0.968583 0.24869 13
v 0.929776 0.368125 13
v 0.876307 0.481754 13
v 0.809017 0.587785 13
v 0.728969 0.684547 13
v 0.637424 0.770513 13
v 0.535827 0.844328 13
v 0.425779 0.904827 13
v 0.309017 0.951057 13
v 0.187381 0.982287 13
v 0.0627905 0.998027 13
v -0.0627905 0.998027 13
v -0.187381 0.982287 13
v -0.309017 0.951057 13
v -0.425779 0.904827 13
v -0.535827 0.844328 13
v -0.637424 0.770513 13
v -0.728969 0.684547 13
v -0.809017 0.587785 13
v -0.876307 0.481754 13
v -0.929776 0.368125 13
v -0.968583 0.24869 13
v -0.992115 0.125333 13
v -1 1.22465e-16 13
v -0.992115 -0.125333 13
v -0.968583 -0.24869 13
v -0.929776 -0.368125 13
v -0.876307 -0.481754 13
v -0.809017 -0.587785 13
v -0.728969 -0.684547 13
v -0.637424 -0.770513 13
v -0.535827 -0.844328 13
v -0.425779 -0.904827 13
v -0.309017 -0.951057 13
v -0.187381 -0.982287 13
v -0.0627905 -0.998027 13
v 0.0627905 -0.998027 13
v 0.187381 -0.982287 13
v 0.309017 -0.951057 13
v 0.425779 -0.904827 13
v 0.535827 -0.844328 13
v 0.637424 -0.770513 13
v 0.728969 -0.684547 13
v 0.809017 -0.587785 13
v 0.876307 -0.481754 13
v 0.929776 -0.368125 13
v 0.968583 -0.24869 13
v 0.992115 -0.125333 13
v 1 0 14
v 0.992115 0.125333 14
v 0.968583 0.24869 14
v 0.929776 0.368125 14
v 0.876307 0.481754 14
v 0.809017 0.587785 14
v 0.728969 0.684547 14
v 0.637424 0.770513 14
v 0.535827 0.844328 14
v 0.425779 0.904827 14
v 0.309017 0.951057 14
v 0.187381 0.982287 14
v 0.0627905 0.998027 14
v -0.0627905 0.998027 14
v -0.187381 0.982287 14
v -0.309017 0.951057 14
v -0.425779 0.904827 14
v -0.535827 0.844328 14
v -0.637424 0.770513 14
v -0.728969 0.684547 14
v -0.809017 0.587785 14
v -0.876307 0.481754 14
v -0.929776 0.368125 14
v -0.968583 0.24869 14
v -0.992115 0.125333 14
v -1 1.22465e-16 14
v -0.992115 -0.125333 14
v -0.968583 -0.24869 14
v -0.929776 -0.368125 14
v -0.876307 -0.481754 14
v -0.809017 -0.587785 14
v -0.728969 -0.684547 14
v -0.637424 -0.770513 14
v -0.535827 -0.844328 14
v -0.425779 -0.904827 14
v -0.309017 -0.951057 14
v -0.187381 -0.982287 14
v -0.0627905 -0.998027 14
v 0.0627905 -0.998027 14
v 0.187381 -0.982287 14
v 0.309017 -0.951057 14
v 0.425779 -0.904827 14
v 0.535827 -0.844328 14
v 0.637424 -0.770513 14
v 0.728969 -0.684547 14
v 0.809017 -0.587785 14
v 0.876307 -0.481754 14
v 0.929776 -0.368125 14
v 0.968583 -0.24869 14
v 0.992115 -0.125333 14
v 1 0 15
v 0.992115 0.125333 15
v 0.968583 0.24869 15
v 0.929776 0.368125 15
v 0.876307 0.481754 15
v 0.809017 0.587785 15
v 0.728969 0.684547 15
v 0.637424 0.770513 15
v 0.535827 0.844328 15
v 0.425779 0.904827 15
v 0.309017 0.951057 15
v 0.187381 0.982287 15
v 0.0627905 0.998027 15
v -0.0627905 0.998027 15
v -0.187381 0.982287 15
v -0.309017 0.951057 15
v -0.425779 0.904827 15
v -0.535827 0.844328 15
v -0.637424 0.770513 15
v -0.728969 0.684547 15
v -0.809017 0.587785 15
v -0.876307 0.481754 15
v -0.929776 0.368125 15
v -0.968583 0.24869 15
v -0.992115 0.125333 15
v -1 1.22465e-16 15
v -0.992115 -0.125333 15
v -0.968583 -0.24869 15
v -0.929776 -0.368125 15
v -0.876307 -0.481754 15
v -0.809017 -0.587785 15
v -0.728969 -0.684547 15
v -0.637424 -0.770513 15
v -0.535827 -0.844328 15
v -0.425779 -0.904827 15
v -0.309017 -0.951057 15
v -0.187381 -0.982287 15
v -0.0627905 -0.998027 15
v 0.0627905 -0.998027 15
v 0.187381 -0.982287 15
v 0.309017 -0.951057 15
v 0.425779 -0.904827 15
v 0.535827 -0.844328 15
v 0.637424 -0.770513 15
v 0.728969 -0.684547 15
v 0.809017 -0.587785 15
v 0.876307 -0.481754 15
v 0.929776 -0.368125 15
v 0.968583 -0.24869 15
v 0.992115 -0.125333 15
v 1 0 16
v 0.992115 0.125333 16
v 0.968583 0.24869 16
v 0.929776 0.368125 16
v 0.876307 0.481754 16
v 0.809017 0.587785 16
v 0.728969 0.684547 16
v 0.637424 0.770513 16
v 0.535827 0.844328 16
v 0.425779 0.904827 16
v 0.309017 0.951057 16
v 0.187381 0.982287 16
v 0.0627905 0.998027 16
v -0.0627905 0.998027 16
v -0.187381 0.982287 16
v -0.309017 0.951057 16
v -0.425779 0.904827 16
v -0.535827 0.844328 16
v -0.637424 0.770513 16
v -0.728969 0.684547 16
v -0.809017 0.587785 16
v -0.876307 0.481754 16
v -0.929776 0.368125 16
v -0.968583 0.24869 16
v -0.992115 0.125333 16
v -1 1.22465e-16 16
v -0.992115 -0.125333 16
v -0.968583 -0.24869 16
v -0.929776 -0.368125 16
v -0.876307 -0.481754 16
v -0.809017 -0.587785 16
v -0.728969 -0.684547 16
v -0.637424 -0.770513 16
v -0.535827 -0.844328 16
v -0.425779 -0.904827 16
v -0.309017 -0.951057 16
v -0.187381 -0.982287 16
v -0.0627905 -0.998027 16
v 0.0627905 -0.998027 16
v 0.187381 -0.982287 16
v 0.309017 -0.951057 16
v 0.425779 -0.904827 16
v 0.535827 -0.844328 16
v 0.637424 -0.770513 16
v 0.728969 -0.684547 16
v 0.809017 -0.587785 16
v 0.876307 -0.481754 16
v 0.929776 -0.368125 16
v 0.968583 -0.24869 16
v 0.992115 -0.125333 16
v 1 0 17
v 0.992115 0.125333 17
v 0.968583 0.24869 17
v 0.929776 0.368125 17
v 0.876307 0.481754 17
v 0.809017 0.587785 17
v 0.728969 0.684547 17
v 0.637424 0.770513 17
v 0.535827 0.844328 17
v 0.425779 0.904827 17
v 0.309017 0.951057 17
v 0.187381 0.982287 17
v 0.0627905 0.998027 17
v -0.0627905 0.998027 17
v -0.187381 0.982287 17
v -0.309017 0.951057 17
v -0.425779 0.904827 17
v -0.535827 0.844328 17
v -0.637424 0.770513 17
v -0.728969 0.684547 17
v -0.809017 0.587785 17
v -0.876307 0.481754 17
v -0.929776 0.368125 17
v -0.968583 0.24869 17
v -0.992115 0.125333 17
v -1 1.22465e-16 17
v -0.992115 -0.125333 17
v -0.968583 -0.24869 17
v -0.929776 -0.368125 17
v -0.876307 -0.481754 17
v -0.809017 -0.587785 17
v -0.728969 -0.684547 17
v -0.637424 -0.770513 17
v -0.535827 -0.844328 17
v -0.425779 -0.904827 17
v -0.309017 -0.951057 17
v -0.187381 -0.982287 17
v -0.0627905 -0.998027 17
v 0.0627905 -0.998027 17
v 0.187381 -0.982287 17
v 0.309017 -0.951057 17
v 0.425779 -0.904827 17
v 0.535827 -0.844328 17
v 0.637424 -0.770513 17
v 0.728969 -0.684547 17
v 0.809017 -0.587785 17
v 0.876307 -0.481754 17
v 0.929776 -0.368125 17
v 0.968583 -0.24869 17
v 0.992115 -0.125333 17
v 1 0 18
v 0.992115 0.125333 18
v 0.968583 0.24869 18
v 0.929776 0.368125 18
v 0.876307 0.481754 18
v 0.809017 0.587785 18
v 0.728969 0.684547 18
v 0.637424 0.770513 18
v 0.535827 0.844328 18
v 0.425779 0.904827 18
v 0.309017 0.951057 18
v 0.187381 0.982287 18
v 0.0627905 0.998027 18
v -0.0627905 0.998027 18
v -0.187381 0.982287 18
v -0.309017 0.951057 18
v -0.425779 0.904827 18
v -0.535827 0.844328 18
v -0.637424 0.770513 18
v -0.728969 0.684547 18
v -0.809017 0.587785 18
v -0.876307 0.481754 18
v -0.929776 0.368125 18
v -0.968583 0.24869 18
v -0.992115 0.125333 18
v -1 1.22465e-16 18
v -0.992115 -0.125333 18
v -0.968583 -0.24869 18
v -0.929776 -0.368125 18
v -0.876307 -0.481754 18
v -0.809017 -0.587785 18
v -0.728969 -0.684547 18
v -0.637424 -0.770513 18
v -0.535827 -0.844328 18
v -0.425779 -0.904827 18
v -0.309017 -0.951057 18
v -0.187381 -0.982287 18
v -0.0627905 -0.998027 18
v 0.0627905 -0.998027 18
v 0.187381 -0.982287 18
v 0.309017 -0.951057 18
v 0.425779 -0.904827 18
v 0.535827 -0.844328 18
v 0.637424 -0.770513 18
v 0.728969 -0.684547 18
v 0.809017 -0.587785 18
v 0.876307 -0.481754 18
v 0.929776 -0.368125 18
v 0.968583 -0.24869 18
v 0.992115 -0.125333 18
v 1 0 19
v 0.992115 0.125333 19
v 0.968583 0.24869 19
v 0.929776 0.368125 19
v 0.876307 0.481754 19
v 0.809017 0.587785 19
v 0.728969 0.684547 19
v 0.637424 0.770513 19
v 0.535827 0.844328 19
v 0.425779 0.904827 19
v 0.309017 0.951057 19
v 0.187381 0.982287 19
v 0.0627905 0.998027 19
v -0.0627905 0.998027 19
v -0.187381 0.982287 19
v -0.309017 0.951057 19
v -0.425779 0.904827 19
v -0.535827 0.844328 19
v -0.637424 0.770513 19
v -0.728969 0.684547 19
v -0.809017 0.587785 19
v -0.876307 0.481754 19
v -0.929776 0.368125 19
v -0.968583 0.24869 19
v -0.992115 0.125333 19
v -1 1.22465e-16 19
v -0.992115 -0.125333 19
v -0.968583 -0.24869 19
v -0.929776 -0.368125 19
v -0.876307 -0.481754 19
v -0.809017 -0.587785 19
v -0.728969 -0.684547 19
v -0.637424 -0.770513 19
v -0.535827 -0.844328 19
v -0.425779 -0.904827 19
v -0.309017 -0.951057 19
v -0.187381 -0.982287 19
v -0.0627905 -0.998027 19
v 0.0627905 -0.998027 19
v 0.187381 -0.982287 19
v 0.309017 -0.951057 19
v 0.425779 -0.904827 19
v 0.535827 -0.844328 19
v 0.637424 -0.770513 19
v 0.728969 -0.684547 19
v 0.809017 -0.587785 19
v 0.876307 -0.481754 19
v 0.929776 -0.368125 19
v 0.968583 -0.24869 19
v 0.992115 -0.125333 19
v 1 0 20
v 0.992115 0.125333 20
v 0.968583 0.24869 20
v 0.929776 0.368125 20
v 0.876307 0.481754 20
v 0.809017 0.587785 20
v 0.728969 0.684547 20
v 0.637424 0.770513 20
v 0.535827 0.844328 20
v 0.425779 0.904827 20
v 0.309017 0.951057 20
v 0.187381 0.982287 20
v 0.0627905 0.998027 20
v -0.0627905 0.998027 20
v -0.187381 0.982287 20
v -0.309017 0.951057 20
v -0.425779 0.904827 20
v -0.535827 0.844328 20
v -0.637424 0.770513 20
v -0.728969 0.684547 20
v -0.809017 0.587785 20
v -0.876307 0.481754 20
v -0.929776 0.368125 20
v -0.968583 0.24869 20
v -0.992115 0.125333 20
v -1 1.22465e-16 20
v -0.992115 -0.125333 20
v -0.968583 -0.24869 20
v -0.929776 -0.368125 20
v -0.876307 -0.481754 20
v -0.809017 -0.587785 20
v -0.728969 -0.684547 20
v -0.637424 -0.770513 20
v -0.535827 -0.844328 20
v -0.425779 -0.904827 20
v -0.309017 -0.951057 20
v -0.187381 -0.982287 20
v -0.0627905 -0.998027 20
v 0.0627905 -0.998027 20
v 0.187381 -0.982287 20
v 0.309017 -0.951057 20
v 0.425779 -0.904827 20
v 0.535827 -0.844328 20
v 0.637424 -0.770513 20
v 0.728969 -0.684547 20
v 0.809017 -0.587785 20
v 0.876307 -0.481754 20
v 0.929776 -0.368125 20
v 0.968583 -0.24869 20
v 0.992115 -0.125333 20
v 1 0 21
v 0.992115 0.125333 21
v 0.968583 0.24869 21
v 0.929776 0.368125 21
v 0.876307 0.481754 21
v 0.809017 0.587785 21
v 0.728969 0.684547 21
v 0.637424 0.770513 21
v 0.535827 0.844328 21
v 0.425779 0.904827 21
v 0.309017 0.951057 21
v 0.187381 0.982287 21
v 0.0627905 0.998027 21
v -0.0627905 0.998027 21
v -0.187381 0.982287 21
v -0.309017 0.951057 21
v -0.425779 0.904827 21
v -0.535827 0.844328 21
v -0.637424 0.770513 21
v -0.728969 0.684547 21
v -0.809017 0.587785 21
v -0.876307 0.481754 21
v -0.929776 0.368125 21
v -0.968583 0.24869 21
v -0.992115 0.125333 21
v -1 1.22465e-16 21
v -0.992115 -0.125333 21
v -0.968583 -0.24869 21
v -0.929776 -0.368125 21
v -0.876307 -0.481754 21
v -0.809017 -0.587785 21
v -0.728969 -0.684547 21
v -0.637424 -0.770513 21
v -0.535827 -0.844328 21
v -0.425779 -0.904827 21
v -0.309017 -0.951057 21
v -0.187381 -0.982287 21
v -0.0627905 -0.998027 21
v 0.0627905 -0.998027 21
v 0.187381 -0.982287 21
v 0.309017 -0.951057 21
v 0.425779 -0.904827 21
v 0.535827 -0.844328 21
v 0.637424 -0.770513 21
v 0.728969 -0.684547 21
v 0.809017 -0.587785 21
v 0.876307 -0.481754 21
v 0.929776 -0.368125 21
v 0.968583 -0.24869 21
v 0.992115 -0.125333 21
v 1 0 22
v 0.992115 0.125333 22
v 0.968583 0.24869 22
v 0.929776 0.368125 22
v 0.876307 0.481754 22
v 0.809017 0.587785 22
v 0.728969 0.684547 22
v 0.637424 0.770513 22
v 0.535827 0.844328 22
v 0.425779 0.904827 22
v 0.309017 0.951057 22
v 0.187381 0.982287 22
v 0.0627905 0.998027 22
v -0.0627905 0.998027 22
v -0.187381 0.982287 22
v -0.309017 0.951057 22
v -0.425779 0.904827 22
v -0.535827 0.844328 22
v -0.637424 0.770513 22
v -0.728969 0.684547 22
v -0.809017 0.587785 22
v -0.876307 0.481754 22
v -0.929776 0.368125 22
v -0.968583 0.24869 22
v -0.992115 0.125333 22
v -1 1.22465e-16 22
v -0.992115 -0.125333 22
v -0.968583 -0.24869 22
v -0.929776 -0.368125 22
v -0.876307 -0.481754 22
v -0.809017 -0.587785 22
v -0.728969 -0.684547 22
v -0.637424 -0.770513 22
v -0.535827 -0.844328 22
v -0.425779 -0.904827 22
v -0.309017 -0.951057 22
v -0.187381 -0.982287 22
v -0.0627905 -0.998027 22
v 0.0627905 -0.998027 22
v 0.187381 -0.982287 22
v 0.309017 -0.951057 22
v 0.425779 -0.904827 22
v 0.535827 -0.844328 22
v 0.637424 -0.770513 22
v 0.728969 -0.684547 22
v 0.809017 -0.587785 22
v 0.876307 -0.481754 22
v 0.929776 -0.368125 22
v 0.968583 -0.24869 22
v 0.992115 -0.125333 22
v 1 0 23
v 0.992115 0.125333 23
v 0.968583 0.24869 23
v 0.929776 0.368125 23
v 0.876307 0.481754 23
v 0.809017 0.587785 23
v 0.728969 0.684547 23
v 0.637424 0.770513 23
v 0.535827 0.844328 23
v 0.425779 0.904827 23
v 0.309017 0.951057 23
v 0.187381 0.982287 23
v 0.0627905 0.998027 23
v -0.0627905 0.998027 23
v -0.187381 0.982287 23
v -0.309017 0.951057 23
v -0.425779 0.904827 23
v -0.535827 0.844328 23
v -0.637424 0.770513 23
v -0.728969 0.684547 23
v -0.809017 0.587785 23
v -0.876307 0.481754 23
v -0.929776 0.368125 23
v -0.968583 0.24869 23
v -0.992115 0.125333 23
v -1 1.22465e-16 23
v -0.992115 -0.125333 23
v -0.968583 -0.24869 23
v -0.929776 -0.368125 23
v -0.876307 -0.481754 23
v -0.809017 -0.587785 23
v -0.728969 -0.684547 23
v -0.637424 -0.770513 23
v -0.535827 -0.844328 23
v -0.425779 -0.904827 23
v -0.309017 -0.951057 23
v -0.187381 -0.982287 23
v -0.0627905 -0.998027 23
v 0.0627905 -0.998027 23
v 0.187381 -0.982287 23
v 0.309017 -0.951057 23
v 0.425779 -0.904827 23
v 0.535827 -0.844328 23
v 0.637424 -0.770513 23
v 0.728969 -0.684547 23
v 0.809017 -0.587785 23
v 0.876307 -0.481754 23
v 0.929776 -0.368125 23
v 0.968583 -0.24869 23
v 0.992115 -0.125333 23
v 1 0 24
v 0.992115 0.125333 24
v 0.968583 0.24869 24
v 0.929776 0.368125 24
v 0.876307 0.481754 24
v 0.809017 0.587785 24
v 0.728969 0.684547 24
v 0.637424 0.770513 24
v 0.535827 0.844328 24
v 0.425779 0.904827 24
v 0.309017 0.951057 24
v 0.187381 0.982287 24
v 0.0627905 0.998027 24
v -0.0627905 0.998027 24
v -0.187381 0.982287 24
v -0.309017 0.951057 24
v -0.425779 0.904827 24
v -0.535827 0.844328 24
v -0.637424 0.770513 24
v -0.728969 0.684547 24
v -0.809017 0.587785 24
v -0.876307 0.481754 24
v -0.929776 0.368125 24
v -0.968583 0.24869 24
v -0.992115 0.125333 24
v -1 1.22465e-16 24
v -0.992115 -0.125333 24
v -0.968583 -0.24869 24
v -0.929776 -0.368125 24
v -0.876307 -0.481754 24
v -0.809017 -0.587785 24
v -0.728969 -0.684547 24
v -0.637424 -0.770513 24
v -0.535827 -0.844328 24
v -0.425779 -0.904827 24
v -0.309017 -0.951057 24
v -0.187381 -0.982287 24
v -0.0627905 -0.998027 24
v 0.0627905 -0.998027 24
v 0.187381 -0.982287 24
v 0.309017 -0.951057 24
v 0.425779 -0.904827 24
v 0.535827 -0.844328 24
v 0.637424 -0.770513 24
v 0.728969 -0.684547 24
v 0.809017 -0.587785 24
v 0.876307 -0.481754 24
v 0.929776 -0.368125 24
v 0.968583 -0.24869 24
v 0.992115 -0.125333 24
v 1 0 25
v 0.992115 0.125333 25
v 0.968583 0.24869 25
v 0.929776 0.368125 25
v 0.876307 0.481754 25
v 0.809017 0.587785 25
v 0.728969 0.684547 25
v 0.637424 0.770513 25
v 0.535827 0.844328 25
v 0.425779 0.904827 25
v 0.309017 0.951057 25
v 0.187381 0.982287 25
v 0.0627905 0.998027 25
v -0.0627905 0.998027 25
v -0.187381 0.982287 25
v -0.309017 0.951057 25
v -0.425779 0.904827 25
v -0.535827 0.844328 25
v -0.637424 0.770513 25
v -0.728969 0.684547 25
v -0.809017 0.587785 25
v -0.876307 0.481754 25
v -0.929776 0.368125 25
v -0.968583 0.24869 25
v -0.992115 0.125333 25
v -1 1.22465e-16 25
v -0.992115 -0.125333 25
v -0.968583 -0.24869 25
v -0.929776 -0.368125 25
v -0.876307 -0.481754 25
v -0.809017 -0.587785 25
v -0.728969 -0.684547 25
v -0.637424 -0.770513 25
v -0.535827 -0.844328 25
v -0.425779 -0.904827 25
v -0.309017 -0.951057 25
v -0.187381 -0.982287 25
v -0.0627905 -0.998027 25
v 0.0627905 -0.998027 25
v 0.187381 -0.982287 25
v 0.309017 -0.951057 25
v 0.425779 -0.904827 25
v 0.535827 -0.844328 25
v 0.637424 -0.770513 25
v 0.728969 -0.684547 25
v 0.809017 -0.587785 25
v 0.876307 -0.481754 25
v 0.929776 -0.368125 25
v 0.968583 -0.24869 25
v 0.992115 -0.125333 25
v 1 0 26
v 0.992115 0.125333 26
v 0.968583 0.24869 26
v 0.929776 0.368125 26
v 0.876307 0.481754 26
v 0.809017 0.587785 26
v 0.728969 0.684547 26
v 0.637424 0.770513 26
v 0.535827 0.844328 26
v 0.425779 0.904827 26
v 0.309017 0.951057 26
v 0.187381 0.982287 26
v 0.0627905 0.998027 26
v -0.0627905 0.998027 26
v -0.187381 0.982287 26
v -0.309017 0.951057 26
v -0.425779 0.904827 26
v -0.535827 0.844328 26
v -0.637424 0.770513 26
v -0.728969 0.684547 26
v -0.809017 0.587785 26
v -0.876307 0.481754 26
v -0.929776 0.368125 26
v -0.968583 0.24869 26
v -0.992115 0.125333 26
v -1 1.22465e-16 26
v -0.992115 -0.125333 26
v -0.968583 -0.24869 26
v -0.929776 -0.368125 26
v -0.876307 -0.481754 26
v -0.809017 -0.587785 26
v -0.728969 -0.684547 26
v -0.637424 -0.770513 26
v -0.535827 -0.844328 26
v -0.425779 -0.904827 26
v -0.309017 -0.951057 26
v -0.187381 -0.982287 26
v -0.0627905 -0.998027 26
v 0.0627905 -0.998027 26
v 0.187381 -0.982287 26
v 0.309017 -0.951057 26
v 0.425779 -0.904827 26
v 0.535827 -0.844328 26
v 0.637424 -0.770513 26
v 0.728969 -0.684547 26
v 0.809017 -0.587785 26
v 0.876307 -0.481754 26
v 0.929776 -0.368125 26
v 0.968583 -0.24869 26
v 0.992115 -0.125333 26
v 1 0 27
v 0.992115 0.125333 27
v 0.968583 0.24869 27
v 0.929776 0.368125 27
v 0.876307 0.481754 27
v 0.809017 0.587785 27
v 0.728969 0.684547 27
v 0.637424 0.770513 27
v 0.535827 0.844328 27
v 0.425779 0.904827 27
v 0.309017 0.951057 27
v 0.187381 0.982287 27
v 0.0627905 0.998027 27
v -0.0627905 0.998027 27
v -0.187381 0.982287 27
v -0.309017 0.951057 27
v -0.425779 0.904827 27
v -0.535827 0.844328 27
v -0.637424 0.770513 27
v -0.728969 0.684547 27
v -0.809017 0.587785 27
v -0.876307 0.481754 27
v -0.929776 0.368125 27
v -0.968583 0.24869 27
v -0.992115 0.125333 27
v -1 1.22465e-16 27
v -0.992115 -0.125333 27
v -0.968583 -0.24869 27
v -0.929776 -0.368125 27
v -0.876307 -0.481754 27
v -0.809017 -0.587785 27
v -0.728969 -0.684547 27
v -0.637424 -0.770513 27
v -0.535827 -0.844328 27
v -0.425779 -0.904827 27
v -0.309017 -0.951057 27
v -0.187381 -0.982287 27
v -0.0627905 -0.998027 27
v 0.0627905 -0.998027 27
v 0.187381 -0.982287 27
v 0.309017 -0.951057 27
v 0.425779 -0.904827 27
v 0.535827 -0.844328 27
v 0.637424 -0.770513 27
v 0.728969 -0.684547 27
v 0.809017 -0.587785 27
v 0.876307 -0.481754 27
v 0.929776 -0.368125 27
v 0.968583 -0.24869 27
v 0.992115 -0.125333 27
v 1 0 28
v 0.992115 0.125333 28
v 0.968583 0.24869 28
v 0.929776 0.368125 28
v 0.876307 0.481754 28
v 0.809017 0.587785 28
v 0.728969 0.684547 28
v 0.637424 0.770513 28
v 0.535827 0.844328 28
v 0.425779 0.904827 28
v 0.309017 0.951057 28
v 0.187381 0.982287 28
v 0.0627905 0.998027 28
v -0.0627905 0.998027 28
v -0.187381 0.982287 28
v -0.309017 0.951057 28
v -0.425779 0.904827 28
v -0.535827 0.844328 28
v -0.637424 0.770513 28
v -0.728969 0.684547 28
v -0.809017 0.587785 28
v -0.876307 0.481754 28
v -0.929776 0.368125 28
v -0.968583 0.24869 28
v -0.992115 0.125333 28
v -1 1.22465e-16 28
v -0.992115 -0.125333 28
v -0.968583 -0.24869 28
v -0.929776 -0.368125 28
v -0.876307 -0.481754 28
v -0.809017 -0.587785 28
v -0.728969 -0.684547 28
v -0.637424 -0.770513 28
v -0.535827 -0.844328 28
v -0.425779 -0.904827 28
v -0.309017 -0.951057 28
v -0.187381 -0.982287 28
v -0.0627905 -0.998027 28
v 0.0627905 -0.998027 28
v 0.187381 -0.982287 28
v 0.309017 -0.951057 28
v 0.425779 -0.904827 28
v 0.535827 -0.844328 28
v 0.637424 -0.770513 28
v 0.728969 -0.684547 28
v 0.809017 -0.587785 28
v 0.876307 -0.481754 28
v 0.929776 -0.368125 28
v 0.968583 -0.24869 28
v 0.992115 -0.125333 28
v 1 0 29
v 0.992115 0.125333 29
v 0.968583 0.24869 29
v 0.929776 0.368125 29
v 0.876307 0.481754 29
v 0.809017 0.587785 29
v 0.728969 0.684547 29
v 0.637424 0.770513 29
v 0.535827 0.844328 29
v 0.425779 0.904827 29
v 0.309017 0.951057 29
v 0.187381 0.982287 29
v 0.0627905 0.998027 29
v -0.0627905 0.998027 29
v -0.187381 0.982287 29
v -0.309017 0.951057 29
v -0.425779 0.904827 29
v -0.535827 0.844328 29
v -0.637424 0.770513 29
v -0.728969 0.684547 29
v -0.809017 0.587785 29
v -0.876307 0.481754 29
v -0.929776 0.368125 29
v -0.968583 0.24869 29
v -0.992115 0.125333 29
v -1 1.22465e-16 29
v -0.992115 -0.125333 29
v -0.968583 -0.24869 29
v -0.929776 -0.368125 29
v -0.876307 -0.481754 29
v -0.809017 -0.587785 29
v -0.728969 -0.684547 29
v -0.637424 -0.770513 29
v -0.535827 -0.844328 29
v -0.425779 -0.904827 29
v -0.309017 -0.951057 29
v -0.187381 -0.982287 29
v -0.0627905 -0.998027 29
v 0.0627905 -0.998027 29
v 0.187381 -0.982287 29
v 0.309017 -0.951057 29
v 0.425779 -0.904827 29
v 0.535827 -0.844328 29
v 0.637424 -0.770513 29
v 0.728969 -0.684547 29
v 0.809017 -0.587785 29
v 0.876307 -0.481754 29
v 0.929776 -0.368125 29
v 0.968583 -0.24869 29
v 0.992115 -0.125333 29
v 1 0 30
v 0.992115 0.125333 30
v 0.968583 0.24869 30
v 0.929776 0.368125 30
v 0.876307 0.481754 30
v 0.809017 0.587785 30
v 0.728969 0.684547 30
v 0.637424 0.770513 30
v 0.535827 0.844328 30
v 0.425779 0.904827 30
v 0.309017 0.951057 30
v 0.187381 0.982287 30
v 0.0627905 0.998027 30
v -0.0627905 0.998027 30
v -0.187381 0.982287 30
v -0.309017 0.951057 30
v -0.425779 0.904827 30
v -0.535827 0.844328 30
v -0.637424 0.770513 30
v -0.728969 0.684547 30
v -0.809017 0.587785 30
v -0.876307 0.481754 30
v -0.929776 0.368125 30
v -0.968583 0.24869 30
v -0.992115 0.125333 30
v -1 1.22465e-16 30
v -0.992115 -0.125333 30
v -0.968583 -0.24869 30
v -0.929776 -0.368125 30
v -0.876307 -0.481754 30
v -0.809017 -0.587785 30
v -0.728969 -0.684547 30
v -0.637424 -0.770513 30
v -0.535827 -0.844328 30
v -0.425779 -0.904827 30
v -0.309017 -0.951057 30
v -0.187381 -0.982287 30
v -0.0627905 -0.998027 30
v 0.0627905 -0.998027 30
v 0.187381 -0.982287 30
v 0.309017 -0.951057 30
v 0.425779 -0.904827 30
v 0.535827 -0.844328 30
v 0.637424 -0.770513 30
v 0.728969 -0.684547 30
v 0.809017 -0.587785 30
v 0.876307 -0.481754 30
v 0.929776 -0.368125 30
v 0.968583 -0.24869 30
v 0.992115 -0.125333 30
v 1 0 31
v 0.992115 0.125333 31
v 0.968583 0.24869 31
v 0.929776 0.368125 31
v 0.876307 0.481754 31
v 0.809017 0.587785 31
v 0.728969 0.684547 31
v 0.637424 0.770513 31
v 0.535827 0.844328 31
v 0.425779 0.904827 31
v 0.309017 0.951057 31
v 0.187381 0.982287 31
v 0.0627905 0.998027 31
v -0.0627905 0.998027 31
v -0.187381 0.982287 31
v -0.309017 0.951057 31
v -0.425779 0.904827 31
v -0.535827 0.844328 31
v -0.637424 0.770513 31
v -0.728969 0.684547 31
v -0.809017 0.587785 31
v -0.876307 0.481754 31
v -0.929776 0.368125 31
v -0.968583 0.24869 31
v -0.992115 0.125333 31
v -1 1.22465e-16 31
v -0.992115 -0.125333 31
v -0.968583 -0.24869 31
v -0.929776 -0.368125 31
v -0.876307 -0.481754 31
v -0.809017 -0.587785 31
v -0.728969 -0.684547 31
v -0.637424 -0.770513 31
v -0.535827 -0.844328 31
v -0.425779 -0.904827 31
v -0.309017 -0.951057 31
v -0.187381 -0.982287 31
v -0.0627905 -0.998027 31
v 0.0627905 -0.998027 31
v 0.187381 -0.982287 31
v 0.309017 -0.951057 31
v 0.425779 -0.904827 31
v 0.535827 -0.844328 31
v 0.637424 -0.770513 31
v 0.728969 -0.684547 31
v 0.809017 -0.587785 31
v 0.876307 -0.481754 31
v 0.929776 -0.368125 31
v 0.968583 -0.24869 31
v 0.992115 -0.125333 31
v 1 0 32
v 0.992115 0.125333 32
v 0.968583 0.24869 32
v 0.929776 0.368125 32
v 0.876307 0.481754 32
v 0.809017 0.587785 32
v 0.728969 0.684547 32
v 0.637424 0.770513 32
v 0.535827 0.844328 32
v 0.425779 0.904827 32
v 0.309017 0.951057 32
v 0.187381 0.982287 32
v 0.0627905 0.998027 32
v -0.0627905 0.998027 32
v -0.187381 0.982287 32
v -0.309017 0.951057 32
v -0.425779 0.904827 32
v -0.535827 0.844328 32
v -0.637424 0.770513 32
v -0.728969 0.684547 32
v -0.809017 0.587785 32
v -0.876307 0.481754 32
v -0.929776 0.368125 32
v -0.968583 0.24869 32
v -0.992115 0.125333 32
v -1 1.22465e-16 32
v -0.992115 -0.125333 32
v -0.968583 -0.24869 32
v -0.929776 -0.368125 32
v -0.876307 -0.481754 32
v -0.809017 -0.587785 32
v -0.728969 -0.684547 32
v -0.637424 -0.770513 32
v -0.535827 -0.844328 32
v -0.425779 -0.904827 32
v -0.309017 -0.951057 32
v -0.187381 -0.982287 32
v -0.0627905 -0.998027 32
v 0.0627905 -0.998027 32
v 0.187381 -0.982287 32
v 0.309017 -0.951057 32
v 0.425779 -0.904827 32
v 0.535827 -0.844328 32
v 0.637424 -0.770513 32
v 0.728969 -0.684547 32
v 0.809017 -0.587785 32
v 0.876307 -0.481754 32
v 0.929776 -0.368125 32
v 0.968583 -0.24869 32
v 0.992115 -0.125333 32
v 1 0 33
v 0.992115 0.125333 33
v 0.968583 0.24869 33
v 0.929776 0.368125 33
v 0.876307 0.481754 33
v 0.809017 0.587785 33
v 0.728969 0.684547 33
v 0.637424 0.770513 33
v 0.535827 0.844328 33
v 0.425779 0.904827 33
v 0.309017 0.951057 33
v 0.187381 0.982287 33
v 0.0627905 0.998027 33
v -0.0627905 0.998027 33
v -0.187381 0.982287 33
v -0.309017 0.951057 33
v -0.425779 0.904827 33
v -0.535827 0.844328 33
v -0.637424 0.770513 33
v -0.728969 0.684547 33
v -0.809017 0.587785 33
v -0.876307 0.481754 33
v -0.929776 0.368125 33
v -0.968583 0.24869 33
v -0.992115 0.125333 33
v -1 1.22465e-16 33
v -0.992115 -0.125333 33
v -0.968583 -0.24869 33
v -0.929776 -0.368125 33
v -0.876307 -0.481754 33
v -0.809017 -0.587785 33
v -0.728969 -0.684547 33
v -0.637424 -0.770513 33
v -0.535827 -0.844328 33
v -0.425779 -0.904827 33
v -0.309017 -0.951057 33
v -0.187381 -0.982287 33
v -0.0627905 -0.998027 33
v 0.0627905 -0.998027 33
v 0.187381 -0.982287 33
v 0.309017 -0.951057 33
v 0.425779 -0.904827 33
v 0.535827 -0.844328 33
v 0.637424 -0.770513 33
v 0.728969 -0.684547 33
v 0.809017 -0.587785 33
v 0.876307 -0.481754 33
v 0.929776 -0.368125 33
v 0.968583 -0.24869 33
v 0.992115 -0.125333 33
v 1 0 34
v 0.992115 0.125333 34
v 0.968583 0.24869 34
v 0.929776 0.368125 34
v 0.876307 0.481754 34
v 0.809017 0.587785 34
v 0.728969 0.684547 34
v 0.637424 0.770513 34
v 0.535827 0.844328 34
v 0.425779 0.904827 34
v 0.309017 0.951057 34
v 0.187381 0.982287 34
v 0.0627905 0.998027 34
v -0.0627905 0.998027 34
v -0.187381 0.982287 34
v -0.309017 0.951057 34
v -0.425779 0.904827 34
v -0.535827 0.844328 34
v -0.637424 0.770513 34
v -0.728969 0.684547 34
v -0.809017 0.587785 34
v -0.876307 0.481754 34
v -0.929776 0.368125 34
v -0.968583 0.24869 34
v -0.992115 0.125333 34
v -1 1.22465e-16 34
v -0.992115 -0.125333 34
v -0.968583 -0.24869 34
v -0.929776 -0.368125 34
v -0.876307 -0.481754 34
v -0.809017 -0.587785 34
v -0.728969 -0.684547 34
v -0.637424 -0.770513 34
v -0.535827 -0.844328 34
v -0.425779 -0.904827 34
v -0.309017 -0.951057 34
v -0.187381 -0.982287 34
v -0.0627905 -0.998027 34
v 0.0627905 -0.998027 34
v 0.187381 -0.982287 34
v 0.309017 -0.951057 34
v 0.425779 -0.904827 34
v 0.535827 -0.844328 34
v 0.637424 -0.770513 34
v 0.728969 -0.684547 34
v 0.809017 -0.587785 34
v 0.876307 -0.481754 34
v 0.929776 -0.368125 34
v 0.968583 -0.24869 34
v 0.992115 -0.125333 34
v 1 0 35
v 0.992115 0.125333 35
v 0.968583 0.24869 35
v 0.929776 0.368125 35
v 0.876307 0.481754 35
v 0.809017 0.587785 35
v 0.728969 0.684547 35
v 0.637424 0.770513 35
v 0.535827 0.844328 35
v 0.425779 0.904827 35
v 0.309017 0.951057 35
v 0.187381 0.982287 35
v 0.0627905 0.998027 35
v -0.0627905 0.998027 35
v -0.187381 0.982287 35
v -0.309017 0.951057 35
v -0.425779 0.904827 35
v -0.535827 0.844328 35
v -0.637424 0.770513 35
v -0.728969 0.684547 35
v -0.809017 0.587785 35
v -0.876307 0.481754 35
v -0.929776 0.368125 35
v -0.968583 0.24869 35
v -0.992115 0.125333 35
v -1 1.22465e-16 35
v -0.992115 -0.125333 35
v -0.968583 -0.24869 35
v -0.929776 -0.368125 35
v -0.876307 -0.481754 35
v -0.809017 -0.587785 35
v -0.728969 -0.684547 35
v -0.637424 -0.770513 35
v -0.535827 -0.844328 35
v -0.425779 -0.904827 35
v -0.309017 -0.951057 35
v -0.187381 -0.982287 35
v -0.0627905 -0.998027 35
v 0.0627905 -0.998027 35
v 0.187381 -0.982287 35
v 0.309017 -0.951057 35
v 0.425779 -0.904827 35
v 0.535827 -0.844328 35
v 0.637424 -0.770513 35
v 0.728969 -0.684547 35
v 0.809017 -0.587785 35
v 0.876307 -0.481754 35
v 0.929776 -0.368125 35
v 0.968583 -0.24869 35
v 0.992115 -0.125333 35
v 1 0 36
v 0.992115 0.125333 36
v 0.968583 0.24869 36
v 0.929776 0.368125 36
v 0.876307 0.481754 36
v 0.809017 0.587785 36
v 0.728969 0.684547 36
v 0.637424 0.770513 36
v 0.535827 0.844328 36
v 0.425779 0.904827 36
v 0.309017 0.951057 36
v 0.187381 0.982287 36
v 0.0627905 0.998027 36
v -0.0627905 0.998027 36
v -0.187381 0.982287 36
v -0.309017 0.951057 36
v -0.425779 0.904827 36
v -0.535827 0.844328 36
v -0.637424 0.770513 36
v -0.728969 0.684547 36
v -0.809017 0.587785 36
v -0.876307 0.481754 36
v -0.929776 0.368125 36
v -0.968583 0.24869 36
v -0.992115 0.125333 36
v -1 1.22465e-16 36
v -0.992115 -0.125333 36
v -0.968583 -0.24869 36
v -0.929776 -0.368125 36
v -0.876307 -0.481754 36
v -0.809017 -0.587785 36
v -0.728969 -0.684547 36
v -0.637424 -0.770513 36
v -0.535827 -0.844328 36
v -0.425779 -0.904827 36
v -0.309017 -0.951057 36
v -0.187381 -0.982287 36
v -0.0627905 -0.998027 36
v 0.0627905 -0.998027 36
v 0.187381 -0.982287 36
v 0.309017 -0.951057 36
v 0.425779 -0.904827 36
v 0.535827 -0.844328 36
v 0.637424 -0.770513 36
v 0.728969 -0.684547 36
v 0.809017 -0.587785 36
v 0.876307 -0.481754 36
v 0.929776 -0.368125 36
v 0.968583 -0.24869 36
v 0.992115 -0.125333 36
v 1 0 37
v 0.992115 0.125333 37
v 0.968583 0.24869 37
v 0.929776 0.368125 37
v 0.876307 0.481754 37
v 0.809017 0.587785 37
v 0.728969 0.684547 37
v 0.637424 0.770513 37
v 0.535827 0.844328 37
v 0.425779 0.904827 37
v 0.309017 0.951057 37
v 0.187381 0.982287 37
v 0.0627905 0.998027 37
v -0.0627905 0.998027 37
v -0.187381 0.982287 37
v -0.309017 0.951057 37
v -0.425779 0.904827 37
v -0.535827 0.844328 37
v -0.637424 0.770513 37
v -0.728969 0.684547 37
v -0.809017 0.587785 37
v -0.876307 0.481754 37
v -0.929776 0.368125 37
v -0.968583 0.24869 37
v -0.992115 0.125333 37
v -1 1.22465e-16 37
v -0.992115 -0.125333 37
v -0.968583 -0.24869 37
v -0.929776 -0.368125 37
v -0.876307 -0.481754 37
v -0.809017 -0.587785 37
v -0.728969 -0.684547 37
v -0.637424 -0.770513 37
v -0.535827 -0.844328 37
v -0.425779 -0.904827 37
v -0.309017 -0.951057 37
v -0.187381 -0.982287 37
v -0.0627905 -0.998027 37
v 0.0627905 -0.998027 37
v 0.187381 -0.982287 37
v 0.309017 -0.951057 37
v 0.425779 -0.904827 37
v 0.535827 -0.844328 37
v 0.637424 -0.770513 37
v 0.728969 -0.684547 37
v 0.809017 -0.587785 37
v 0.876307 -0.481754 37
v 0.929776 -0.368125 37
v 0.968583 -0.24869 37
v 0.992115 -0.125333 37
v 1 0 38
v 0.992115 0.125333 38
v 0.968583 0.24869 38
v 0.929776 0.368125 38
v 0.876307 0.481754 38
v 0.809017 0.587785 38
v 0.728969 0.684547 38
v 0.637424 0.770513 38
v 0.535827 0.844328 38
v 0.425779 0.904827 38
v 0.309017 0.951057 38
v 0.187381 0.982287 38
v 0.0627905 0.998027 38
v -0.0627905 0.998027 38
v -0.187381 0.982287 38
v -0.309017 0.951057 38
v -0.425779 0.904827 38
v -0.535827 0.844328 38
v -0.637424 0.770513 38
v -0.728969 0.684547 38
v -0.809017 0.587785 38
v -0.876307 0.481754 38
v -0.929776 0.368125 38
v -0.968583 0.24869 38
v -0.992115 0.125333 38
v -1 1.22465e-16 38
v -0.992115 -0.125333 38
v -0.968583 -0.24869 38
v -0.929776 -0.368125 38
v -0.876307 -0.481754 38
v -0.809017 -0.587785 38
v -0.728969 -0.684547 38
v -0.637424 -0.770513 38
v -0.535827 -0.844328 38
v -0.425779 -0.904827 38
v -0.309017 -0.951057 38
v -0.187381 -0.982287 38
v -0.0627905 -0.998027 38
v 0.0627905 -0.998027 38
v 0.187381 -0.982287 38
v 0.309017 -0.951057 38
v 0.425779 -0.904827 38
v 0.535827 -0.844328 38
v 0.637424 -0.770513 38
v 0.728969 -0.684547 38
v 0.809017 -0.587785 38
v 0.876307 -0.481754 38
v 0.929776 -0.368125 38
v 0.968583 -0.24869 38
v 0.992115 -0.125333 38
v 1 0 39
v 0.992115 0.125333 39
v 0.968583 0.24869 39
v 0.929776 0.368125 39
v 0.876307 0.481754 39
v 0.809017 0.587785 39
v 0.728969 0.684547 39
v 0.637424 0.770513 39
v 0.535827 0.844328 39
v 0.425779 0.904827 39
v 0.309017 0.951057 39
v 0.187381 0.982287 39
v 0.0627905 0.998027 39
v -0.0627905 0.998027 39
v -0.187381 0.982287 39
v -0.309017 0.951057 39
v -0.425779 0.904827 39
v -0.535827 0.844328 39
v -0.637424 0.770513 39
v -0.728969 0.684547 39
v -0.809017 0.587785 39
v -0.876307 0.481754 39
v -0.929776 0.368125 39
v -0.968583 0.24869 39
v -0.992115 0.125333 39
v -1 1.22465e-16 39
v -0.992115 -0.125333 39
v -0.968583 -0.24869 39
v -0.929776 -0.368125 39
v -0.876307 -0.481754 39
v -0.809017 -0.587785 39
v -0.728969 -0.684547 39
v -0.637424 -0.770513 39
v -0.535827 -0.844328 39
v -0.425779 -0.904827 39
v -0.309017 -0.951057 39
v -0.187381 -0.982287 39
v -0.0627905 -0.998027 39
v 0.0627905 -0.998027 39
v 0.187381 -0.982287 39
v 0.309017 -0.951057 39
v 0.425779 -0.904827 39
v 0.535827 -0.844328 39
v 0.637424 -0.770513 39
v 0.728969 -0.684547 39
v 0.809017 -0.587785 39
v 0.876307 -0.481754 39
v 0.929776 -0.368125 39
v 0.968583 -0.24869 39
v 0.992115 -0.125333 39
v 1 0 40
v 0.992115 0.125333 40
v 0.968583 0.24869 40
v 0.929776 0.368125 40
v 0.876307 0.481754 40
v 0.809017 0.587785 40
v 0.728969 0.684547 40
v 0.637424 0.770513 40
v 0.535827 0.844328 40
v 0.425779 0.904827 40
v 0.309017 0.951057 40
v 0.187381 0.982287 40
v 0.0627905 0.998027 40
v -0.0627905 0.998027 40
v -0.187381 0.982287 40
v -0.309017 0.951057 40
v -0.425779 0.904827 40
v -0.535827 0.844328 40
v -0.637424 0.770513 40
v -0.728969 0.684547 40
v -0.809017 0.587785 40
v -0.876307 0.481754 40
v -0.929776 0.368125 40
v -0.968583 0.24869 40
v -0.992115 0.125333 40
v -1 1.22465e-16 40
v -0.992115 -0.125333 40
v -0.968583 -0.24869 40
v -0.929776 -0.368125 40
v -0.876307 -0.481754 40
v -0.809017 -0.587785 40
v -0.728969 -0.684547 40
v -0.637424 -0.770513 40
v -0.535827 -0.844328 40
v -0.425779 -0.904827 40
v -0.309017 -0.951057 40
v -0.187381 -0.982287 40
v -0.0627905 -0.998027 40
v 0.0627905 -0.998027 40
v 0.187381 -0.982287 40
v 0.309017 -0.951057 40
v 0.425779 -0.904827 40
v 0.535827 -0.844328 40
v 0.637424 -0.770513 40
v 0.728969 -0.684547 40
v 0.809017 -0.587785 40
v 0.876307 -0.481754 40
v 0.929776 -0.368125 40
v 0.968583 -0.24869 40
v 0.992115 -0.125333 40
v 1 0 41
v 0.992115 0.125333 41
v 0.968583 0.24869 41
v 0.929776 0.368125 41
v 0.876307 0.481754 41
v 0.809017 0.587785 41
v 0.728969 0.684547 41
v 0.637424 0.770513 41
v 0.535827 0.844328 41
v 0.425779 0.904827 41
v 0.309017 0.951057 41
v 0.187381 0.982287 41
v 0.0627905 0.998027 41
v -0.0627905 0.998027 41
v -0.187381 0.982287 41
v -0.309017 0.951057 41
v -0.425779 0.904827 41
v -0.535827 0.844328 41
v -0.637424 0.770513 41
v -0.728969 0.684547 41
v -0.809017 0.587785 41
v -0.876307 0.481754 41
v -0.929776 0.368125 41
v -0.968583 0.24869 41
v -0.992115 0.125333 41
v -1 1.22465e-16 41
v -0.992115 -0.125333 41
v -0.968583 -0.24869 41
v -0.929776 -0.368125 41
v -0.876307 -0.481754 41
v -0.809017 -0.587785 41
v -0.728969 -0.684547 41
v -0.637424 -0.770513 41
v -0.535827 -0.844328 41
v -0.425779 -0.904827 41
v -0.309017 -0.951057 41
v -0.187381 -0.982287 41
v -0.0627905 -0.998027 41
v 0.0627905 -0.998027 41
v 0.187381 -0.982287 41
v 0.309017 -0.951057 41
v 0.425779 -0.904827 41
v 0.535827 -0.844328 41
v 0.637424 -0.770513 41
v 0.728969 -0.684547 41
v 0.809017 -0.587785 41
v 0.876307 -0.481754 41
v 0.929776 -0.368125 41
v 0.968583 -0.24869 41
v 0.992115 -0.125333 41
v 1 0 42
v 0.992115 0.125333 42
v 0.968583 0.24869 42
v 0.929776 0.368125 42
v 0.876307 0.481754 42
v 0.809017 0.587785 42
v 0.728969 0.684547 42
v 0.637424 0.770513 42
v 0.535827 0.844328 42
v 0.425779 0.904827 42
v 0.309017 0.951057 42
v 0.187381 0.982287 42
v 0.0627905 0.998027 42
v -0.0627905 0.998027 42
v -0.187381 0.982287 42
v -0.309017 0.951057 42
v -0.425779 0.904827 42
v -0.535827 0.844328 42
v -0.637424 0.770513 42
v -0.728969 0.684547 42
v -0.809017 0.587785 42
v -0.876307 0.481754 42
v -0.929776 0.368125 42
v -0.968583 0.24869 42
v -0.992115 0.125333 42
v -1 1.22465e-16 42
v -0.992115 -0.125333 42
v -0.968583 -0.24869 42
v -0.929776 -0.368125 42
v -0.876307 -0.481754 42
v -0.809017 -0.587785 42
v -0.728969 -0.684547 42
v -0.637424 -0.770513 42
v -0.535827 -0.844328 42
v -0.425779 -0.904827 42
v -0.309017 -0.951057 42
v -0.187381 -0.982287 42
v -0.0627905 -0.998027 42
v 0.0627905 -0.998027 42
v 0.187381 -0.982287 42
v 0.309017 -0.951057 42
v 0.425779 -0.904827 42
v 0.535827 -0.844328 42
v 0.637424 -0.770513 42
v 0.728969 -0.684547 42
v 0.809017 -0.587785 42
v 0.876307 -0.481754 42
v 0.929776 -0.368125 42
v 0.968583 -0.24869 42
v 0.992115 -0.125333 42
v 1 0 43
v 0.992115 0.125333 43
v 0.968583 0.24869 43
v 0.929776 0.368125 43
v 0.876307 0.481754 43
v 0.809017 0.587785 43
v 0.728969 0.684547 43
v 0.637424 0.770513 43
v 0.535827 0.844328 43
v 0.425779 0.904827 43
v 0.309017 0.951057 43
v 0.187381 0.982287 43
v 0.0627905 0.998027 43
v -0.0627905 0.998027 43
v -0.187381 0.982287 43
v -0.309017 0.951057 43
v -0.425779 0.904827 43
v -0.535827 0.844328 43
v -0.637424 0.770513 43
v -0.728969 0.684547 43
v -0.809017 0.587785 43
v -0.876307 0.481754 43
v -0.929776 0.368125 43
v -0.968583 0.24869 43
v -0.992115 0.125333 43
v -1 1.22465e-16 43
v -0.992115 -0.125333 43
v -0.968583 -0.24869 43
v -0.929776 -0.368125 43
v -0.876307 -0.481754 43
v -0.809017 -0.587785 43
v -0.728969 -0.684547 43
v -0.637424 -0.770513 43
v -0.535827 -0.844328 43
v -0.425779 -0.904827 43
v -0.309017 -0.951057 43
v -0.187381 -0.982287 43
v -0.0627905 -0.998027 43
v 0.0627905 -0.998027 43
v 0.187381 -0.982287 43
v 0.309017 -0.951057 43
v 0.425779 -0.904827 43
v 0.535827 -0.844328 43
v 0.637424 -0.770513 43
v 0.728969 -0.684547 43
v 0.809017 -0.587785 43
v 0.876307 -0.481754 43
v 0.929776 -0.368125 43
v 0.968583 -0.24869 43
v 0.992115 -0.125333 43
v 1 0 44
v 0.992115 0.125333 44
v 0.968583 0.24869 44
v 0.929776 0.368125 44
v 0.876307 0.481754 44
v 0.809017 0.587785 44
v 0.728969 0.684547 44
v 0.637424 0.770513 44
v 0.535827 0.844328 44
v 0.425779 0.904827 44
v 0.309017 0.951057 44
v 0.187381 0.982287 44
v 0.0627905 0.998027 44
v -0.0627905 0.998027 44
v -0.187381 0.982287 44
v -0.309017 0.951057 44
v -0.425779 0.904827 44
v -0.535827 0.844328 44
v -0.637424 0.770513 44
v -0.728969 0.684547 44
v -0.809017 0.587785 44
v -0.876307 0.481754 44
v -0.929776 0.368125 44
v -0.968583 0.24869 44
v -0.992115 0.125333 44
v -1 1.22465e-16 44
v -0.992115 -0.125333 44
v -0.968583 -0.24869 44
v -0.929776 -0.368125 44
v -0.876307 -0.481754 44
v -0.809017 -0.587785 44
v -0.728969 -0.684547 44
v -0.637424 -0.770513 44
v -0.535827 -0.844328 44
v -0.425779 -0.904827 44
v -0.309017 -0.951057 44
v -0.187381 -0.982287 44
v -0.0627905 -0.998027 44
v 0.0627905 -0.998027 44
v 0.187381 -0.982287 44
v 0.309017 -0.951057 44
v 0.425779 -0.904827 44
v 0.535827 -0.844328 44
v 0.637424 -0.770513 44
v 0.728969 -0.684547 44
v 0.809017 -0.587785 44
v 0.876307 -0.481754 44
v 0.929776 -0.368125 44
v 0.968583 -0.24869 44
v 0.992115 -0.125333 44
v 1 0 45
v 0.992115 0.125333 45
v 0.968583 0.24869 45
v 0.929776 0.368125 45
v 0.876307 0.481754 45
v 0.809017 0.587785 45
v 0.728969 0.684547 45
v 0.637424 0.770513 45
v 0.535827 0.844328 45
v 0.425779 0.904827 45
v 0.309017 0.951057 45
v 0.187381 0.982287 45
v 0.0627905 0.998027 45
v -0.0627905 0.998027 45
v -0.187381 0.982287 45
v -0.309017 0.951057 45
v -0.425779 0.904827 45
v -0.535827 0.844328 45
v -0.637424 0.770513 45
v -0.728969 0.684547 45
v -0.809017 0.587785 45
v -0.876307 0.481754 45
v -0.929776 0.368125 45
v -0.968583 0.24869 45
v -0.992115 0.125333 45
v -1 1.22465e-16 45
v -0.992115 -0.125333 45
v -0.968583 -0.24869 45
v -0.929776 -0.368125 45
v -0.876307 -0.481754 45
v -0.809017 -0.587785 45
v -0.728969 -0.684547 45
v -0.637424 -0.770513 45
v -0.535827 -0.844328 45
v -0.425779 -0.904827 45
v -0.309017 -0.951057 45
v -0.187381 -0.982287 45
v -0.0627905 -0.998027 45
v 0.0627905 -0.998027 45
v 0.187381 -0.982287 45
v 0.309017 -0.951057 45
v 0.425779 -0.904827 45
v 0.535827 -0.844328 45
v 0.637424 -0.770513 45
v 0.728969 -0.684547 45
v 0.809017 -0.587785 45
v 0.876307 -0.481754 45
v 0.929776 -0.368125 45
v 0.968583 -0.24869 45
v 0.992115 -0.125333 45
v 1 0 46
v 0.992115 0.125333 46
v 0.968583 0.24869 46
v 0.929776 0.368125 46
v 0.876307 0.481754 46
v 0.809017 0.587785 46
v 0.728969 0.684547 46
v 0.637424 0.770513 46
v 0.535827 0.844328 46
v 0.425779 0.904827 46
v 0.309017 0.951057 46
v 0.187381 0.982287 46
v 0.0627905 0.998027 46
v -0.0627905 0.998027 46
v -0.187381 0.982287 46
v -0.309017 0.951057 46
v -0.425779 0.904827 46
v -0.535827 0.844328 46
v -0.637424 0.770513 46
v -0.728969 0.684547 46
v -0.809017 0.587785 46
v -0.876307 0.481754 46
v -0.929776 0.368125 46
v -0.968583 0.24869 46
v -0.992115 0.125333 46
v -1 1.22465e-16 46
v -0.992115 -0.125333 46
v -0.968583 -0.24869 46
v -0.929776 -0.368125 46
v -0.876307 -0.481754 46
v -0.809017 -0.587785 46
v -0.728969 -0.684547 46
v -0.637424 -0.770513 46
v -0.535827 -0.844328 46
v -0.425779 -0.904827 46
v -0.309017 -0.951057 46
v -0.187381 -0.982287 46
v -0.0627905 -0.998027 46
v 0.0627905 -0.998027 46
v 0.187381 -0.982287 46
v 0.309017 -0.951057 46
v 0.425779 -0.904827 46
v 0.535827 -0.844328 46
v 0.637424 -0.770513 46
v 0.728969 -0.684547 46
v 0.809017 -0.587785 46
v 0.876307 -0.481754 46
v 0.929776 -0.368125 46
v 0.968583 -0.24869 46
v 0.992115 -0.125333 46
v 1 0 47
v 0.992115 0.125333 47
v 0.968583 0.24869 47
v 0.929776 0.368125 47
v 0.876307 0.481754 47
v 0.809017 0.587785 47
v 0.728969 0.684547 47
v 0.637424 0.770513 47
v 0.535827 0.844328 47
v 0.425779 0.904827 47
v 0.309017 0.951057 47
v 0.187381 0.982287 47
v 0.0627905 0.998027 47
v -0.0627905 0.998027 47
v -0.187381 0.982287 47
v -0.309017 0.951057 47
v -0.425779 0.904827 47
v -0.535827 0.844328 47
v -0.637424 0.770513 47
v -0.728969 0.684547 47
v -0.809017 0.587785 47
v -0.876307 0.481754 47
v -0.929776 0.368125 47
v -0.968583 0.24869 47
v -0.992115 0.125333 47
v -1 1.22465e-16 47
v -0.992115 -0.125333 47
v -0.968583 -0.24869 47
v -0.929776 -0.368125 47
v -0.876307 -0.481754 47
v -0.809017 -0.587785 47
v -0.728969 -0.684547 47
v -0.637424 -0.770513 47
v -0.535827 -0.844328 47
v -0.425779 -0.904827 47
v -0.309017 -0.951057 47
v -0.187381 -0.982287 47
v -0.0627905 -0.998027 47
v 0.0627905 -0.998027 47
v 0.187381 -0.982287 47
v 0.309017 -0.951057 47
v 0.425779 -0.904827 47
v 0.535827 -0.844328 47
v 0.637424 -0.770513 47
v 0.728969 -0.684547 47
v 0.809017 -0.587785 47
v 0.876307 -0.481754 47
v 0.929776 -0.368125 47
v 0.968583 -0.24869 47
v 0.992115 -0.125333 47
v 1 0 48
v 0.992115 0.125333 48
v 0.968583 0.24869 48
v 0.929776 0.368125 48
v 0.876307 0.481754 48
v 0.809017 0.587785 48
v 0.728969 0.684547 48
v 0.637424 0.770513 48
v 0.535827 0.844328 48
v 0.425779 0.904827 48
v 0.309017 0.951057 48
v 0.187381 0.982287 48
v 0.0627905 0.998027 48
v -0.0627905 0.998027 48
v -0.187381 0.982287 48
v -0.309017 0.951057 48
v -0.425779 0.904827 48
v -0.535827 0.844328 48
v -0.637424 0.770513 48
v -0.728969 0.684547 48
v -0.809017 0.587785 48
v -0.876307 0.481754 48
v -0.929776 0.368125 48
v -0.968583 0.24869 48
v -0.992115 0.125333 48
v -1 1.22465e-16 48
v -0.992115 -0.125333 48
v -0.968583 -0.24869 48
v -0.929776 -0.368125 48
v -0.876307 -0.481754 48
v -0.809017 -0.587785 48
v -0.728969 -0.684547 48
v -0.637424 -0.770513 48
v -0.535827 -0.844328 48
v -0.425779 -0.904827 48
v -0.309017 -0.951057 48
v -0.187381 -0.982287 48
v -0.0627905 -0.998027 48
v 0.0627905 -0.998027 48
v 0.187381 -0.982287 48
v 0.309017 -0.951057 48
v 0.425779 -0.904827 48
v 0.535827 -0.844328 48
v 0.637424 -0.770513 48
v 0.728969 -0.684547 48
v 0.809017 -0.587785 48
v 0.876307 -0.481754 48
v 0.929776 -0.368125 48
v 0.968583 -0.24869 48
v 0.992115 -0.125333 48
v 1 0 49
v 0.992115 0.125333 49
v 0.968583 0.24869 49
v 0.929776 0.368125 49
v 0.876307 0.481754 49
v 0.809017 0.587785 49
v 0.728969 0.684547 49
v 0.637424 0.770513 49
v 0.535827 0.844328 49
v 0.425779 0.904827 49
v 0.309017 0.951057 49
v 0.187381 0.982287 49
v 0.0627905 0.998027 49
v -0.0627905 0.998027 49
v -0.187381 0.982287 49
v -0.309017 0.951057 49
v -0.425779 0.904827 49
v -0.535827 0.844328 49
v -0.637424 0.770513 49
v -0.728969 0.684547 49
v -0.809017 0.587785 49
v -0.876307 0.481754 49
v -0.929776 0.368125 49
v -0.968583 0.24869 49
v -0.992115 0.125333 49
v -1 1.22465e-16 49
v -0.992115 -0.125333 49
v -0.968583 -0.24869 49
v -0.929776 -0.368125 49
v -0.876307 -0.481754 49
v -0.809017 -0.587785 49
v -0.728969 -0.684547 49
v -0.637424 -0.770513 49
v -0.535827 -0.844328 49
v -0.425779 -0.904827 49
v -0.309017 -0.951057 49
v -0.187381 -0.982287 49
v -0.0627905 -0.998027 49
v 0.0627905 -0.998027 49
v 0.187381 -0.982287 49
v 0.309017 -0.951057 49
v 0.425779 -0.904827 49
v 0.535827 -0.844328 49
v 0.637424 -0.770513 49
v 0.728969 -0.684547 49
v 0.809017 -0.587785 49
v 0.876307 -0.481754 49
v 0.929776 -0.368125 49
v 0.968583 -0.24869 49
v 0.992115 -0.125333 49
v 1 0 50
v 0.992115 0.125333 50
v 0.968583 0.24869 50
v 0.929776 0.368125 50
v 0.876307 0.481754 50
v 0.809017 0.587785 50
v 0.728969 0.684547 50
v 0.637424 0.770513 50
v 0.535827 0.844328 50
v 0.425779 0.904827 50
v 0.309017 0.951057 50
v 0.187381 0.982287 50
v 0.0627905 0.998027 50
v -0.0627905 0.998027 50
v -0.187381 0.982287 50
v -0.309017 0.951057 50
v -0.425779 0.904827 50
v -0.535827 0.844328 50
v -0.637424 0.770513 50
v -0.728969 0.684547 50
v -0.809017 0.587785 50
v -0.876307 0.481754 50
v -0.929776 0.368125 50
v -0.968583 0.24869 50
v -0.992115 0.125333 50
v -1 1.22465e-16 50
v -0.992115 -0.125333 50
v -0.968583 -0.24869 50
v -0.929776 -0.368125 50
v -0.876307 -0.481754 50
v -0.809017 -0.587785 50
v -0.728969 -0.684547 50
v -0.637424 -0.770513 50
v -0.535827 -0.844328 50
v -0.425779 -0.904827 50
v -0.309017 -0.951057 50
v -0.187381 -0.982287 50
v -0.0627905 -0.998027 50
v 0.0627905 -0.998027 50
v 0.187381 -0.982287 50
v 0.309017 -0.951057 50
v 0.425779 -0.904827 50
v 0.535827 -0.844328 50
v 0.637424 -0.770513 50
v 0.728969 -0.684547 50
v 0.809017 -0.587785 50
v 0.876307 -0.481754 50
v 0.929776 -0.368125 50
v 0.968583 -0.24869 50
v 0.992115 -0.125333 50
v 1 0 51
v 0.992115 0.125333 51
v 0.968583 0.24869 51
v 0.929776 0.368125 51
v 0.876307 0.481754 51
v 0.809017 0.587785 51
v 0.728969 0.684547 51
v 0.637424 0.770513 51
v 0.535827 0.844328 51
v 0.425779 0.904827 51
v 0.309017 0.951057 51
v 0.187381 0.982287 51
v 0.0627905 0.998027 51
v -0.0627905 0.998027 51
v -0.187381 0.982287 51
v -0.309017 0.951057 51
v -0.425779 0.904827 51
v -0.535827 0.844328 51
v -0.637424 0.770513 51
v -0.728969 0.684547 51
v -0.809017 0.587785 51
v -0.876307 0.481754 51
v -0.929776 0.368125 51
v -0.968583 0.24869 51
v -0.992115 0.125333 51
v -1 1.22465e-16 51
v -0.992115 -0.125333 51
v -0.968583 -0.24869 51
v -0.929776 -0.368125 51
v -0.876307 -0.481754 51
v -0.809017 -0.587785 51
v -0.728969 -0.684547 51
v -0.637424 -0.770513 51
v -0.535827 -0.844328 51
v -0.425779 -0.904827 51
v -0.309017 -0.951057 51
v -0.187381 -0.982287 51
v -0.0627905 -0.998027 51
v 0.0627905 -0.998027 51
v 0.187381 -0.982287 51
v 0.309017 -0.951057 51
v 0.425779 -0.904827 51
v 0.535827 -0.844328 51
v 0.637424 -0.770513 51
v 0.728969 -0.684547 51
v 0.809017 -0.587785 51
v 0.876307 -0.481754 51
v 0.929776 -0.368125 51
v 0.968583 -0.24869 51
v 0.992115 -0.125333 51
v 1 0 52
v 0.992115 0.125333 52
v 0.968583 0.24869 52
v 0.929776 0.368125 52
v 0.876307 0.481754 52
v 0.809017 0.587785 52
v 0.728969 0.684547 52
v 0.637424 0.770513 52
v 0.535827 0.844328 52
v 0.425779 0.904827 52
v 0.309017 0.951057 52
v 0.187381 0.982287 52
v 0.0627905 0.998027 52
v -0.0627905 0.998027 52
v -0.187381 0.982287 52
v -0.309017 0.951057 52
v -0.425779 0.904827 52
v -0.535827 0.844328 52
v -0.637424 0.770513 52
v -0.728969 0.684547 52
v -0.809017 0.587785 52
v -0.876307 0.481754 52
v -0.929776 0.368125 52
v -0.968583 0.24869 52
v -0.992115 0.125333 52
v -1 1.22465e-16 52
v -0.992115 -0.125333 52
v -0.968583 -0.24869 52
v -0.929776 -0.368125 52
v -0.876307 -0.481754 52
v -0.809017 -0.587785 52
v -0.728969 -0.684547 52
v -0.637424 -0.770513 52
v -0.535827 -0.844328 52
v -0.425779 -0.904827 52
v -0.309017 -0.951057 52
v -0.187381 -0.982287 52
v -0.0627905 -0.998027 52
v 0.0627905 -0.998027 52
v 0.187381 -0.982287 52
v 0.309017 -0.951057 52
v 0.425779 -0.904827 52
v 0.535827 -0.844328 52
v 0.637424 -0.770513 52
v 0.728969 -0.684547 52
v 0.809017 -0.587785 52
v 0.876307 -0.481754 52
v 0.929776 -0.368125 52
v 0.968583 -0.24869 52
v 0.992115 -0.125333 52
v 1 0 53
v 0.992115 0.125333 53
v 0.968583 0.24869 53
v 0.929776 0.368125 53
v 0.876307 0.481754 53
v 0.809017 0.587785 53
v 0.728969 0.684547 53
v 0.637424 0.770513 53
v 0.535827 0.844328 53
v 0.425779 0.904827 53
v 0.309017 0.951057 53
v 0.187381 0.982287 53
v 0.0627905 0.998027 53
v -0.0627905 0.998027 53
v -0.187381 0.982287 53
v -0.309017 0.951057 53
v -0.425779 0.904827 53
v -0.535827 0.844328 53
v -0.637424 0.770513 53
v -0.728969 0.684547 53
v -0.809017 0.587785 53
v -0.876307 0.481754 53
v -0.929776 0.368125 53
v -0.968583 0.24869 53
v -0.992115 0.125333 53
v -1 1.22465e-16 53
v -0.992115 -0.125333 53
v -0.968583 -0.24869 53
v -0.929776 -0.368125 53
v -0.876307 -0.481754 53
v -0.809017 -0.587785 53
v -0.728969 -0.684547 53
v -0.637424 -0.770513 53
v -0.535827 -0.844328 53
v -0.425779 -0.904827 53
v -0.309017 -0.951057 53
v -0.187381 -0.982287 53
v -0.0627905 -0.998027 53
v 0.0627905 -0.998027 53
v 0.187381 -0.982287 53
v 0.309017 -0.951057 53
v 0.425779 -0.904827 53
v 0.535827 -0.844328 53
v 0.637424 -0.770513 53
v 0.728969 -0.684547 53
v 0.809017 -0.587785 53
v 0.876307 -0.481754 53
v 0.929776 -0.368125 53
v 0.968583 -0.24869 53
v 0.992115 -0.125333 53
v 1 0 54
v 0.992115 0.125333 54
v 0.968583 0.24869 54
v 0.929776 0.368125 54
v 0.876307 0.481754 54
v 0.809017 0.587785 54
v 0.728969 0.684547 54
v 0.637424 0.770513 54
v 0.535827 0.844328 54
v 0.425779 0.904827 54
v 0.309017 0.951057 54
v 0.187381 0.982287 54
v 0.0627905 0.998027 54
v -0.0627905 0.998027 54
v -0.187381 0.982287 54
v -0.309017 0.951057 54
v -0.425779 0.904827 54
v -0.535827 0.844328 54
v -0.637424 0.770513 54
v -0.728969 0.684547 54
v -0.809017 0.587785 54
v -0.876307 0.481754 54
v -0.929776 0.368125 54
v -0.968583 0.24869 54
v -0.992115 0.125333 54
v -1 1.22465e-16 54
v -0.992115 -0.125333 54
v -0.968583 -0.24869 54
v -0.929776 -0.368125 54
v -0.876307 -0.481754 54
v -0.809017 -0.587785 54
v -0.728969 -0.684547 54
v -0.637424 -0.770513 54
v -0.535827 -0.844328 54
v -0.425779 -0.904827 54
v -0.309017 -0.951057 54
v -0.187381 -0.982287 54
v -0.0627905 -0.998027 54
v 0.0627905 -0.998027 54
v 0.187381 -0.982287 54
v 0.309017 -0.951057 54
v 0.425779 -0.904827 54
v 0.535827 -0.844328 54
v 0.637424 -0.770513 54
v 0.728969 -0.684547 54
v 0.809017 -0.587785 54
v 0.876307 -0.481754 54
v 0.929776 -0.368125 54
v 0.968583 -0.24869 54
v 0.992115 -0.125333 54
v 1 0 55
v 0.992115 0.125333 55
v 0.968583 0.24869 55
v 0.929776 0.368125 55
v 0.876307 0.481754 55
v 0.809017 0.587785 55
v 0.728969 0.684547 55
v 0.637424 0.770513 55
v 0.535827 0.844328 55
v 0.425779 0.904827 55
v 0.309017 0.951057 55
v 0.187381 0.982287 55
v 0.0627905 0.998027 55
v -0.0627905 0.998027 55
v -0.187381 0.982287 55
v -0.309017 0.951057 55
v -0.425779 0.904827 55
v -0.535827 0.844328 55
v -0.637424 0.770513 55
v -0.728969 0.684547 55
v -0.809017 0.587785 55
v -0.876307 0.481754 55
v -0.929776 0.368125 55
v -0.968583 0.24869 55
v -0.992115 0.125333 55
v -1 1.22465e-16 55
v -0.992115 -0.125333 55
v -0.968583 -0.24869 55
v -0.929776 -0.368125 55
v -0.876307 -0.481754 55
v -0.809017 -0.587785 55
v -0.728969 -0.684547 55
v -0.637424 -0.770513 55
v -0.535827 -0.844328 55
v -0.425779 -0.904827 55
v -0.309017 -0.951057 55
v -0.187381 -0.982287 55
v -0.0627905 -0.998027 55
v 0.0627905 -0.998027 55
v 0.187381 -0.982287 55
v 0.309017 -0.951057 55
v 0.425779 -0.904827 55
v 0.535827 -0.844328 55
v 0.637424 -0.770513 55
v 0.728969 -0.684547 55
v 0.809017 -0.587785 55
v 0.876307 -0.481754 55
v 0.929776 -0.368125 55
v 0.968583 -0.24869 55
v 0.992115 -0.125333 55
v 1 0 56
v 0.992115 0.125333 56
v 0.968583 0.24869 56
v 0.929776 0.368125 56
v 0.876307 0.481754 56
v 0.809017 0.587785 56
v 0.728969 0.684547 56
v 0.637424 0.770513 56
v 0.535827 0.844328 56
v 0.425779 0.904827 56
v 0.309017 0.951057 56
v 0.187381 0.982287 56
v 0.0627905 0.998027 56
v -0.0627905 0.998027 56
v -0.187381 0.982287 56
v -0.309017 0.951057 56
v -0.425779 0.904827 56
v -0.535827 0.844328 56
v -0.637424 0.770513 56
v -0.728969 0.684547 56
v -0.809017 0.587785 56
v -0.876307 0.481754 56
v -0.929776 0.368125 56
v -0.968583 0.24869 56
v -0.992115 0.125333 56
v -1 1.22465e-16 56
v -0.992115 -0.125333 56
v -0.968583 -0.24869 56
v -0.929776 -0.368125 56
v -0.876307 -0.481754 56
v -0.809017 -0.587785 56
v -0.728969 -0.684547 56
v -0.637424 -0.770513 56
v -0.535827 -0.844328 56
v -0.425779 -0.904827 56
v -0.309017 -0.951057 56
v -0.187381 -0.982287 56
v -0.0627905 -0.998027 56
v 0.0627905 -0.998027 56
v 0.187381 -0.982287 56
v 0.309017 -0.951057 56
v 0.425779 -0.904827 56
v 0.535827 -0.844328 56
v 0.637424 -0.770513 56
v 0.728969 -0.684547 56
v 0.809017 -0.587785 56
v 0.876307 -0.481754 56
v 0.929776 -0.368125 56
v 0.968583 -0.24869 56
v 0.992115 -0.125333 56
v 1 0 57
v 0.992115 0.125333 57
v 0.968583 0.24869 57
v 0.929776 0.368125 57
v 0.876307 0.481754 57
v 0.809017 0.587785 57
v 0.728969 0.684547 57
v 0.637424 0.770513 57
v 0.535827 0.844328 57
v 0.425779 0.904827 57
v 0.309017 0.951057 57
v 0.187381 0.982287 57
v 0.0627905 0.998027 57
v -0.0627905 0.998027 57
v -0.187381 0.982287 57
v -0.309017 0.951057 57
v -0.425779 0.904827 57
v -0.535827 0.844328 57
v -0.637424 0.770513 57
v -0.728969 0.684547 57
v -0.809017 0.587785 57
v -0.876307 0.481754 57
v -0.929776 0.368125 57
v -0.968583 0.24869 57
v -0.992115 0.125333 57
v -1 1.22465e-16 57
v -0.992115 -0.125333 57
v -0.968583 -0.24869 57
v -0.929776 -0.368125 57
v -0.876307 -0.481754 57
v -0.809017 -0.587785 57
v -0.728969 -0.684547 57
v -0.637424 -0.770513 57
v -0.535827 -0.844328 57
v -0.425779 -0.904827 57
v -0.309017 -0.951057 57
v -0.187381 -0.982287 57
v -0.0627905 -0.998027 57
v 0.0627905 -0.998027 57
v 0.187381 -0.982287 57
v 0.309017 -0.951057 57
v 0.425779 -0.904827 57
v 0.535827 -0.844328 57
v 0.637424 -0.770513 57
v 0.728969 -0.684547 57
v 0.809017 -0.587785 57
v 0.876307 -0.481754 57
v 0.929776 -0.368125 57
v 0.968583 -0.24869 57
v 0.992115 -0.125333 57
v 1 0 58
v 0.992115 0.125333 58
v 0.968583 0.24869 58
v 0.929776 0.368125 58
v 0.876307 0.481754 58
v 0.809017 0.587785 58
v 0.728969 0.684547 58
v 0.637424 0.770513 58
v 0.535827 0.844328 58
v 0.425779 0.904827 58
v 0.309017 0.951057 58
v 0.187381 0.982287 58
v 0.0627905 0.998027 58
v -0.0627905 0.998027 58
v -0.187381 0.982287 58
v -0.309017 0.951057 58
v -0.425779 0.904827 58
v -0.535827 0.844328 58
v -0.637424 0.770513 58
v -0.728969 0.684547 58
v -0.809017 0.587785 58
v -0.876307 0.481754 58
v -0.929776 0.368125 58
v -0.968583 0.24869 58
v -0.992115 0.125333 58
v -1 1.22465e-16 58
v -0.992115 -0.125333 58
v -0.968583 -0.24869 58
v -0.929776 -0.368125 58
v -0.876307 -0.481754 58
v -0.809017 -0.587785 58
v -0.728969 -0.684547 58
v -0.637424 -0.770513 58
v -0.535827 -0.844328 58
v -0.425779 -0.904827 58
v -0.309017 -0.951057 58
v -0.187381 -0.982287 58
v -0.0627905 -0.998027 58
v 0.0627905 -0.998027 58
v 0.187381 -0.982287 58
v 0.309017 -0.951057 58
v 0.425779 -0.904827 58
v 0.535827 -0.844328 58
v 0.637424 -0.770513 58
v 0.728969 -0.684547 58
v 0.809017 -0.587785 58
v 0.876307 -0.481754 58
v 0.929776 -0.368125 58
v 0.968583 -0.24869 58
v 0.992115 -0.125333 58
v 1 0 59
v 0.992115 0.125333 59
v 0.968583 0.24869 59
v 0.929776 0.368125 59
v 0.876307 0.481754 59
v 0.809017 0.587785 59
v 0.728969 0.684547 59
v 0.637424 0.770513 59
v 0.535827 0.844328 59
v 0.425779 0.904827 59
v 0.309017 0.951057 59
v 0.187381 0.982287 59
v 0.0627905 0.998027 59
v -0.0627905 0.998027 59
v -0.187381 0.982287 59
v -0.309017 0.951057 59
v -0.425779 0.904827 59
v -0.535827 0.844328 59
v -0.637424 0.770513 59
v -0.728969 0.684547 59
v -0.809017 0.587785 59
v -0.876307 0.481754 59
v -0.929776 0.368125 59
v -0.968583 0.24869 59
v -0.992115 0.125333 59
v -1 1.22465e-16 59
v -0.992115 -0.125333 59
v -0.968583 -0.24869 59
v -0.929776 -0.368125 59
v -0.876307 -0.481754 59
v -0.809017 -0.587785 59
v -0.728969 -0.684547 59
v -0.637424 -0.770513 59
v -0.535827 -0.844328 59
v -0.425779 -0.904827 59
v -0.309017 -0.951057 59
v -0.187381 -0.982287 59
v -0.0627905 -0.998027 59
v 0.0627905 -0.998027 59
v 0.187381 -0.982287 59
v 0.309017 -0.951057 59
v 0.425779 -0.904827 59
v 0.535827 -0.844328 59
v 0.637424 -0.770513 59
v 0.728969 -0.684547 59
v 0.809017 -0.587785 59
v 0.876307 -0.481754 59
v 0.929776 -0.368125 59
v 0.968583 -0.24869 59
v 0.992115 -0.125333 59
v 1 0 60
v 0.992115 0.125333 60
v 0.968583 0.24869 60
v 0.929776 0.368125 60
v 0.876307 0.481754 60
v 0.809017 0.587785 60
v 0.728969 0.684547 60
v 0.637424 0.770513 60
v 0.535827 0.844328 60
v 0.425779 0.904827 60
v 0.309017 0.951057 60
v 0.187381 0.982287 60
v 0.0627905 0.998027 60
v -0.0627905 0.998027 60
v -0.187381 0.982287 60
v -0.309017 0.951057 60
v -0.425779 0.904827 60
v -0.535827 0.844328 60
v -0.637424 0.770513 60
v -0.728969 0.684547 60
v -0.809017 0.587785 60
v -0.876307 0.481754 60
v -0.929776 0.368125 60
v -0.968583 0.24869 60
v -0.992115 0.125333 60
v -1 1.22465e-16 60
v -0.992115 -0.125333 60
v -0.968583 -0.24869 60
v -0.929776 -0.368125 60
v -0.876307 -0.481754 60
v -0.809017 -0.587785 60
v -0.728969 -0.684547 60
v -0.637424 -0.770513 60
v -0.535827 -0.844328 60
v -0.425779 -0.904827 60
v -0.309017 -0.951057 60
v -0.187381 -0.982287 60
v -0.0627905 -0.998027 60
v 0.0627905 -0.998027 60
v 0.187381 -0.982287 60
v 0.309017 -0.951057 60
v 0.425779 -0.904827 60
v 0.535827 -0.844328 60
v 0.637424 -0.770513 60
v 0.728969 -0.684547 60
v 0.809017 -0.587785 60
v 0.876307 -0.481754 60
v 0.929776 -0.368125 60
v 0.968583 -0.24869 60
v 0.992115 -0.125333 60
v 1 0 61
v 0.992115 0.125333 61
v 0.968583 0.24869 61
v 0.929776 0.368125 61
v 0.876307 0.481754 61
v 0.809017 0.587785 61
v 0.728969 0.684547 61
v 0.637424 0.770513 61
v 0.535827 0.844328 61
v 0.425779 0.904827 61
v 0.309017 0.951057 61
v 0.187381 0.982287 61
v 0.0627905 0.998027 61
v -0.0627905 0.998027 61
v -0.187381 0.982287 61
v -0.309017 0.951057 61
v -0.425779 0.904827 61
v -0.535827 0.844328 61
v -0.637424 0.770513 61
v -0.728969 0.684547 61
v -0.809017 0.587785 61
v -0.876307 0.481754 61
v -0.929776 0.368125 61
v -0.968583 0.24869 61
v -0.992115 0.125333 61
v -1 1.22465e-16 61
v -0.992115 -0.125333 61
v -0.968583 -0.24869 61
v -0.929776 -0.368125 61
v -0.876307 -0.481754 61
v -0.809017 -0.587785 61
v -0.728969 -0.684547 61
v -0.637424 -0.770513 61
v -0.535827 -0.844328 61
v -0.425779 -0.904827 61
v -0.309017 -0.951057 61
v -0.187381 -0.982287 61
v -0.0627905 -0.998027 61
v 0.0627905 -0.998027 61
v 0.187381 -0.982287 61
v 0.309017 -0.951057 61
v 0.425779 -0.904827 61
v 0.535827 -0.844328 61
v 0.637424 -0.770513 61
v 0.728969 -0.684547 61
v 0.809017 -0.587785 61
v 0.876307 -0.481754 61
v 0.929776 -0.368125 61
v 0.968583 -0.24869 61
v 0.992115 -0.125333 61
v 1 0 62
v 0.992115 0.125333 62
v 0.968583 0.24869 62
v 0.929776 0.368125 62
v 0.876307 0.481754 62
v 0.809017 0.587785 62
v 0.728969 0.684547 62
v 0.637424 0.770513 62
v 0.535827 0.844328 62
v 0.425779 0.904827 62
v 0.309017 0.951057 62
v 0.187381 0.982287 62
v 0.0627905 0.998027 62
v -0.0627905 0.998027 62
v -0.187381 0.982287 62
v -0.309017 0.951057 62
v -0.425779 0.904827 62
v -0.535827 0.844328 62
v -0.637424 0.770513 62
v -0.728969 0.684547 62
v -0.809017 0.587785 62
v -0.876307 0.481754 62
v -0.929776 0.368125 62
v -0.968583 0.24869 62
v -0.992115 0.125333 62
v -1 1.22465e-16 62
v -0.992115 -0.125333 62
v -0.968583 -0.24869 62
v -0.929776 -0.368125 62
v -0.876307 -0.481754 62
v -0.809017 -0.587785 62
v -0.728969 -0.684547 62
v -0.637424 -0.770513 62
v -0.535827 -0.844328 62
v -0.425779 -0.904827 62
v -0.309017 -0.951057 62
v -0.187381 -0.982287 62
v -0.0627905 -0.998027 62
v 0.0627905 -0.998027 62
v 0.187381 -0.982287 62
v 0.309017 -0.951057 62
v 0.425779 -0.904827 62
v 0.535827 -0.844328 62
v 0.637424 -0.770513 62
v 0.728969 -0.684547 62
v 0.809017 -0.587785 62
v 0.876307 -0.481754 62
v 0.929776 -0.368125 62
v 0.968583 -0.24869 62
v 0.992115 -0.125333 62
v 1 0 63
v 0.992115 0.125333 63
v 0.968583 0.24869 63
v 0.929776 0.368125 63
v 0.876307 0.481754 63
v 0.809017 0.587785 63
v 0.728969 0.684547 63
v 0.637424 0.770513 63
v 0.535827 0.844328 63
v 0.425779 0.904827 63
v 0.309017 0.951057 63
v 0.187381 0.982287 63
v 0.0627905 0.998027 63
v -0.0627905 0.998027 63
v -0.187381 0.982287 63
v -0.309017 0.951057 63
v -0.425779 0.904827 63
v -0.535827 0.844328 63
v -0.637424 0.770513 63
v -0.728969 0.684547 63
v -0.809017 0.587785 63
v -0.876307 0.481754 63
v -0.929776 0.368125 63
v -0.968583 0.24869 63
v -0.992115 0.125333 63
v -1 1.22465e-16 63
v -0.992115 -0.125333 63
v -0.968583 -0.24869 63
v -0.929776 -0.368125 63
v -0.876307 -0.481754 63
v -0.809017 -0.587785 63
v -0.728969 -0.684547 63
v -0.637424 -0.770513 63
v -0.535827 -0.844328 63
v -0.425779 -0.904827 63
v -0.309017 -0.951057 63
v -0.187381 -0.982287 63
v -0.0627905 -0.998027 63
v 0.0627905 -0.998027 63
v 0.187381 -0.982287 63
v 0.309017 -0.951057 63
v 0.425779 -0.904827 63
v 0.535827 -0.844328 63
v 0.637424 -0.770513 63
v 0.728969 -0.684547 63
v 0.809017 -0.587785 63
v 0.876307 -0.481754 63
v 0.929776 -0.368125 63
v 0.968583 -0.24869 63
v 0.992115 -0.125333 63
v 1 0 64
v 0.992115 0.125333 64
v 0.968583 0.24869 64
v 0.929776 0.368125 64
v 0.876307 0.481754 64
v 0.809017 0.587785 64
v 0.728969 0.684547 64
v 0.637424 0.770513 64
v 0.535827 0.844328 64
v 0.425779 0.904827 64
v 0.309017 0.951057 64
v 0.187381 0.982287 64
v 0.0627905 0.998027 64
v -0.0627905 0.998027 64
v -0.187381 0.982287 64
v -0.309017 0.951057 64
v -0.425779 0.904827 64
v -0.535827 0.844328 64
v -0.637424 0.770513 64
v -0.728969 0.684547 64
v -0.809017 0.587785 64
v -0.876307 0.481754 64
v -0.929776 0.368125 64
v -0.968583 0.24869 64
v -0.992115 0.125333 64
v -1 1.22465e-16 64
v -0.992115 -0.125333 64
v -0.968583 -0.24869 64
v -0.929776 -0.368125 64
v -0.876307 -0.481754 64
v -0.809017 -0.587785 64
v -0.728969 -0.684547 64
v -0.637424 -0.770513 64
v -0.535827 -0.844328 64
v -0.425779 -0.904827 64
v -0.309017 -0.951057 64
v -0.187381 -0.982287 64
v -0.0627905 -0.998027 64
v 0.0627905 -0.998027 64
v 0.187381 -0.982287 64
v 0.309017 -0.951057 64
v 0.425779 -0.904827 64
v 0.535827 -0.844328 64
v 0.637424 -0.770513 64
v 0.728969 -0.684547 64
v 0.809017 -0.587785 64
v 0.876307 -0.481754 64
v 0.929776 -0.368125 64
v 0.968583 -0.24869 64
v 0.992115 -0.125333 64
v 1 0 65
v 0.992115 0.125333 65
v 0.968583 0.24869 65
v 0.929776 0.368125 65
v 0.876307 0.481754 65
v 0.809017 0.587785 65
v 0.728969 0.684547 65
v 0.637424 0.770513 65
v 0.535827 0.844328 65
v 0.425779 0.904827 65
v 0.309017 0.951057 65
v 0.187381 0.982287 65
v 0.0627905 0.998027 65
v -0.0627905 0.998027 65
v -0.187381 0.982287 65
v -0.309017 0.951057 65
v -0.425779 0.904827 65
v -0.535827 0.844328 65
v -0.637424 0.770513 65
v -0.728969 0.684547 65
v -0.809017 0.587785 65
v -0.876307 0.481754 65
v -0.929776 0.368125 65
v -0.968583 0.24869 65
v -0.992115 0.125333 65
v -1 1.22465e-16 65
v -0.992115 -0.125333 65
v -0.968583 -0.24869 65
v -0.929776 -0.368125 65
v -0.876307 -0.481754 65
v -0.809017 -0.587785 65
v -0.728969 -0.684547 65
v -0.637424 -0.770513 65
v -0.535827 -0.844328 65
v -0.425779 -0.904827 65
v -0.309017 -0.951057 65
v -0.187381 -0.982287 65
v -0.0627905 -0.998027 65
v 0.0627905 -0.998027 65
v 0.187381 -0.982287 65
v 0.309017 -0.951057 65
v 0.425779 -0.904827 65
v 0.535827 -0.844328 65
v 0.637424 -0.770513 65
v 0.728969 -0.684547 65
v 0.809017 -0.587785 65
v 0.876307 -0.481754 65
v 0.929776 -0.368125 65
v 0.968583 -0.24869 65
v 0.992115 -0.125333 65
v 1 0 66
v 0.992115 0.125333 66
v 0.968583 0.24869 66
v 0.929776 0.368125 66
v 0.876307 0.481754 66
v 0.809017 0.587785 66
v 0.728969 0.684547 66
v 0.637424 0.770513 66
v 0.535827 0.844328 66
v 0.425779 0.904827 66
v 0.309017 0.951057 66
v 0.187381 0.982287 66
v 0.0627905 0.998027 66
v -0.0627905 0.998027 66
v -0.187381 0.982287 66
v -0.309017 0.951057 66
v -0.425779 0.904827 66
v -0.535827 0.844328 66
v -0.637424 0.770513 66
v -0.728969 0.684547 66
v -0.809017 0.587785 66
v -0.876307 0.481754 66
v -0.929776 0.368125 66
v -0.968583 0.24869 66
v -0.992115 0.125333 66
v -1 1.22465e-16 66
v -0.992115 -0.125333 66
v -0.968583 -0.24869 66
v -0.929776 -0.368125 66
v -0.876307 -0.481754 66
v -0.809017 -0.587785 66
v -0.728969 -0.684547 66
v -0.637424 -0.770513 66
v -0.535827 -0.844328 66
v -0.425779 -0.904827 66
v -0.309017 -0.951057 66
v -0.187381 -0.982287 66
v -0.0627905 -0.998027 66
v 0.0627905 -0.998027 66
v 0.187381 -0.982287 66
v 0.309017 -0.951057 66
v 0.425779 -0.904827 66
v 0.535827 -0.844328 66
v 0.637424 -0.770513 66
v 0.728969 -0.684547 66
v 0.809017 -0.587785 66
v 0.876307 -0.481754 66
v 0.929776 -0.368125 66
v 0.968583 -0.24869 66
v 0.992115 -0.125333 66
v 1 0 67
v 0.992115 0.125333 67
v 0.968583 0.24869 67
v 0.929776 0.368125 67
v 0.876307 0.481754 67
v 0.809017 0.587785 67
v 0.728969 0.684547 67
v 0.637424 0.770513 67
v 0.535827 0.844328 67
v 0.425779 0.904827 67
v 0.309017 0.951057 67
v 0.187381 0.982287 67
v 0.0627905 0.998027 67
v -0.0627905 0.998027 67
v -0.187381 0.982287 67
v -0.309017 0.951057 67
v -0.425779 0.904827 67
v -0.535827 0.844328 67
v -0.637424 0.770513 67
v -0.728969 0.684547 67
v -0.809017 0.587785 67
v -0.876307 0.481754 67
v -0.929776 0.368125 67
v -0.968583 0.24869 67
v -0.992115 0.125333 67
v -1 1.22465e-16 67
v -0.992115 -0.125333 67
v -0.968583 -0.24869 67
v -0.929776 -0.368125 67
v -0.876307 -0.481754 67
v -0.809017 -0.587785 67
v -0.728969 -0.684547 67
v -0.637424 -0.770513 67
v -0.535827 -0.844328 67
v -0.425779 -0.904827 67
v -0.309017 -0.951057 67
v -0.187381 -0.982287 67
v -0.0627905 -0.998027 67
v 0.0627905 -0.998027 67
v 0.187381 -0.982287 67
v 0.309017 -0.951057 67
v 0.425779 -0.904827 67
v 0.535827 -0.844328 67
v 0.637424 -0.770513 67
v 0.728969 -0.684547 67
v 0.809017 -0.587785 67
v 0.876307 -0.481754 67
v 0.929776 -0.368125 67
v 0.968583 -0.24869 67
v 0.992115 -0.125333 67
v 1 0 68
v 0.992115 0.125333 68
v 0.968583 0.24869 68
v 0.929776 0.368125 68
v 0.876307 0.481754 68
v 0.809017 0.587785 68
v 0.728969 0.684547 68
v 0.637424 0.770513 68
v 0.535827 0.844328 68
v 0.425779 0.904827 68
v 0.309017 0.951057 68
v 0.187381 0.982287 68
v 0.0627905 0.998027 68
v -0.0627905 0.998027 68
v -0.187381 0.982287 68
v -0.309017 0.951057 68
v -0.425779 0.904827 68
v -0.535827 0.844328 68
v -0.637424 0.770513 68
v -0.728969 0.684547 68
v -0.809017 0.587785 68
v -0.876307 0.481754 68
v -0.929776 0.368125 68
v -0.968583 0.24869 68
v -0.992115 0.125333 68
v -1 1.22465e-16 68
v -0.992115 -0.125333 68
v -0.968583 -0.24869 68
v -0.929776 -0.368125 68
v -0.876307 -0.481754 68
v -0.809017 -0.587785 68
v -0.728969 -0.684547 68
v -0.637424 -0.770513 68
v -0.535827 -0.844328 68
v -0.425779 -0.904827 68
v -0.309017 -0.951057 68
v -0.187381 -0.982287 68
v -0.0627905 -0.998027 68
v 0.0627905 -0.998027 68
v 0.187381 -0.982287 68
v 0.309017 -0.951057 68
v 0.425779 -0.904827 68
v 0.535827 -0.844328 68
v 0.637424 -0.770513 68
v 0.728969 -0.684547 68
v 0.809017 -0.587785 68
v 0.876307 -0.481754 68
v 0.929776 -0.368125 68
v 0.968583 -0.24869 68
v 0.992115 -0.125333 68
v 1 0 69
v 0.992115 0.125333 69
v 0.968583 0.24869 69
v 0.929776 0.368125 69
v 0.876307 0.481754 69
v 0.809017 0.587785 69
v 0.728969 0.684547 69
v 0.637424 0.770513 69
v 0.535827 0.844328 69
v 0.425779 0.904827 69
v 0.309017 0.951057 69
v 0.187381 0.982287 69
v 0.0627905 0.998027 69
v -0.0627905 0.998027 69
v -0.187381 0.982287 69
v -0.309017 0.951057 69
v -0.425779 0.904827 69
v -0.535827 0.844328 69
v -0.637424 0.770513 69
v -0.728969 0.684547 69
v -0.809017 0.587785 69
v -0.876307 0.481754 69
v -0.929776 0.368125 69
v -0.968583 0.24869 69
v -0.992115 0.125333 69
v -1 1.22465e-16 69
v -0.992115 -0.125333 69
v -0.968583 -0.24869 69
v -0.929776 -0.368125 69
v -0.876307 -0.481754 69
v -0.809017 -0.587785 69
v -0.728969 -0.684547 69
v -0.637424 -0.770513 69
v -0.535827 -0.844328 69
v -0.425779 -0.904827 69
v -0.309017 -0.951057 69
v -0.187381 -0.982287 69
v -0.0627905 -0.998027 69
v 0.0627905 -0.998027 69
v 0.187381 -0.982287 69
v 0.309017 -0.951057 69
v 0.425779 -0.904827 69
v 0.535827 -0.844328 69
v 0.637424 -0.770513 69
v 0.728969 -0.684547 69
v 0.809017 -0.587785 69
v 0.876307 -0.481754 69
v 0.929776 -0.368125 69
v 0.968583 -0.24869 69
v 0.992115 -0.125333 69
v 1 0 70
v 0.992115 0.125333 70
v 0.968583 0.24869 70
v 0.929776 0.368125 70
v 0.876307 0.481754 70
v 0.809017 0.587785 70
v 0.728969 0.684547 70
v 0.637424 0.770513 70
v 0.535827 0.844328 70
v 0.425779 0.904827 70
v 0.309017 0.951057 70
v 0.187381 0.982287 70
v 0.0627905 0.998027 70
v -0.0627905 0.998027 70
v -0.187381 0.982287 70
v -0.309017 0.951057 70
v -0.425779 0.904827 70
v -0.535827 0.844328 70
v -0.637424 0.770513 70
v -0.728969 0.684547 70
v -0.809017 0.587785 70
v -0.876307 0.481754 70
v -0.929776 0.368125 70
v -0.968583 0.24869 70
v -0.992115 0.125333 70
v -1 1.22465e-16 70
v -0.992115 -0.125333 70
v -0.968583 -0.24869 70
v -0.929776 -0.368125 70
v -0.876307 -0.481754 70
v -0.809017 -0.587785 70
v -0.728969 -0.684547 70
v -0.637424 -0.770513 70
v -0.535827 -0.844328 70
v -0.425779 -0.904827 70
v -0.309017 -0.951057 70
v -0.187381 -0.982287 70
v -0.0627905 -0.998027 70
v 0.0627905 -0.998027 70
v 0.187381 -0.982287 70
v 0.309017 -0.951057 70
v 0.425779 -0.904827 70
v 0.535827 -0.844328 70
v 0.637424 -0.770513 70
v 0.728969 -0.684547 70
v 0.809017 -0.587785 70
v 0.876307 -0.481754 70
v 0.929776 -0.368125 70
v 0.968583 -0.24869 70
v 0.992115 -0.125333 70
v 1 0 71
v 0.992115 0.125333 71
v 0.968583 0.24869 71
v 0.929776 0.368125 71
v 0.876307 0.481754 71
v 0.809017 0.587785 71
v 0.728969 0.684547 71
v 0.637424 0.770513 71
v 0.535827 0.844328 71
v 0.425779 0.904827 71
v 0.309017 0.951057 71
v 0.187381 0.982287 71
v 0.0627905 0.998027 71
v -0.0627905 0.998027 71
v -0.187381 0.982287 71
v -0.309017 0.951057 71
v -0.425779 0.904827 71
v -0.535827 0.844328 71
v -0.637424 0.770513 71
v -0.728969 0.684547 71
v -0.809017 0.587785 71
v -0.876307 0.481754 71
v -0.929776 0.368125 71
v -0.968583 0.24869 71
v -0.992115 0.125333 71
v -1 1.22465e-16 71
v -0.992115 -0.125333 71
v -0.968583 -0.24869 71
v -0.929776 -0.368125 71
v -0.876307 -0.481754 71
v -0.809017 -0.587785 71
v -0.728969 -0.684547 71
v -0.637424 -0.770513 71
v -0.535827 -0.844328 71
v -0.425779 -0.904827 71
v -0.309017 -0.951057 71
v -0.187381 -0.982287 71
v -0.0627905 -0.998027 71
v 0.0627905 -0.998027 71
v 0.187381 -0.982287 71
v 0.309017 -0.951057 71
v 0.425779 -0.904827 71
v 0.535827 -0.844328 71
v 0.637424 -0.770513 71
v 0.728969 -0.684547 71
v 0.809017 -0.587785 71
v 0.876307 -0.481754 71
v 0.929776 -0.368125 71
v 0.968583 -0.24869 71
v 0.992115 -0.125333 71
v 1 0 72
v 0.992115 0.125333 72
v 0.968583 0.24869 72
v 0.929776 0.368125 72
v 0.876307 0.481754 72
v 0.809017 0.587785 72
v 0.728969 0.684547 72
v 0.637424 0.770513 72
v 0.535827 0.844328 72
v 0.425779 0.904827 72
v 0.309017 0.951057 72
v 0.187381 0.982287 72
v 0.0627905 0.998027 72
v -0.0627905 0.998027 72
v -0.187381 0.982287 72
v -0.309017 0.951057 72
v -0.425779 0.904827 72
v -0.535827 0.844328 72
v -0.637424 0.770513 72
v -0.728969 0.684547 72
v -0.809017 0.587785 72
v -0.876307 0.481754 72
v -0.929776 0.368125 72
v -0.968583 0.24869 72
v -0.992115 0.125333 72
v -1 1.22465e-16 72
v -0.992115 -0.125333 72
v -0.968583 -0.24869 72
v -0.929776 -0.368125 72
v -0.876307 -0.481754 72
v -0.809017 -0.587785 72
v -0.728969 -0.684547 72
v -0.637424 -0.770513 72
v -0.535827 -0.844328 72
v -0.425779 -0.904827 72
v -0.309017 -0.951057 72
v -0.187381 -0.982287 72
v -0.0627905 -0.998027 72
v 0.0627905 -0.998027 72
v 0.187381 -0.982287 72
v 0.309017 -0.951057 72
v 0.425779 -0.904827 72
v 0.535827 -0.844328 72
v 0.637424 -0.770513 72
v 0.728969 -0.684547 72
v 0.809017 -0.587785 72
v 0.876307 -0.481754 72
v 0.929776 -0.368125 72
v 0.968583 -0.24869 72
v 0.992115 -0.125333 72
v 1 0 73
v 0.992115 0.125333 73
v 0.968583 0.24869 73
v 0.929776 0.368125 73
v 0.876307 0.481754 73
v 0.809017 0.587785 73
v 0.728969 0.684547 73
v 0.637424 0.770513 73
v 0.535827 0.844328 73
v 0.425779 0.904827 73
v 0.309017 0.951057 73
v 0.187381 0.982287 73
v 0.0627905 0.998027 73
v -0.0627905 0.998027 73
v -0.187381 0.982287 73
v -0.309017 0.951057 73
v -0.425779 0.904827 73
v -0.535827 0.844328 73
v -0.637424 0.770513 73
v -0.728969 0.684547 73
v -0.809017 0.587785 73
v -0.876307 0.481754 73
v -0.929776 0.368125 73
v -0.968583 0.24869 73
v -0.992115 0.125333 73
v -1 1.22465e-16 73
v -0.992115 -0.125333 73
v -0.968583 -0.24869 73
v -0.929776 -0.368125 73
v -0.876307 -0.481754 73
v -0.809017 -0.587785 73
v -0.728969 -0.684547 73
v -0.637424 -0.770513 73
v -0.535827 -0.844328 73
v -0.425779 -0.904827 73
v -0.309017 -0.951057 73
v -0.187381 -0.982287 73
v -0.0627905 -0.998027 73
v 0.0627905 -0.998027 73
v 0.187381 -0.982287 73
v 0.309017 -0.951057 73
v 0.425779 -0.904827 73
v 0.535827 -0.844328 73
v 0.637424 -0.770513 73
v 0.728969 -0.684547 73
v 0.809017 -0.587785 73
v 0.876307 -0.481754 73
v 0.929776 -0.368125 73
v 0.968583 -0.24869 73
v 0.992115 -0.125333 73
v 1 0 74
v 0.992115 0.125333 74
v 0.968583 0.24869 74
v 0.929776 0.368125 74
v 0.876307 0.481754 74
v 0.809017 0.587785 74
v 0.728969 0.684547 74
v 0.637424 0.770513 74
v 0.535827 0.844328 74
v 0.425779 0.904827 74
v 0.309017 0.951057 74
v 0.187381 0.982287 74
v 0.0627905 0.998027 74
v -0.0627905 0.998027 74
v -0.187381 0.982287 74
v -0.309017 0.951057 74
v -0.425779 0.904827 74
v -0.535827 0.844328 74
v -0.637424 0.770513 74
v -0.728969 0.684547 74
v -0.809017 0.587785 74
v -0.876307 0.481754 74
v -0.929776 0.368125 74
v -0.968583 0.24869 74
v -0.992115 0.125333 74
v -1 1.22465e-16 74
v -0.992115 -0.125333 74
v -0.968583 -0.24869 74
v -0.929776 -0.368125 74
v -0.876307 -0.481754 74
v -0.809017 -0.587785 74
v -0.728969 -0.684547 74
v -0.637424 -0.770513 74
v -0.535827 -0.844328 74
v -0.425779 -0.904827 74
v -0.309017 -0.951057 74
v -0.187381 -0.982287 74
v -0.0627905 -0.998027 74
v 0.0627905 -0.998027 74
v 0.187381 -0.982287 74
v 0.309017 -0.951057 74
v 0.425779 -0.904827 74
v 0.535827 -0.844328 74
v 0.637424 -0.770513 74
v 0.728969 -0.684547 74
v 0.809017 -0.587785 74
v 0.876307 -0.481754 74
v 0.929776 -0.368125 74
v 0.968583 -0.24869 74
v 0.992115 -0.125333 74
v 1 0 75
v 0.992115 0.125333 75
v 0.968583 0.24869 75
v 0.929776 0.368125 75
v 0.876307 0.481754 75
v 0.809017 0.587785 75
v 0.728969 0.684547 75
v 0.637424 0.770513 75
v 0.535827 0.844328 75
v 0.425779 0.904827 75
v 0.309017 0.951057 75
v 0.187381 0.982287 75
v 0.0627905 0.998027 75
v -0.0627905 0.998027 75
v -0.187381 0.982287 75
v -0.309017 0.951057 75
v -0.425779 0.904827 75
v -0.535827 0.844328 75
v -0.637424 0.770513 75
v -0.728969 0.684547 75
v -0.809017 0.587785 75
v -0.876307 0.481754 75
v -0.929776 0.368125 75
v -0.968583 0.24869 75
v -0.992115 0.125333 75
v -1 1.22465e-16 75
v -0.992115 -0.125333 75
v -0.968583 -0.24869 75
v -0.929776 -0.368125 75
v -0.876307 -0.481754 75
v -0.809017 -0.587785 75
v -0.728969 -0.684547 75
v -0.637424 -0.770513 75
v -0.535827 -0.844328 75
v -0.425779 -0.904827 75
v -0.309017 -0.951057 75
v -0.187381 -0.982287 75
v -0.0627905 -0.998027 75
v 0.0627905 -0.998027 75
v 0.187381 -0.982287 75
v 0.309017 -0.951057 75
v 0.425779 -0.904827 75
v 0.535827 -0.844328 75
v 0.637424 -0.770513 75
v 0.728969 -0.684547 75
v 0.809017 -0.587785 75
v 0.876307 -0.481754 75
v 0.929776 -0.368125 75
v 0.968583 -0.24869 75
v 0.992115 -0.125333 75
v 1 0 76
v 0.992115 0.125333 76
v 0.968583 0.24869 76
v 0.929776 0.368125 76
v 0.876307 0.481754 76
v 0.809017 0.587785 76
v 0.728969 0.684547 76
v 0.637424 0.770513 76
v 0.535827 0.844328 76
v 0.425779 0.904827 76
v 0.309017 0.951057 76
v 0.187381 0.982287 76
v 0.0627905 0.998027 76
v -0.0627905 0.998027 76
v -0.187381 0.982287 76
v -0.309017 0.951057 76
v -0.425779 0.904827 76
v -0.535827 0.844328 76
v -0.637424 0.770513 76
v -0.728969 0.684547 76
v -0.809017 0.587785 76
v -0.876307 0.481754 76
v -0.929776 0.368125 76
v -0.968583 0.24869 76
v -0.992115 0.125333 76
v -1 1.22465e-16 76
v -0.992115 -0.125333 76
v -0.968583 -0.24869 76
v -0.929776 -0.368125 76
v -0.876307 -0.481754 76
v -0.809017 -0.587785 76
v -0.728969 -0.684547 76
v -0.637424 -0.770513 76
v -0.535827 -0.844328 76
v -0.425779 -0.904827 76
v -0.309017 -0.951057 76
v -0.187381 -0.982287 76
v -0.0627905 -0.998027 76
v 0.0627905 -0.998027 76
v 0.187381 -0.982287 76
v 0.309017 -0.951057 76
v 0.425779 -0.904827 76
v 0.535827 -0.844328 76
v 0.637424 -0.770513 76
v 0.728969 -0.684547 76
v 0.809017 -0.587785 76
v 0.876307 -0.481754 76
v 0.929776 -0.368125 76
v 0.968583 -0.24869 76
v 0.992115 -0.125333 76
v 1 0 77
v 0.992115 0.125333 77
v 0.968583 0.24869 77
v 0.929776 0.368125 77
v 0.876307 0.481754 77
v 0.809017 0.587785 77
v 0.728969 0.684547 77
v 0.637424 0.770513 77
v 0.535827 0.844328 77
v 0.425779 0.904827 77
v 0.309017 0.951057 77
v 0.187381 0.982287 77
v 0.0627905 0.998027 77
v -0.0627905 0.998027 77
v -0.187381 0.982287 77
v -0.309017 0.951057 77
v -0.425779 0.904827 77
v -0.535827 0.844328 77
v -0.637424 0.770513 77
v -0.728969 0.684547 77
v -0.809017 0.587785 77
v -0.876307 0.481754 77
v -0.929776 0.368125 77
v -0.968583 0.24869 77
v -0.992115 0.125333 77
v -1 1.22465e-16 77
v -0.992115 -0.125333 77
v -0.968583 -0.24869 77
v -0.929776 -0.368125 77
v -0.876307 -0.481754 77
v -0.809017 -0.587785 77
v -0.728969 -0.684547 77
v -0.637424 -0.770513 77
v -0.535827 -0.844328 77
v -0.425779 -0.904827 77
v -0.309017 -0.951057 77
v -0.187381 -0.982287 77
v -0.0627905 -0.998027 77
v 0.0627905 -0.998027 77
v 0.187381 -0.982287 77
v 0.309017 -0.951057 77
v 0.425779 -0.904827 77
v 0.535827 -0.844328 77
v 0.637424 -0.770513 77
v 0.728969 -0.684547 77
v 0.809017 -0.587785 77
v 0.876307 -0.481754 77
v 0.929776 -0.368125 77
v 0.968583 -0.24869 77
v 0.992115 -0.125333 77
v 1 0 78
v 0.992115 0.125333 78
v 0.968583 0.24869 78
v 0.929776 0.368125 78
v 0.876307 0.481754 78
v 0.809017 0.587785 78
v 0.728969 0.684547 78
v 0.637424 0.770513 78
v 0.535827 0.844328 78
v 0.425779 0.904827 78
v 0.309017 0.951057 78
v 0.187381 0.982287 78
v 0.0627905 0.998027 78
v -0.0627905 0.998027 78
v -0.187381 0.982287 78
v -0.309017 0.951057 78
v -0.425779 0.904827 78
v -0.535827 0.844328 78
v -0.637424 0.770513 78
v -0.728969 0.684547 78
v -0.809017 0.587785 78
v -0.876307 0.481754 78
v -0.929776 0.368125 78
v -0.968583 0.24869 78
v -0.992115 0.125333 78
v -1 1.22465e-16 78
v -0.992115 -0.125333 78
v -0.968583 -0.24869 78
v -0.929776 -0.368125 78
v -0.876307 -0.481754 78
v -0.809017 -0.587785 78
v -0.728969 -0.684547 78
v -0.637424 -0.770513 78
v -0.535827 -0.844328 78
v -0.425779 -0.904827 78
v -0.309017 -0.951057 78
v -0.187381 -0.982287 78
v -0.0627905 -0.998027 78
v 0.0627905 -0.998027 78
v 0.187381 -0.982287 78
v 0.309017 -0.951057 78
v 0.425779 -0.904827 78
v 0.535827 -0.844328 78
v 0.637424 -0.770513 78
v 0.728969 -0.684547 78
v 0.809017 -0.587785 78
v 0.876307 -0.481754 78
v 0.929776 -0.368125 78
v 0.968583 -0.24869 78
v 0.992115 -0.125333 78
v 1 0 79
v 0.992115 0.125333 79
v 0.968583 0.24869 79
v 0.929776 0.368125 79
v 0.876307 0.481754 79
v 0.809017 0.587785 79
v 0.728969 0.684547 79
v 0.637424 0.770513 79
v 0.535827 0.844328 79
v 0.425779 0.904827 79
v 0.309017 0.951057 79
v 0.187381 0.982287 79
v 0.0627905 0.998027 79
v -0.0627905 0.998027 79
v -0.187381 0.982287 79
v -0.309017 0.951057 79
v -0.425779 0.904827 79
v -0.535827 0.844328 79
v -0.637424 0.770513 79
v -0.728969 0.684547 79
v -0.809017 0.587785 79
v -0.876307 0.481754 79
v -0.929776 0.368125 79
v -0.968583 0.24869 79
v -0.992115 0.125333 79
v -1 1.22465e-16 79
v -0.992115 -0.125333 79
v -0.968583 -0.24869 79
v -0.929776 -0.368125 79
v -0.876307 -0.481754 79
v -0.809017 -0.587785 79
v -0.728969 -0.684547 79
v -0.637424 -0.770513 79
v -0.535827 -0.844328 79
v -0.425779 -0.904827 79
v -0.309017 -0.951057 79
v -0.187381 -0.982287 79
v -0.0627905 -0.998027 79
v 0.0627905 -0.998027 79
v 0.187381 -0.982287 79
v 0.309017 -0.951057 79
v 0.425779 -0.904827 79
v 0.535827 -0.844328 79
v 0.637424 -0.770513 79
v 0.728969 -0.684547 79
v 0.809017 -0.587785 79
v 0.876307 -0.481754 79
v 0.929776 -0.368125 79
v 0.968583 -0.24869 79
v 0.992115 -0.125333 79
v 1 0 80
v 0.992115 0.125333 80
v 0.968583 0.24869 80
v 0.929776 0.368125 80
v 0.876307 0.481754 80
v 0.809017 0.587785 80
v 0.728969 0.684547 80
v 0.637424 0.770513 80
v 0.535827 0.844328 80
v 0.425779 0.904827 80
v 0.309017 0.951057 80
v 0.187381 0.982287 80
v 0.0627905 0.998027 80
v -0.0627905 0.998027 80
v -0.187381 0.982287 80
v -0.309017 0.951057 80
v -0.425779 0.904827 80
v -0.535827 0.844328 80
v -0.637424 0.770513 80
v -0.728969 0.684547 80
v -0.809017 0.587785 80
v -0.876307 0.481754 80
v -0.929776 0.368125 80
v -0.968583 0.24869 80
v -0.992115 0.125333 80
v -1 1.22465e-16 80
v -0.992115 -0.125333 80
v -0.968583 -0.24869 80
v -0.929776 -0.368125 80
v -0.876307 -0.481754 80
v -0.809017 -0.587785 80
v -0.728969 -0.684547 80
v -0.637424 -0.770513 80
v -0.535827 -0.844328 80
v -0.425779 -0.904827 80
v -0.309017 -0.951057 80
v -0.187381 -0.982287 80
v -0.0627905 -0.998027 80
v 0.0627905 -0.998027 80
v 0.187381 -0.982287 80
v 0.309017 -0.951057 80
v 0.425779 -0.904827 80
v 0.535827 -0.844328 80
v 0.637424 -0.770513 80
v 0.728969 -0.684547 80
v 0.809017 -0.587785 80
v 0.876307 -0.481754 80
v 0.929776 -0.368125 80
v 0.968583 -0.24869 80
v 0.992115 -0.125333 80
v 1 0 81
v 0.992115 0.125333 81
v 0.968583 0.24869 81
v 0.929776 0.368125 81
v 0.876307 0.481754 81
v 0.809017 0.587785 81
v 0.728969 0.684547 81
v 0.637424 0.770513 81
v 0.535827 0.844328 81
v 0.425779 0.904827 81
v 0.309017 0.951057 81
v 0.187381 0.982287 81
v 0.0627905 0.998027 81
v -0.0627905 0.998027 81
v -0.187381 0.982287 81
v -0.309017 0.951057 81
v -0.425779 0.904827 81
v -0.535827 0.844328 81
v -0.637424 0.770513 81
v -0.728969 0.684547 81
v -0.809017 0.587785 81
v -0.876307 0.481754 81
v -0.929776 0.368125 81
v -0.968583 0.24869 81
v -0.992115 0.125333 81
v -1 1.22465e-16 81
v -0.992115 -0.125333 81
v -0.968583 -0.24869 81
v -0.929776 -0.368125 81
v -0.876307 -0.481754 81
v -0.809017 -0.587785 81
v -0.728969 -0.684547 81
v -0.637424 -0.770513 81
v -0.535827 -0.844328 81
v -0.425779 -0.904827 81
v -0.309017 -0.951057 81
v -0.187381 -0.982287 81
v -0.0627905 -0.998027 81
v 0.0627905 -0.998027 81
v 0.187381 -0.982287 81
v 0.309017 -0.951057 81
v 0.425779 -0.904827 81
v 0.535827 -0.844328 81
v 0.637424 -0.770513 81
v 0.728969 -0.684547 81
v 0.809017 -0.587785 81
v 0.876307 -0.481754 81
v 0.929776 -0.368125 81
v 0.968583 -0.24869 81
v 0.992115 -0.125333 81
v 1 0 82
v 0.992115 0.125333 82
v 0.968583 0.24869 82
v 0.929776 0.368125 82
v 0.876307 0.481754 82
v 0.809017 0.587785 82
v 0.728969 0.684547 82
v 0.637424 0.770513 82
v 0.535827 0.844328 82
v 0.425779 0.904827 82
v 0.309017 0.951057 82
v 0.187381 0.982287 82
v 0.0627905 0.998027 82
v -0.0627905 0.998027 82
v -0.187381 0.982287 82
v -0.309017 0.951057 82
v -0.425779 0.904827 82
v -0.535827 0.844328 82
v -0.637424 0.770513 82
v -0.728969 0.684547 82
v -0.809017 0.587785 82
v -0.876307 0.481754 82
v -0.929776 0.368125 82
v -0.968583 0.24869 82
v -0.992115 0.125333 82
v -1 1.22465e-16 82
v -0.992115 -0.125333 82
v -0.968583 -0.24869 82
v -0.929776 -0.368125 82
v -0.876307 -0.481754 82
v -0.809017 -0.587785 82
v -0.728969 -0.684547 82
v -0.637424 -0.770513 82
v -0.535827 -0.844328 82
v -0.425779 -0.904827 82
v -0.309017 -0.951057 82
v -0.187381 -0.982287 82
v -0.0627905 -0.998027 82
v 0.0627905 -0.998027 82
v 0.187381 -0.982287 82
v 0.309017 -0.951057 82
v 0.425779 -0.904827 82
v 0.535827 -0.844328 82
v 0.637424 -0.770513 82
v 0.728969 -0.684547 82
v 0.809017 -0.587785 82
v 0.876307 -0.481754 82
v 0.929776 -0.368125 82
v 0.968583 -0.24869 82
v 0.992115 -0.125333 82
v 1 0 83
v 0.992115 0.125333 83
v 0.968583 0.24869 83
v 0.929776 0.368125 83
v 0.876307 0.481754 83
v 0.809017 0.587785 83
v 0.728969 0.684547 83
v 0.637424 0.770513 83
v 0.535827 0.844328 83
v 0.425779 0.904827 83
v 0.309017 0.951057 83
v 0.187381 0.982287 83
v 0.0627905 0.998027 83
v -0.0627905 0.998027 83
v -0.187381 0.982287 83
v -0.309017 0.951057 83
v -0.425779 0.904827 83
v -0.535827 0.844328 83
v -0.637424 0.770513 83
v -0.728969 0.684547 83
v -0.809017 0.587785 83
v -0.876307 0.481754 83
v -0.929776 0.368125 83
v -0.968583 0.24869 83
v -0.992115 0.125333 83
v -1 1.22465e-16 83
v -0.992115 -0.125333 83
v -0.968583 -0.24869 83
v -0.929776 -0.368125 83
v -0.876307 -0.481754 83
v -0.809017 -0.587785 83
v -0.728969 -0.684547 83
v -0.637424 -0.770513 83
v -0.535827 -0.844328 83
v -0.425779 -0.904827 83
v -0.309017 -0.951057 83
v -0.187381 -0.982287 83
v -0.0627905 -0.998027 83
v 0.0627905 -0.998027 83
v 0.187381 -0.982287 83
v 0.309017 -0.951057 83
v 0.425779 -0.904827 83
v 0.535827 -0.844328 83
v 0.637424 -0.770513 83
v 0.728969 -0.684547 83
v 0.809017 -0.587785 83
v 0.876307 -0.481754 83
v 0.929776 -0.368125 83
v 0.968583 -0.24869 83
v 0.992115 -0.125333 83
v 1 0 84
v 0.992115 0.125333 84
v 0.968583 0.24869 84
v 0.929776 0.368125 84
v 0.876307 0.481754 84
v 0.809017 0.587785 84
v 0.728969 0.684547 84
v 0.637424 0.770513 84
v 0.535827 0.844328 84
v 0.425779 0.904827 84
v 0.309017 0.951057 84
v 0.187381 0.982287 84
v 0.0627905 0.998027 84
v -0.0627905 0.998027 84
v -0.187381 0.982287 84
v -0.309017 0.951057 84
v -0.425779 0.904827 84
v -0.535827 0.844328 84
v -0.637424 0.770513 84
v -0.728969 0.684547 84
v -0.809017 0.587785 84
v -0.876307 0.481754 84
v -0.929776 0.368125 84
v -0.968583 0.24869 84
v -0.992115 0.125333 84
v -1 1.22465e-16 84
v -0.992115 -0.125333 84
v -0.968583 -0.24869 84
v -0.929776 -0.368125 84
v -0.876307 -0.481754 84
v -0.809017 -0.587785 84
v -0.728969 -0.684547 84
v -0.637424 -0.770513 84
v -0.535827 -0.844328 84
v -0.425779 -0.904827 84
v -0.309017 -0.951057 84
v -0.187381 -0.982287 84
v -0.0627905 -0.998027 84
v 0.0627905 -0.998027 84
v 0.187381 -0.982287 84
v 0.309017 -0.951057 84
v 0.425779 -0.904827 84
v 0.535827 -0.844328 84
v 0.637424 -0.770513 84
v 0.728969 -0.684547 84
v 0.809017 -0.587785 84
v 0.876307 -0.481754 84
v 0.929776 -0.368125 84
v 0.968583 -0.24869 84
v 0.992115 -0.125333 84
v 1 0 85
v 0.992115 0.125333 85
v 0.968583 0.24869 85
v 0.929776 0.368125 85
v 0.876307 0.481754 85
v 0.809017 0.587785 85
v 0.728969 0.684547 85
v 0.637424 0.770513 85
v 0.535827 0.844328 85
v 0.425779 0.904827 85
v 0.309017 0.951057 85
v 0.187381 0.982287 85
v 0.0627905 0.998027 85
v -0.0627905 0.998027 85
v -0.187381 0.982287 85
v -0.309017 0.951057 85
v -0.425779 0.904827 85
v -0.535827 0.844328 85
v -0.637424 0.770513 85
v -0.728969 0.684547 85
v -0.809017 0.587785 85
v -0.876307 0.481754 85
v -0.929776 0.368125 85
v -0.968583 0.24869 85
v -0.992115 0.125333 85
v -1 1.22465e-16 85
v -0.992115 -0.125333 85
v -0.968583 -0.24869 85
v -0.929776 -0.368125 85
v -0.876307 -0.481754 85
v -0.809017 -0.587785 85
v -0.728969 -0.684547 85
v -0.637424 -0.770513 85
v -0.535827 -0.844328 85
v -0.425779 -0.904827 85
v -0.309017 -0.951057 85
v -0.187381 -0.982287 85
v -0.0627905 -0.998027 85
v 0.0627905 -0.998027 85
v 0.187381 -0.982287 85
v 0.309017 -0.951057 85
v 0.425779 -0.904827 85
v 0.535827 -0.844328 85
v 0.637424 -0.770513 85
v 0.728969 -0.684547 85
v 0.809017 -0.587785 85
v 0.876307 -0.481754 85
v 0.929776 -0.368125 85
v 0.968583 -0.24869 85
v 0.992115 -0.125333 85
v 1 0 86
v 0.992115 0.125333 86
v 0.968583 0.24869 86
v 0.929776 0.368125 86
v 0.876307 0.481754 86
v 0.809017 0.587785 86
v 0.728969 0.684547 86
v 0.637424 0.770513 86
v 0.535827 0.844328 86
v 0.425779 0.904827 86
v 0.309017 0.951057 86
v 0.187381 0.982287 86
v 0.0627905 0.998027 86
v -0.0627905 0.998027 86
v -0.187381 0.982287 86
v -0.309017 0.951057 86
v -0.425779 0.904827 86
v -0.535827 0.844328 86
v -0.637424 0.770513 86
v -0.728969 0.684547 86
v -0.809017 0.587785 86
v -0.876307 0.481754 86
v -0.929776 0.368125 86
v -0.968583 0.24869 86
v -0.992115 0.125333 86
v -1 1.22465e-16 86
v -0.992115 -0.125333 86
v -0.968583 -0.24869 86
v -0.929776 -0.368125 86
v -0.876307 -0.481754 86
v -0.809017 -0.587785 86
v -0.728969 -0.684547 86
v -0.637424 -0.770513 86
v -0.535827 -0.844328 86
v -0.425779 -0.904827 86
v -0.309017 -0.951057 86
v -0.187381 -0.982287 86
v -0.0627905 -0.998027 86
v 0.0627905 -0.998027 86
v 0.187381 -0.982287 86
v 0.309017 -0.951057 86
v 0.425779 -0.904827 86
v 0.535827 -0.844328 86
v 0.637424 -0.770513 86
v 0.728969 -0.684547 86
v 0.809017 -0.587785 86
v 0.876307 -0.481754 86
v 0.929776 -0.368125 86
v 0.968583 -0.24869 86
v 0.992115 -0.125333 86
v 1 0 87
v 0.992115 0.125333 87
v 0.968583 0.24869 87
v 0.929776 0.368125 87
v 0.876307 0.481754 87
v 0.809017 0.587785 87
v 0.728969 0.684547 87
v 0.637424 0.770513 87
v 0.535827 0.844328 87
v 0.425779 0.904827 87
v 0.309017 0.951057 87
v 0.187381 0.982287 87
v 0.0627905 0.998027 87
v -0.0627905 0.998027 87
v -0.187381 0.982287 87
v -0.309017 0.951057 87
v -0.425779 0.904827 87
v -0.535827 0.844328 87
v -0.637424 0.770513 87
v -0.728969 0.684547 87
v -0.809017 0.587785 87
v -0.876307 0.481754 87
v -0.929776 0.368125 87
v -0.968583 0.24869 87
v -0.992115 0.125333 87
v -1 1.22465e-16 87
v -0.992115 -0.125333 87
v -0.968583 -0.24869 87
v -0.929776 -0.368125 87
v -0.876307 -0.481754 87
v -0.809017 -0.587785 87
v -0.728969 -0.684547 87
v -0.637424 -0.770513 87
v -0.535827 -0.844328 87
v -0.425779 -0.904827 87
v -0.309017 -0.951057 87
v -0.187381 -0.982287 87
v -0.0627905 -0.998027 87
v 0.0627905 -0.998027 87
v 0.187381 -0.982287 87
v 0.309017 -0.951057 87
v 0.425779 -0.904827 87
v 0.535827 -0.844328 87
v 0.637424 -0.770513 87
v 0.728969 -0.684547 87
v 0.809017 -0.587785 87
v 0.876307 -0.481754 87
v 0.929776 -0.368125 87
v 0.968583 -0.24869 87
v 0.992115 -0.125333 87
v 1 0 88
v 0.992115 0.125333 88
v 0.968583 0.24869 88
v 0.929776 0.368125 88
v 0.876307 0.481754 88
v 0.809017 0.587785 88
v 0.728969 0.684547 88
v 0.637424 0.770513 88
v 0.535827 0.844328 88
v 0.425779 0.904827 88
v 0.309017 0.951057 88
v 0.187381 0.982287 88
v 0.0627905 0.998027 88
v -0.0627905 0.998027 88
v -0.187381 0.982287 88
v -0.309017 0.951057 88
v -0.425779 0.904827 88
v -0.535827 0.844328 88
v -0.637424 0.770513 88
v -0.728969 0.684547 88
v -0.809017 0.587785 88
v -0.876307 0.481754 88
v -0.929776 0.368125 88
v -0.968583 0.24869 88
v -0.992115 0.125333 88
v -1 1.22465e-16 88
v -0.992115 -0.125333 88
v -0.968583 -0.24869 88
v -0.929776 -0.368125 88
v -0.876307 -0.481754 88
v -0.809017 -0.587785 88
v -0.728969 -0.684547 88
v -0.637424 -0.770513 88
v -0.535827 -0.844328 88
v -0.425779 -0.904827 88
v -0.309017 -0.951057 88
v -0.187381 -0.982287 88
v -0.0627905 -0.998027 88
v 0.0627905 -0.998027 88
v 0.187381 -0.982287 88
v 0.309017 -0.951057 88
v 0.425779 -0.904827 88
v 0.535827 -0.844328 88
v 0.637424 -0.770513 88
v 0.728969 -0.684547 88
v 0.809017 -0.587785 88
v 0.876307 -0.481754 88
v 0.929776 -0.368125 88
v 0.968583 -0.24869 88
v 0.992115 -0.125333 88
v 1 0 89
v 0.992115 0.125333 89
v 0.968583 0.24869 89
v 0.929776 0.368125 89
v 0.876307 0.481754 89
v 0.809017 0.587785 89
v 0.728969 0.684547 89
v 0.637424 0.770513 89
v 0.535827 0.844328 89
v 0.425779 0.904827 89
v 0.309017 0.951057 89
v 0.187381 0.982287 89
v 0.0627905 0.998027 89
v -0.0627905 0.998027 89
v -0.187381 0.982287 89
v -0.309017 0.951057 89
v -0.425779 0.904827 89
v -0.535827 0.844328 89
v -0.637424 0.770513 89
v -0.728969 0.684547 89
v -0.809017 0.587785 89
v -0.876307 0.481754 89
v -0.929776 0.368125 89
v -0.968583 0.24869 89
v -0.992115 0.125333 89
v -1 1.22465e-16 89
v -0.992115 -0.125333 89
v -0.968583 -0.24869 89
v -0.929776 -0.368125 89
v -0.876307 -0.481754 89
v -0.809017 -0.587785 89
v -0.728969 -0.684547 89
v -0.637424 -0.770513 89
v -0.535827 -0.844328 89
v -0.425779 -0.904827 89
v -0.309017 -0.951057 89
v -0.187381 -0.982287 89
v -0.0627905 -0.998027 89
v 0.0627905 -0.998027 89
v 0.187381 -0.982287 89
v 0.309017 -0.951057 89
v 0.425779 -0.904827 89
v 0.535827 -0.844328 89
v 0.637424 -0.770513 89
v 0.728969 -0.684547 89
v 0.809017 -0.587785 89
v 0.876307 -0.481754 89
v 0.929776 -0.368125 89
v 0.968583 -0.24869 89
v 0.992115 -0.125333 89
v 1 0 90
v 0.992115 0.125333 90
v 0.968583 0.24869 90
v 0.929776 0.368125 90
v 0.876307 0.481754 90
v 0.809017 0.587785 90
v 0.728969 0.684547 90
v 0.637424 0.770513 90
v 0.535827 0.844328 90
v 0.425779 0.904827 90
v 0.309017 0.951057 90
v 0.187381 0.982287 90
v 0.0627905 0.998027 90
v -0.0627905 0.998027 90
v -0.187381 0.982287 90
v -0.309017 0.951057 90
v -0.425779 0.904827 90
v -0.535827 0.844328 90
v -0.637424 0.770513 90
v -0.728969 0.684547 90
v -0.809017 0.587785 90
v -0.876307 0.481754 90
v -0.929776 0.368125 90
v -0.968583 0.24869 90
v -0.992115 0.125333 90
v -1 1.22465e-16 90
v -0.992115 -0.125333 90
v -0.968583 -0.24869 90
v -0.929776 -0.368125 90
v -0.876307 -0.481754 90
v -0.809017 -0.587785 90
v -0.728969 -0.684547 90
v -0.637424 -0.770513 90
v -0.535827 -0.844328 90
v -0.425779 -0.904827 90
v -0.309017 -0.951057 90
v -0.187381 -0.982287 90
v -0.0627905 -0.998027 90
v 0.0627905 -0.998027 90
v 0.187381 -0.982287 90
v 0.309017 -0.951057 90
v 0.425779 -0.904827 90
v 0.535827 -0.844328 90
v 0.637424 -0.770513 90
v 0.728969 -0.684547 90
v 0.809017 -0.587785 90
v 0.876307 -0.481754 90
v 0.929776 -0.368125 90
v 0.968583 -0.24869 90
v 0.992115 -0.125333 90
v 1 0 91
v 0.992115 0.125333 91
v 0.968583 0.24869 91
v 0.929776 0.368125 91
v 0.876307 0.481754 91
v 0.809017 0.587785 91
v 0.728969 0.684547 91
v 0.637424 0.770513 91
v 0.535827 0.844328 91
v 0.425779 0.904827 91
v 0.309017 0.951057 91
v 0.187381 0.982287 91
v 0.0627905 0.998027 91
v -0.0627905 0.998027 91
v -0.187381 0.982287 91
v -0.309017 0.951057 91
v -0.425779 0.904827 91
v -0.535827 0.844328 91
v -0.637424 0.770513 91
v -0.728969 0.684547 91
v -0.809017 0.587785 91
v -0.876307 0.481754 91
v -0.929776 0.368125 91
v -0.968583 0.24869 91
v -0.992115 0.125333 91
v -1 1.22465e-16 91
v -0.992115 -0.125333 91
v -0.968583 -0.24869 91
v -0.929776 -0.368125 91
v -0.876307 -0.481754 91
v -0.809017 -0.587785 91
v -0.728969 -0.684547 91
v -0.637424 -0.770513 91
v -0.535827 -0.844328 91
v -0.425779 -0.904827 91
v -0.309017 -0.951057 91
v -0.187381 -0.982287 91
v -0.0627905 -0.998027 91
v 0.0627905 -0.998027 91
v 0.187381 -0.982287 91
v 0.309017 -0.951057 91
v 0.425779 -0.904827 91
v 0.535827 -0.844328 91
v 0.637424 -0.770513 91
v 0.728969 -0.684547 91
v 0.809017 -0.587785 91
v 0.876307 -0.481754 91
v 0.929776 -0.368125 91
v 0.968583 -0.24869 91
v 0.992115 -0.125333 91
v 1 0 92
v 0.992115 0.125333 92
v 0.968583 0.24869 92
v 0.929776 0.368125 92
v 0.876307 0.481754 92
v 0.809017 0.587785 92
v 0.728969 0.684547 92
v 0.637424 0.770513 92
v 0.535827 0.844328 92
v 0.425779 0.904827 92
v 0.309017 0.951057 92
v 0.187381 0.982287 92
v 0.0627905 0.998027 92
v -0.0627905 0.998027 92
v -0.187381 0.982287 92
v -0.309017 0.951057 92
v -0.425779 0.904827 92
v -0.535827 0.844328 92
v -0.637424 0.770513 92
v -0.728969 0.684547 92
v -0.809017 0.587785 92
v -0.876307 0.481754 92
v -0.929776 0.368125 92
v -0.968583 0.24869 92
v -0.992115 0.125333 92
v -1 1.22465e-16 92
v -0.992115 -0.125333 92
v -0.968583 -0.24869 92
v -0.929776 -0.368125 92
v -0.876307 -0.481754 92
v -0.809017 -0.587785 92
v -0.728969 -0.684547 92
v -0.637424 -0.770513 92
v -0.535827 -0.844328 92
v -0.425779 -0.904827 92
v -0.309017 -0.951057 92
v -0.187381 -0.982287 92
v -0.0627905 -0.998027 92
v 0.0627905 -0.998027 92
v 0.187381 -0.982287 92
v 0.309017 -0.951057 92
v 0.425779 -0.904827 92
v 0.535827 -0.844328 92
v 0.637424 -0.770513 92
v 0.728969 -0.684547 92
v 0.809017 -0.587785 92
v 0.876307 -0.481754 92
v 0.929776 -0.368125 92
v 0.968583 -0.24869 92
v 0.992115 -0.125333 92
v 1 0 93
v 0.992115 0.125333 93
v 0.968583 0.24869 93
v 0.929776 0.368125 93
v 0.876307 0.481754 93
v 0.809017 0.587785 93
v 0.728969 0.684547 93
v 0.637424 0.770513 93
v 0.535827 0.844328 93
v 0.425779 0.904827 93
v 0.309017 0.951057 93
v 0.187381 0.982287 93
v 0.0627905 0.998027 93
v -0.0627905 0.998027 93
v -0.187381 0.982287 93
v -0.309017 0.951057 93
v -0.425779 0.904827 93
v -0.535827 0.844328 93
v -0.637424 0.770513 93
v -0.728969 0.684547 93
v -0.809017 0.587785 93
v -0.876307 0.481754 93
v -0.929776 0.368125 93
v -0.968583 0.24869 93
v -0.992115 0.125333 93
v -1 1.22465e-16 93
v -0.992115 -0.125333 93
v -0.968583 -0.24869 93
v -0.929776 -0.368125 93
v -0.876307 -0.481754 93
v -0.809017 -0.587785 93
v -0.728969 -0.684547 93
v -0.637424 -0.770513 93
v -0.535827 -0.844328 93
v -0.425779 -0.904827 93
v -0.309017 -0.951057 93
v -0.187381 -0.982287 93
v -0.0627905 -0.998027 93
v 0.0627905 -0.998027 93
v 0.187381 -0.982287 93
v 0.309017 -0.951057 93
v 0.425779 -0.904827 93
v 0.535827 -0.844328 93
v 0.637424 -0.770513 93
v 0.728969 -0.684547 93
v 0.809017 -0.587785 93
v 0.876307 -0.481754 93
v 0.929776 -0.368125 93
v 0.968583 -0.24869 93
v 0.992115 -0.125333 93
v 1 0 94
v 0.992115 0.125333 94
v 0.968583 0.24869 94
v 0.929776 0.368125 94
v 0.876307 0.481754 94
v 0.809017 0.587785 94
v 0.728969 0.684547 94
v 0.637424 0.770513 94
v 0.535827 0.844328 94
v 0.425779 0.904827 94
v 0.309017 0.951057 94
v 0.187381 0.982287 94
v 0.0627905 0.998027 94
v -0.0627905 0.998027 94
v -0.187381 0.982287 94
v -0.309017 0.951057 94
v -0.425779 0.904827 94
v -0.535827 0.844328 94
v -0.637424 0.770513 94
v -0.728969 0.684547 94
v -0.809017 0.587785 94
v -0.876307 0.481754 94
v -0.929776 0.368125 94
v -0.968583 0.24869 94
v -0.992115 0.125333 94
v -1 1.22465e-16 94
v -0.992115 -0.125333 94
v -0.968583 -0.24869 94
v -0.929776 -0.368125 94
v -0.876307 -0.481754 94
v -0.809017 -0.587785 94
v -0.728969 -0.684547 94
v -0.637424 -0.770513 94
v -0.535827 -0.844328 94
v -0.425779 -0.904827 94
v -0.309017 -0.951057 94
v -0.187381 -0.982287 94
v -0.0627905 -0.998027 94
v 0.0627905 -0.998027 94
v 0.187381 -0.982287 94
v 0.309017 -0.951057 94
v 0.425779 -0.904827 94
v 0.535827 -0.844328 94
v 0.637424 -0.770513 94
v 0.728969 -0.684547 94
v 0.809017 -0.587785 94
v 0.876307 -0.481754 94
v 0.929776 -0.368125 94
v 0.968583 -0.24869 94
v 0.992115 -0.125333 94
v 1 0 95
v 0.992115 0.125333 95
v 0.968583 0.24869 95
v 0.929776 0.368125 95
v 0.876307 0.481754 95
v 0.809017 0.587785 95
v 0.728969 0.684547 95
v 0.637424 0.770513 95
v 0.535827 0.844328 95
v 0.425779 0.904827 95
v 0.309017 0.951057 95
v 0.187381 0.982287 95
v 0.0627905 0.998027 95
v -0.0627905 0.998027 95
v -0.187381 0.982287 95
v -0.309017 0.951057 95
v -0.425779 0.904827 95
v -0.535827 0.844328 95
v -0.637424 0.770513 95
v -0.728969 0.684547 95
v -0.809017 0.587785 95
v -0.876307 0.481754 95
v -0.929776 0.368125 95
v -0.968583 0.24869 95
v -0.992115 0.125333 95
v -1 1.22465e-16 95
v -0.992115 -0.125333 95
v -0.968583 -0.24869 95
v -0.929776 -0.368125 95
v -0.876307 -0.481754 95
v -0.809017 -0.587785 95
v -0.728969 -0.684547 95
v -0.637424 -0.770513 95
v -0.535827 -0.844328 95
v -0.425779 -0.904827 95
v -0.309017 -0.951057 95
v -0.187381 -0.982287 95
v -0.0627905 -0.998027 95
v 0.0627905 -0.998027 95
v 0.187381 -0.982287 95
v 0.309017 -0.951057 95
v 0.425779 -0.904827 95
v 0.535827 -0.844328 95
v 0.637424 -0.770513 95
v 0.728969 -0.684547 95
v 0.809017 -0.587785 95
v 0.876307 -0.481754 95
v 0.929776 -0.368125 95
v 0.968583 -0.24869 95
v 0.992115 -0.125333 95
v 1 0 96
v 0.992115 0.125333 96
v 0.968583 0.24869 96
v 0.929776 0.368125 96
v 0.876307 0.481754 96
v 0.809017 0.587785 96
v 0.728969 0.684547 96
v 0.637424 0.770513 96
v 0.535827 0.844328 96
v 0.425779 0.904827 96
v 0.309017 0.951057 96
v 0.187381 0.982287 96
v 0.0627905 0.998027 96
v -0.0627905 0.998027 96
v -0.187381 0.982287 96
v -0.309017 0.951057 96
v -0.425779 0.904827 96
v -0.535827 0.844328 96
v -0.637424 0.770513 96
v -0.728969 0.684547 96
v -0.809017 0.587785 96
v -0.876307 0.481754 96
v -0.929776 0.368125 96
v -0.968583 0.24869 96
v -0.992115 0.125333 96
v -1 1.22465e-16 96
v -0.992115 -0.125333 96
v -0.968583 -0.24869 96
v -0.929776 -0.368125 96
v -0.876307 -0.481754 96
v -0.809017 -0.587785 96
v -0.728969 -0.684547 96
v -0.637424 -0.770513 96
v -0.535827 -0.844328 96
v -0.425779 -0.904827 96
v -0.309017 -0.951057 96
v -0.187381 -0.982287 96
v -0.0627905 -0.998027 96
v 0.0627905 -0.998027 96
v 0.187381 -0.982287 96
v 0.309017 -0.951057 96
v 0.425779 -0.904827 96
v 0.535827 -0.844328 96
v 0.637424 -0.770513 96
v 0.728969 -0.684547 96
v 0.809017 -0.587785 96
v 0.876307 -0.481754 96
v 0.929776 -0.368125 96
v 0.968583 -0.24869 96
v 0.992115 -0.125333 96
v 1 0 97
v 0.992115 0.125333 97
v 0.968583 0.24869 97
v 0.929776 0.368125 97
v 0.876307 0.481754 97
v 0.809017 0.587785 97
v 0.728969 0.684547 97
v 0.637424 0.770513 97
v 0.535827 0.844328 97
v 0.425779 0.904827 97
v 0.309017 0.951057 97
v 0.187381 0.982287 97
v 0.0627905 0.998027 97
v -0.0627905 0.998027 97
v -0.187381 0.982287 97
v -0.309017 0.951057 97
v -0.425779 0.904827 97
v -0.535827 0.844328 97
v -0.637424 0.770513 97
v -0.728969 0.684547 97
v -0.809017 0.587785 97
v -0.876307 0.481754 97
v -0.929776 0.368125 97
v -0.968583 0.24869 97
v -0.992115 0.125333 97
v -1 1.22465e-16 97
v -0.992115 -0.125333 97
v -0.968583 -0.24869 97
v -0.929776 -0.368125 97
v -0.876307 -0.481754 97
v -0.809017 -0.587785 97
v -0.728969 -0.684547 97
v -0.637424 -0.770513 97
v -0.535827 -0.844328 97
v -0.425779 -0.904827 97
v -0.309017 -0.951057 97
v -0.187381 -0.982287 97
v -0.0627905 -0.998027 97
v 0.0627905 -0.998027 97
v 0.187381 -0.982287 97
v 0.309017 -0.951057 97
v 0.425779 -0.904827 97
v 0.535827 -0.844328 97
v 0.637424 -0.770513 97
v 0.728969 -0.684547 97
v 0.809017 -0.587785 97
v 0.876307 -0.481754 97
v 0.929776 -0.368125 97
v 0.968583 -0.24869 97
v 0.992115 -0.125333 97
v 1 0 98
v 0.992115 0.125333 98
v 0.968583 0.24869 98
v 0.929776 0.368125 98
v 0.876307 0.481754 98
v 0.809017 0.587785 98
v 0.728969 0.684547 98
v 0.637424 0.770513 98
v 0.535827 0.844328 98
v 0.425779 0.904827 98
v 0.309017 0.951057 98
v 0.187381 0.982287 98
v 0.0627905 0.998027 98
v -0.0627905 0.998027 98
v -0.187381 0.982287 98
v -0.309017 0.951057 98
v -0.425779 0.904827 98
v -0.535827 0.844328 98
v -0.637424 0.770513 98
v -0.728969 0.684547 98
v -0.809017 0.587785 98
v -0.876307 0.481754 98
v -0.929776 0.368125 98
v -0.968583 0.24869 98
v -0.992115 0.125333 98
v -1 1.22465e-16 98
v -0.992115 -0.125333 98
v -0.968583 -0.24869 98
v -0.929776 -0.368125 98
v -0.876307 -0.481754 98
v -0.809017 -0.587785 98
v -0.728969 -0.684547 98
v -0.637424 -0.770513 98
v -0.535827 -0.844328 98
v -0.425779 -0.904827 98
v -0.309017 -0.951057 98
v -0.187381 -0.982287 98
v -0.0627905 -0.998027 98
v 0.0627905 -0.998027 98
v 0.187381 -0.982287 98
v 0.309017 -0.951057 98
v 0.425779 -0.904827 98
v 0.535827 -0.844328 98
v 0.637424 -0.770513 98
v 0.728969 -0.684547 98
v 0.809017 -0.587785 98
v 0.876307 -0.481754 98
v 0.929776 -0.368125 98
v 0.968583 -0.24869 98
v 0.992115 -0.125333 98
v 1 0 99
v 0.992115 0.125333 99
v 0.968583 0.24869 99
v 0.929776 0.368125 99
v 0.876307 0.481754 99
v 0.809017 0.587785 99
v 0.728969 0.684547 99
v 0.637424 0.770513 99
v 0.535827 0.844328 99
v 0.425779 0.904827 99
v 0.309017 0.951057 99
v 0.187381 0.982287 99
v 0.0627905 0.998027 99
v -0.0627905 0.998027 99
v -0.187381 0.982287 99
v -0.309017 0.951057 99
v -0.425779 0.904827 99
v -0.535827 0.844328 99
v -0.637424 0.770513 99
v -0.728969 0.684547 99
v -0.809017 0.587785 99
v -0.876307 0.481754 99
v -0.929776 0.368125 99
v -0.968583 0.24869 99
v -0.992115 0.125333 99
v -1 1.22465e-16 99
v -0.992115 -0.125333 99
v -0.968583 -0.24869 99
v -0.929776 -0.368125 99
v -0.876307 -0.481754 99
v -0.809017 -0.587785 99
v -0.728969 -0.684547 99
v -0.637424 -0.770513 99
v -0.535827 -0.844328 99
v -0.425779 -0.904827 99
v -0.309017 -0.951057 99
v -0.187381 -0.982287 99
v -0.0627905 -0.998027 99
v 0.0627905 -0.998027 99
v 0.187381 -0.982287 99
v 0.309017 -0.951057 99
v 0.425779 -0.904827 99
v 0.535827 -0.844328 99
v 0.637424 -0.770513 99
v 0.728969 -0.684547 99
v 0.809017 -0.587785 99
v 0.876307 -0.481754 99
v 0.929776 -0.368125 99
v 0.968583 -0.24869 99
v 0.992115 -0.125333 99
v 1 0 -12.1871
v 0.992115 0.125333 -12.1871
v 0.968583 0.24869 -12.1871
v 0.929776 0.368125 -12.1871
v 0.876307 0.481754 -12.1871
v 0.809017 0.587785 -12.1871
v 0.728969 0.684547 -12.1871
v 0.637424 0.770513 -12.1871
v 0.535827 0.844328 -12.1871
v 0.425779 0.904827 -12.1871
v 0.309017 0.951057 -12.1871
v 0.187381 0.982287 -12.1871
v 0.0627905 0.998027 -12.1871
v -0.0627905 0.998027 -12.1871
v -0.187381 0.982287 -12.1871
v -0.309017 0.951057 -12.1871
v -0.425779 0.904827 -12.1871
v -0.535827 0.844328 -12.1871
v -0.637424 0.770513 -12.1871
v -0.728969 0.684547 -12.1871
v -0.809017 0.587785 -12.1871
v -0.876307 0.481754 -12.1871
v -0.929776 0.368125 -12.1871
v -0.968583 0.24869 -12.1871
v -0.992115 0.125333 -12.1871
v -1 1.22465e-16 -12.1871
v -0.992115 -0.125333 -12.1871
v -0.968583 -0.24869 -12.1871
v -0.929776 -0.368125 -12.1871
v -0.876307 -0.481754 -12.1871
v -0.809017 -0.587785 -12.1871
v -0.728969 -0.684547 -12.1871
v -0.637424 -0.770513 -12.1871
v -0.535827 -0.844328 -12.1871
v -0.425779 -0.904827 -12.1871
v -0.309017 -0.951057 -12.1871
v -0.187381 -0.982287 -12.1871
v -0.0627905 -0.998027 -12.1871
v 0.0627905 -0.998027 -12.1871
v 0.187381 -0.982287 -12.1871
v 0.309017 -0.951057 -12.1871
v 0.425779 -0.904827 -12.1871
v 0.535827 -0.844328 -12.1871
v 0.637424 -0.770513 -12.1871
v 0.728969 -0.684547 -12.1871
v 0.809017 -0.587785 -12.1871
v 0.876307 -0.481754 -12.1871
v 0.929776 -0.368125 -12.1871
v 0.968583 -0.24869 -12.1871
v 0.992115 -0.125333 -12.1871
v -29.3996 -29.3392 -12.1871
v 29.3978 -29.3392 -12.1871
v 29.3978 29.3386 -12.1871
v -29.3996 29.3386 -12.1871
v -29.3996 -29.3392 -14.1871
v 29.3978 -29.3392 -14.1871
v 29.3978 29.3386 -14.1871
v -29.3996 29.3386 -14.1871
f 1 2 52
f 52 51 1
f 2 3 53
f 53 52 2
f 3 4 54
f 54 53 3
f 4 5 55
f 55 54 4
f 5 6 56
f 56 55 5
f 6 7 57
f 57 56 6
f 7 8 58
f 58 57 7
f 8 9 59
f 59 58 8
f 9 10 60
f 60 59 9
f 10 11 61
f 61 60 10
f 11 12 62
f 62 61 11
f 12 13 63
f 63 62 12
f 13 14 64
f 64 63 13
f 14 15 65
f 65 64 14
f 15 16 66
f 66 65 15
f 16 17 67
f 67 66 16
f 17 18 68
f 68 67 17
f 18 19 69
f 69 68 18
f 19 20 70
f 70 69 19
f 20 21 71
f 71 70 20
f 21 22 72
f 72 71 21
f 22 23 73
f 73 72 22
f 23 24 74
f 74 73 23
f 24 25 75
f 75 74 24
f 25 26 76
f 76 75 25
f 26 27 77
f 77 76 26
f 27 28 78
f 78 77 27
f 28 29 79
f 79 78 28
f 29 30 80
f 80 79 29
f 30 31 81
f 81 80 30
f 31 32 82
f 82 81 31
f 32 33 83
f 83 82 32
f 33 34 84
f 84 83 33
f 34 35 85
f 85 84 34
f 35 36 86
f 86 85 35
f 36 37 87
f 87 86 36
f 37 38 88
f 88 87 37
f 38 39 89
f 89 88 38
f 39 40 90
f 90 89 39
f 40 41 91
f 91 90 40
f 41 42 92
f 92 91 41
f 42 43 93
f 93 92 42
f 43 44 94
f 94 93 43
f 44 45 95
f 95 94 44
f 45 46 96
f 96 95 45
f 46 47 97
f 97 96 46
f 47 48 98
f 98 97 47
f 48 49 99
f 99 98 48
f 49 50 100
f 100 99 49
f 50 1 51
f 51 100 50
f 51 52 102
f 102 101 51
f 52 53 103
f 103 102 52
f 53 54 104
f 104 103 53
f 54 55 105
f 105 104 54
f 55 56 106
f 106 105 55
f 56 57 107
f 107 106 56
f 57 58 108
f 108 107 57
f 58 59 109
f 109 108 58
f 59 60 110
f 110 109 59
f 60 61 111
f 111 110 60
f 61 62 112
f 112 111 61
f 62 63 113
f 113 112 62
f 63 64 114
f 114 113 63
f 64 65 115
f 115 114 64
f 65 66 116
f 116 115 65
f 66 67 117
f 117 116 66
f 67 68 118
f 118 117 67
f 68 69 119
f 119 118 68
f 69 70 120
f 120 119 69
f 70 71 121
f 121 120 70
f 71 72 122
f 122 121 71
f 72 73 123
f 123 122 72
f 73 74 124
f 124 123 73
f 74 75 125
f 125 124 74
f 75 76 126
f 126 125 75
f 76 77 127
f 127 126 76
f 77 78 128
f 128 127 77
f 78 79 129
f 129 128 78
f 79 80 130
f 130 129 79
f 80 81 131
f 131 130 80
f 81 82 132
f 132 131 81
f 82 83 133
f 133 132 82
f 83 84 134
f 134 133 83
f 84 85 135
f 135 134 84
f 85 86 136
f 136 135 85
f 86 87 137
f 137 136 86
f 87 88 138
f 138 137 87
f 88 89 139
f 139 138 88
f 89 90 140
f 140 139 89
f 90 91 141
f 141 140 90
f 91 92 142
f 142 141 91
f 92 93 143
f 143 142 92
f 93 94 144
f 144 143 93
f 94 95 145
f 145 144 94
f 95 96 146
f 146 145 95
f 96 97 147
f 147 146 96
f 97 98 148
f 148 147 97
f 98 99 149
f 149 148 98
f 99 100 150
f 150 149 99
f 100 51 101
f 101 150 100
f 101 102 152
f 152 151 101
f 102 103 153
f 153 152 102
f 103 104 154
f 154 153 103
f 104 105 155
f 155 154 104
f 105 106 156
f 156 155 105
f 106 107 157
f 157 156 106
f 107 108 158
f 158 157 107
f 108 109 159
f 159 158 108
f 109 110 160
f 160 159 109
f 110 111 161
f 161 160 110
f 111 112 162
f 162 161 111
f 112 113 163
f 163 162 112
f 113 114 164
f 164 163 113
f 114 115 165
f 165 164 114
f 115 116 166
f 166 165 115
f 116 117 167
f 167 166 116
f 117 118 168
f 168 167 117
f 118 119 169
f 169 168 118
f 119 120 170
f 170 169 119
f 120 121 171
f 171 170 120
f 121 122 172
f 172 171 121
f 122 123 173
f 173 172 122
f 123 124 174
f 174 173 123
f 124 125 175
f 175 174 124
f 125 126 176
f 176 175 125
f 126 127 177
f 177 176 126
f 127 128 178
f 178 177 127
f 128 129 179
f 179 178 128
f 129 130 180
f 180 179 129
f 130 131 181
f 181 180 130
f 131 132 182
f 182 181 131
f 132 133 183
f 183 182 132
f 133 134 184
f 184 183 133
f 134 135 185
f 185 184 134
f 135 136 186
f 186 185 135
f 136 137 187
f 187 186 136
f 137 138 188
f 188 187 137
f 138 139 189
f 189 188 138
f 139 140 190
f 190 189 139
f 140 141 191
f 191 190 140
f 141 142 192
f 192 191 141
f 142 143 193
f 193 192 142
f 143 144 194
f 194 193 143
f 144 145 195
f 195 194 144
f 145 146 196
f 196 195 145
f 146 147 197
f 197 196 146
f 147 148 198
f 198 197 147
f 148 149 199
f 199 198 148
f 149 150 200
f 200 199 149
f 150 101 151
f 151 200 150
f 151 152 202
f 202 201 151
f 152 153 203
f 203 202 152
f 153 154 204
f 204 203 153
f 154 155 205
f 205 204 154
f 155 156 206
f 206 205 155
f 156 157 207
f 207 206 156
f 157 158 208
f 208 207 157
f 158 159 209
f 209 208 158
f 159 160 210
f 210 209 159
f 160 161 211
f 211 210 160
f 161 162 212
f 212 211 161
f 162 163 213
f 213 212 162
f 163 164 214
f 214 213 163
f 164 165 215
f 215 214 164
f 165 166 216
f 216 215 165
f 166 167 217
f 217 216 166
f 167 168 218
f 218 217 167
f 168 169 219
f 219 218 168
f 169 170 220
f 220 219 169
f 170 171 221
f 221 220 170
f 171 172 222
f 222 221 171
f 172 173 223
f 223 222 172
f 173 174 224
f 224 223 173
f 174 175 225
f 225 224 174
f 175 176 226
f 226 225 175
f 176 177 227
f 227 226 176
f 177 178 228
f 228 227 177
f 178 179 229
f 229 228 178
f 179 180 230
f 230 229 179
f 180 181 231
f 231 230 180
f 181 182 232
f 232 231 181
f 182 183 233
f 233 232 182
f 183 184 234
f 234 233 183
f 184 185 235
f 235 234 184
f 185 186 236
f 236 235 185
f 186 187 237
f 237 236 186
f 187 188 238
f 238 237 187
f 188 189 239
f 239 238 188
f 189 190 240
f 240 239 189
f 190 191 241
f 241 240 190
f 191 192 242
f 242 241 191
f 192 193 243
f 243 242 192
f 193 194 244
f 244 243 193
f 194 195 245
f 245 244 194
f 195 196 246
f 246 245 195
f 196 197 247
f 247 246 196
f 197 198 248
f 248 247 197
f 198 199 249
f 249 248 198
f 199 200 250
f 250 249 199
f 200 151 201
f 201 250 200
f 201 202 252
f 252 251 201
f 202 203 253
f 253 252 202
f 203 204 254
f 254 253 203
f 204 205 255
f 255 254 204
f 205 206 256
f 256 255 205
f 206 207 257
f 257 256 206
f 207 208 258
f 258 257 207
f 208 209 259
f 259 258 208
f 209 210 260
f 260 259 209
f 210 211 261
f 261 260 210
f 211 212 262
f 262 261 211
f 212 213 263
f 263 262 212
f 213 214 264
f 264 263 213
f 214 215 265
f 265 264 214
f 215 216 266
f 266 265 215
f 216 217 267
f 267 266 216
f 217 218 268
f 268 267 217
f 218 219 269
f 269 268 218
f 219 220 270
f 270 269 219
f 220 221 271
f 271 270 220
f 221 222 272
f 272 271 221
f 222 223 273
f 273 272 222
f 223 224 274
f 274 273 223
f 224 225 275
f 275 274 224
f 225 226 276
f 276 275 225
f 226 227 277
f 277 276 226
f 227 228 278
f 278 277 227
f 228 229 279
f 279 278 228
f 229 230 280
f 280 279 229
f 230 231 281
f 281 280 230
f 231 232 282
f 282 281 231
f 232 233 283
f 283 282 232
f 233 234 284
f 284 283 233
f 234 235 285
f 285 284 234
f 235 236 286
f 286 285 235
f 236 237 287
f 287 286 236
f 237 238 288
f 288 287 237
f 238 239 289
f 289 288 238
f 239 240 290
f 290 289 239
f 240 241 291
f 291 290 240
f 241 242 292
f 292 291 241
f 242 243 293
f 293 292 242
f 243 244 294
f 294 293 243
f 244 245 295
f 295 294 244
f 245 246 296
f 296 295 245
f 246 247 297
f 297 296 246
f 247 248 298
f 298 297 247
f 248 249 299
f 299 298 248
f 249 250 300
f 300 299 249
f 250 201 251
f 251 300 250
f 251 252 302
f 302 301 251
f 252 253 303
f 303 302 252
f 253 254 304
f 304 303 253
f 254 255 305
f 305 304 254
f 255 256 306
f 306 305 255
f 256 257 307
f 307 306 256
f 257 258 308
f 308 307 257
f 258 259 309
f 309 308 258
f 259 260 310
f 310 309 259
f 260 261 311
f 311 310 260
f 261 262 312
f 312 311 261
f 262 263 313
f 313 312 262
f 263 264 314
f 314 313 263
f 264 265 315
f 315 314 264
f 265 266 316
f 316 315 265
f 266 267 317
f 317 316 266
f 267 268 318
f 318 317 267
f 268 269 319
f 319 318 268
f 269 270 320
f 320 319 269
f 270 271 321
f 321 320 270
f 271 272 322
f 322 321 271
f 272 273 323
f 323 322 272
f 273 274 324
f 324 323 273
f 274 275 325
f 325 324 274
f 275 276 326
f 326 325 275
f 276 277 327
f 327 326 276
f 277 278 328
f 328 327 277
f 278 279 329
f 329 328 278
f 279 280 330
f 330 329 279
f 280 281 331
f 331 330 280
f 281 282 332
f 332 331 281
f 282 283 333
f 333 332 282
f 283 284 334
f 334 333 283
f 284 285 335
f 335 334 284
f 285 286 336
f 336 335 285
f 286 287 337
f 337 336 286
f 287 288 338
f 338 337 287
f 288 289 339
f 339 338 288
f 289 290 340
f 340 339 289
f 290 291 341
f 341 340 290
f 291 292 342
f 342 341 291
f 292 293 343
f 343 342 292
f 293 294 344
f 344 343 293
f 294 295 345
f 345 344 294
f 295 296 346
f 346 345 295
f 296 297 347
f 347 346 296
f 297 298 348
f 348 347 297
f 298 299 349
f 349 348 298
f 299 300 350
f 350 349 299
f 300 251 301
f 301 350 300
f 301 302 352
f 352 351 301
f 302 303 353
f 353 352 302
f 303 304 354
f 354 353 303
f 304 305 355
f 355 354 304
f 305 306 356
f 356 355 305
f 306 307 357
f 357 356 306
f 307 308 358
f 358 357 307
f 308 309 359
f 359 358 308
f 309 310 360
f 360 359 309
f 310 311 361
f 361 360 310
f 311 312 362
f 362 361 311
f 312 313 363
f 363 362 312
f 313 314 364
f 364 363 313
f 314 315 365
f 365 364 314
f 315 316 366
f 366 365 315
f 316 317 367
f 367 366 316
f 317 318 368
f 368 367 317
f 318 319 369
f 369 368 318
f 319 320 370
f 370 369 319
f 320 321 371
f 371 370 320
f 321 322 372
f 372 371 321
f 322 323 373
f 373 372 322
f 323 324 374
f 374 373 323
f 324 325 375
f 375 374 324
f 325 326 376
f 376 375 325
f 326 327 377
f 377 376 326
f 327 328 378
f 378 377 327
f 328 329 379
f 379 378 328
f 329 330 380
f 380 379 329
f 330 331 381
f 381 380 330
f 331 332 382
f 382 381 331
f 332 333 383
f 383 382 332
f 333 334 384
f 384 383 333
f 334 335 385
f 385 384 334
f 335 336 386
f 386 385 335
f 336 337 387
f 387 386 336
f 337 338 388
f 388 387 337
f 338 339 389
f 389 388 338
f 339 340 390
f 390 389 339
f 340 341 391
f 391 390 340
f 341 342 392
f 392 391 341
f 342 343 393
f 393 392 342
f 343 344 394
f 394 393 343
f 344 345 395
f 395 394 344
f 345 346 396
f 396 395 345
f 346 347 397
f 397 396 346
f 347 348 398
f 398 397 347
f 348 349 399
f 399 398 348
f 349 350 400
f 400 399 349
f 350 301 351
f 351 400 350
f 351 352 402
f 402 401 351
f 352 353 403
f 403 402 352
f 353 354 404
f 404 403 353
f 354 355 405
f 405 404 354
f 355 356 406
f 406 405 355
f 356 357 407
f 407 406 356
f 357 358 408
f 408 407 357
f 358 359 409
f 409 408 358
f 359 360 410
f 410 409 359
f 360 361 411
f 411 410 360
f 361 362 412
f 412 411 361
f 362 363 413
f 413 412 362
f 363 364 414
f 414 413 363
f 364 365 415
f 415 414 364
f 365 366 416
f 416 415 365
f 366 367 417
f 417 416 366
f 367 368 418
f 418 417 367
f 368 369 419
f 419 418 368
f 369 370 420
f 420 419 369
f 370 371 421
f 421 420 370
f 371 372 422
f 422 421 371
f 372 373 423
f 423 422 372
f 373 374 424
f 424 423 373
f 374 375 425
f 425 424 374
f 375 376 426
f 426 425 375
f 376 377 427
f 427 426 376
f 377 378 428
f 428 427 377
f 378 379 429
f 429 428 378
f 379 380 430
f 430 429 379
f 380 381 431
f 431 430 380
f 381 382 432
f 432 431 381
f 382 383 433
f 433 432 382
f 383 384 434
f 434 433 383
f 384 385 435
f 435 434 384
f 385 386 436
f 436 435 385
f 386 387 437
f 437 436 386
f 387 388 438
f 438 437 387
f 388 389 439
f 439 438 388
f 389 390 440
f 440 439 389
f 390 391 441
f 441 440 390
f 391 392 442
f 442 441 391
f 392 393 443
f 443 442 392
f 393 394 444
f 444 443 393
f 394 395 445
f 445 444 394
f 395 396 446
f 446 445 395
f 396 397 447
f 447 446 396
f 397 398 448
f 448 447 397
f 398 399 449
f 449 448 398
f 399 400 450
f 450 449 399
f 400 351 401
f 401 450 400
f 401 402 452
f 452 451 401
f 402 403 453
f 453 452 402
f 403 404 454
f 454 453 403
f 404 405 455
f 455 454 404
f 405 406 456
f 456 455 405
f 406 407 457
f 457 456 406
f 407 408 458
f 458 457 407
f 408 409 459
f 459 458 408
f 409 410 460
f 460 459 409
f 410 411 461
f 461 460 410
f 411 412 462
f 462 461 411
f 412 413 463
f 463 462 412
f 413 414 464
f 464 463 413
f 414 415 465
f 465 464 414
f 415 416 466
f 466 465 415
f 416 417 467
f 467 466 416
f 417 418 468
f 468 467 417
f 418 419 469
f 469 468 418
f 419 420 470
f 470 469 419
f 420 421 471
f 471 470 420
f 421 422 472
f 472 471 421
f 422 423 473
f 473 472 422
f 423 424 474
f 474 473 423
f 424 425 475
f 475 474 424
f 425 426 476
f 476 475 425
f 426 427 477
f 477 476 426
f 427 428 478
f 478 477 427
f 428 429 479
f 479 478 428
f 429 430 480
f 480 479 429
f 430 431 481
f 481 480 430
f 431 432 482
f 482 481 431
f 432 433 483
f 483 482 432
f 433 434 484
f 484 483 433
f 434 435 485
f 485 484 434
f 435 436 486
f 486 485 435
f 436 437 487
f 487 486 436
f 437 438 488
f 488 487 437
f 438 439 489
f 489 488 438
f 439 440 490
f 490 489 439
f 440 441 491
f 491 490 440
f 441 442 492
f 492 491 441
f 442 443 493
f 493 492 442
f 443 444 494
f 494 493 443
f 444 445 495
f 495 494 444
f 445 446 496
f 496 495 445
f 446 447 497
f 497 496 446
f 447 448 498
f 498 497 447
f 448 449 499
f 499 498 448
f 449 450 500
f 500 499 449
f 450 401 451
f 451 500 450
f 451 452 502
f 502 501 451
f 452 453 503
f 503 502 452
f 453 454 504
f 504 503 453
f 454 455 505
f 505 504 454
f 455 456 506
f 506 505 455
f 456 457 507
f 507 506 456
f 457 458 508
f 508 507 457
f 458 459 509
f 509 508 458
f 459 460 510
f 510 509 459
f 460 461 511
f 511 510 460
f 461 462 512
f 512 511 461
f 462 463 513
f 513 512 462
f 463 464 514
f 514 513 463
f 464 465 515
f 515 514 464
f 465 466 516
f 516 515 465
f 466 467 517
f 517 516 466
f 467 468 518
f 518 517 467
f 468 469 519
f 519 518 468
f 469 470 520
f 520 519 469
f 470 471 521
f 521 520 470
f 471 472 522
f 522 521 471
f 472 473 523
f 523 522 472
f 473 474 524
f 524 523 473
f 474 475 525
f 525 524 474
f 475 476 526
f 526 525 475
f 476 477 527
f 527 526 476
f 477 478 528
f 528 527 477
f 478 479 529
f 529 528 478
f 479 480 530
f 530 529 479
f 480 481 531
f 531 530 480
f 481 482 532
f 532 531 481
f 482 483 533
f 533 532 482
f 483 484 534
f 534 533 483
f 484 485 535
f 535 534 484
f 485 486 536
f 536 535 485
f 486 487 537
f 537 536 486
f 487 488 538
f 538 537 487
f 488 489 539
f 539 538 488
f 489 490 540
f 540 539 489
f 490 491 541
f 541 540 490
f 491 492 542
f 542 541 491
f 492 493 543
f 543 542 492
f 493 494 544
f 544 543 493
f 494 495 545
f 545 544 494
f 495 496 546
f 546 545 495
f 496 497 547
f 547 546 496
f 497 498 548
f 548 547 497
f 498 499 549
f 549 548 498
f 499 500 550
f 550 549 499
f 500 451 501
f 501 550 500
f 501 502 552
f 552 551 501
f 502 503 553
f 553 552 502
f 503 504 554
f 554 553 503
f 504 505 555
f 555 554 504
f 505 506 556
f 556 555 505
f 506 507 557
f 557 556 506
f 507 508 558
f 558 557 507
f 508 509 559
f 559 558 508
f 509 510 560
f 560 559 509
f 510 511 561
f 561 560 510
f 511 512 562
f 562 561 511
f 512 513 563
f 563 562 512
f 513 514 564
f 564 563 513
f 514 515 565
f 565 564 514
f 515 516 566
f 566 565 515
f 516 517 567
f 567 566 516
f 517 518 568
f 568 567 517
f 518 519 569
f 569 568 518
f 519 520 570
f 570 569 519
f 520 521 571
f 571 570 520
f 521 522 572
f 572 571 521
f 522 523 573
f 573 572 522
f 523 524 574
f 574 573 523
f 524 525 575
f 575 574 524
f 525 526 576
f 576 575 525
f 526 527 577
f 577 576 526
f 527 528 578
f 578 577 527
f 528 529 579
f 579 578 528
f 529 530 580
f 580 579 529
f 530 531 581
f 581 580 530
f 531 532 582
f 582 581 531
f 532 533 583
f 583 582 532
f 533 534 584
f 584 583 533
f 534 535 585
f 585 584 534
f 535 536 586
f 586 585 535
f 536 537 587
f 587 586 536
f 537 538 588
f 588 587 537
f 538 539 589
f 589 588 538
f 539 540 590
f 590 589 539
f 540 541 591
f 591 590 540
f 541 542 592
f 592 591 541
f 542 543 593
f 593 592 542
f 543 544 594
f 594 593 543
f 544 545 595
f 595 594 544
f 545 546 596
f 596 595 545
f 546 547 597
f 597 596 546
f 547 548 598
f 598 597 547
f 548 549 599
f 599 598 548
f 549 550 600
f 600 599 549
f 550 501 551
f 551 600 550
f 551 552 602
f 602 601 551
f 552 553 603
f 603 602 552
f 553 554 604
f 604 603 553
f 554 555 605
f 605 604 554
f 555 556 606
f 606 605 555
f 556 557 607
f 607 606 556
f 557 558 608
f 608 607 557
f 558 559 609
f 609 608 558
f 559 560 610
f 610 609 559
f 560 561 611
f 611 610 560
f 561 562 612
f 612 611 561
f 562 563 613
f 613 612 562
f 563 564 614
f 614 613 563
f 564 565 615
f 615 614 564
f 565 566 616
f 616 615 565
f 566 567 617
f 617 616 566
f 567 568 618
f 618 617 567
f 568 569 619
f 619 618 568
f 569 570 620
f 620 619 569
f 570 571 621
f 621 620 570
f 571 572 622
f 622 621 571
f 572 573 623
f 623 622 572
f 573 574 624
f 624 623 573
f 574 575 625
f 625 624 574
f 575 576 626
f 626 625 575
f 576 577 627
f 627 626 576
f 577 578 628
f 628 627 577
f 578 579 629
f 629 628 578
f 579 580 630
f 630 629 579
f 580 581 631
f 631 630 580
f 581 582 632
f 632 631 581
f 582 583 633
f 633 632 582
f 583 584 634
f 634 633 583
f 584 585 635
f 635 634 584
f 585 586 636
f 636 635 585
f 586 587 637
f 637 636 586
f 587 588 638
f 638 637 587
f 588 589 639
f 639 638 588
f 589 590 640
f 640 639 589
f 590 591 641
f 641 640 590
f 591 592 642
f 642 641 591
f 592 593 643
f 643 642 592
f 593 594 644
f 644 643 593
f 594 595 645
f 645 644 594
f 595 596 646
f 646 645 595
f 596 597 647
f 647 646 596
f 597 598 648
f 648 647 597
f 598 599 649
f 649 648 598
f 599 600 650
f 650 649 599
f 600 551 601
f 601 650 600
f 601 602 652
f 652 651 601
f 602 603 653
f 653 652 602
f 603 604 654
f 654 653 603
f 604 605 655
f 655 654 604
f 605 606 656
f 656 655 605
f 606 607 657
f 657 656 606
f 607 608 658
f 658 657 607
f 608 609 659
f 659 658 608
f 609 610 660
f 660 659 609
f 610 611 661
f 661 660 610
f 611 612 662
f 662 661 611
f 612 613 663
f 663 662 612
f 613 614 664
f 664 663 613
f 614 615 665
f 665 664 614
f 615 616 666
f 666 665 615
f 616 617 667
f 667 666 616
f 617 618 668
f 668 667 617
f 618 619 669
f 669 668 618
f 619 620 670
f 670 669 619
f 620 621 671
f 671 670 620
f 621 622 672
f 672 671 621
f 622 623 673
f 673 672 622
f 623 624 674
f 674 673 623
f 624 625 675
f 675 674 624
f 625 626 676
f 676 675 625
f 626 627 677
f 677 676 626
f 627 628 678
f 678 677 627
f 628 629 679
f 679 678 628
f 629 630 680
f 680 679 629
f 630 631 681
f 681 680 630
f 631 632 682
f 682 681 631
f 632 633 683
f 683 682 632
f 633 634 684
f 684 683 633
f 634 635 685
f 685 684 634
f 635 636 686
f 686 685 635
f 636 637 687
f 687 686 636
f 637 638 688
f 688 687 637
f 638 639 689
f 689 688 638
f 639 640 690
f 690 689 639
f 640 641 691
f 691 690 640
f 641 642 692
f 692 691 641
f 642 643 693
f 693 692 642
f 643 644 694
f 694 693 643
f 644 645 695
f 695 694 644
f 645 646 696
f 696 695 645
f 646 647 697
f 697 696 646
f 647 648 698
f 698 697 647
f 648 649 699
f 699 698 648
f 649 650 700
f 700 699 649
f 650 601 651
f 651 700 650
f 651 652 702
f 702 701 651
f 652 653 703
f 703 702 652
f 653 654 704
f 704 703 653
f 654 655 705
f 705 704 654
f 655 656 706
f 706 705 655
f 656 657 707
f 707 706 656
f 657 658 708
f 708 707 657
f 658 659 709
f 709 708 658
f 659 660 710
f 710 709 659
f 660 661 711
f 711 710 660
f 661 662 712
f 712 711 661
f 662 663 713
f 713 712 662
f 663 664 714
f 714 713 663
f 664 665 715
f 715 714 664
f 665 666 716
f 716 715 665
f 666 667 717
f 717 716 666
f 667 668 718
f 718 717 667
f 668 669 719
f 719 718 668
f 669 670 720
f 720 719 669
f 670 671 721
f 721 720 670
f 671 672 722
f 722 721 671
f 672 673 723
f 723 722 672
f 673 674 724
f 724 723 673
f 674 675 725
f 725 724 674
f 675 676 726
f 726 725 675
f 676 677 727
f 727 726 676
f 677 678 728
f 728 727 677
f 678 679 729
f 729 728 678
f 679 680 730
f 730 729 679
f 680 681 731
f 731 730 680
f 681 682 732
f 732 731 681
f 682 683 733
f 733 732 682
f 683 684 734
f 734 733 683
f 684 685 735
f 735 734 684
f 685 686 736
f 736 735 685
f 686 687 737
f 737 736 686
f 687 688 738
f 738 737 687
f 688 689 739
f 739 738 688
f 689 690 740
f 740 739 689
f 690 691 741
f 741 740 690
f 691 692 742
f 742 741 691
f 692 693 743
f 743 742 692
f 693 694 744
f 744 743 693
f 694 695 745
f 745 744 694
f 695 696 746
f 746 745 695
f 696 697 747
f 747 746 696
f 697 698 748
f 748 747 697
f 698 699 749
f 749 748 698
f 699 700 750
f 750 749 699
f 700 651 701
f 701 750 700
f 701 702 752
f 752 751 701
f 702 703 753
f 753 752 702
f 703 704 754
f 754 753 703
f 704 705 755
f 755 754 704
f 705 706 756
f 756 755 705
f 706 707 757
f 757 756 706
f 707 708 758
f 758 757 707
f 708 709 759
f 759 758 708
f 709 710 760
f 760 759 709
f 710 711 761
f 761 760 710
f 711 712 762
f 762 761 711
f 712 713 763
f 763 762 712
f 713 714 764
f 764 763 713
f 714 715 765
f 765 764 714
f 715 716 766
f 766 765 715
f 716 717 767
f 767 766 716
f 717 718 768
f 768 767 717
f 718 719 769
f 769 768 718
f 719 720 770
f 770 769 719
f 720 721 771
f 771 770 720
f 721 722 772
f 772 771 721
f 722 723 773
f 773 772 722
f 723 724 774
f 774 773 723
f 724 725 775
f 775 774 724
f 725 726 776
f 776 775 725
f 726 727 777
f 777 776 726
f 727 728 778
f 778 777 727
f 728 729 779
f 779 778 728
f 729 730 780
f 780 779 729
f 730 731 781
f 781 780 730
f 731 732 782
f 782 781 731
f 732 733 783
f 783 782 732
f 733 734 784
f 784 783 733
f 734 735 785
f 785 784 734
f 735 736 786
f 786 785 735
f 736 737 787
f 787 786 736
f 737 738 788
f 788 787 737
f 738 739 789
f 789 788 738
f 739 740 790
f 790 789 739
f 740 741 791
f 791 790 740
f 741 742 792
f 792 791 741
f 742 743 793
f 793 792 742
f 743 744 794
f 794 793 743
f 744 745 795
f 795 794 744
f 745 746 796
f 796 795 745
f 746 747 797
f 797 796 746
f 747 748 798
f 798 797 747
f 748 749 799
f 799 798 748
f 749 750 800
f 800 799 749
f 750 701 751
f 751 800 750
f 751 752 802
f 802 801 751
f 752 753 803
f 803 802 752
f 753 754 804
f 804 803 753
f 754 755 805
f 805 804 754
f 755 756 806
f 806 805 755
f 756 757 807
f 807 806 756
f 757 758 808
f 808 807 757
f 758 759 809
f 809 808 758
f 759 760 810
f 810 809 759
f 760 761 811
f 811 810 760
f 761 762 812
f 812 811 761
f 762 763 813
f 813 812 762
f 763 764 814
f 814 813 763
f 764 765 815
f 815 814 764
f 765 766 816
f 816 815 765
f 766 767 817
f 817 816 766
f 767 768 818
f 818 817 767
f 768 769 819
f 819 818 768
f 769 770 820
f 820 819 769
f 770 771 821
f 821 820 770
f 771 772 822
f 822 821 771
f 772 773 823
f 823 822 772
f 773 774 824
f 824 823 773
f 774 775 825
f 825 824 774
f 775 776 826
f 826 825 775
f 776 777 827
f 827 826 776
f 777 778 828
f 828 827 777
f 778 779 829
f 829 828 778
f 779 780 830
f 830 829 779
f 780 781 831
f 831 830 780
f 781 782 832
f 832 831 781
f 782 783 833
f 833 832 782
f 783 784 834
f 834 833 783
f 784 785 835
f 835 834 784
f 785 786 836
f 836 835 785
f 786 787 837
f 837 836 786
f 787 788 838
f 838 837 787
f 788 789 839
f 839 838 788
f 789 790 840
f 840 839 789
f 790 791 841
f 841 840 790
f 791 792 842
f 842 841 791
f 792 793 843
f 843 842 792
f 793 794 844
f 844 843 793
f 794 795 845
f 845 844 794
f 795 796 846
f 846 845 795
f 796 797 847
f 847 846 796
f 797 798 848
f 848 847 797
f 798 799 849
f 849 848 798
f 799 800 850
f 850 849 799
f 800 751 801
f 801 850 800
f 801 802 852
f 852 851 801
f 802 803 853
f 853 852 802
f 803 804 854
f 854 853 803
f 804 805 855
f 855 854 804
f 805 806 856
f 856 855 805
f 806 807 857
f 857 856 806
f 807 808 858
f 858 857 807
f 808 809 859
f 859 858 808
f 809 810 860
f 860 859 809
f 810 811 861
f 861 860 810
f 811 812 862
f 862 861 811
f 812 813 863
f 863 862 812
f 813 814 864
f 864 863 813
f 814 815 865
f 865 864 814
f 815 816 866
f 866 865 815
f 816 817 867
f 867 866 816
f 817 818 868
f 868 867 817
f 818 819 869
f 869 868 818
f 819 820 870
f 870 869 819
f 820 821 871
f 871 870 820
f 821 822 872
f 872 871 821
f 822 823 873
f 873 872 822
f 823 824 874
f 874 873 823
f 824 825 875
f 875 874 824
f 825 826 876
f 876 875 825
f 826 827 877
f 877 876 826
f 827 828 878
f 878 877 827
f 828 829 879
f 879 878 828
f 829 830 880
f 880 879 829
f 830 831 881
f 881 880 830
f 831 832 882
f 882 881 831
f 832 833 883
f 883 882 832
f 833 834 884
f 884 883 833
f 834 835 885
f 885 884 834
f 835 836 886
f 886 885 835
f 836 837 887
f 887 886 836
f 837 838 888
f 888 887 837
f 838 839 889
f 889 888 838
f 839 840 890
f 890 889 839
f 840 841 891
f 891 890 840
f 841 842 892
f 892 891 841
f 842 843 893
f 893 892 842
f 843 844 894
f 894 893 843
f 844 845 895
f 895 894 844
f 845 846 896
f 896 895 845
f 846 847 897
f 897 896 846
f 847 848 898
f 898 897 847
f 848 849 899
f 899 898 848
f 849 850 900
f 900 899 849
f 850 801 851
f 851 900 850
f 851 852 902
f 902 901 851
f 852 853 903
f 903 902 852
f 853 854 904
f 904 903 853
f 854 855 905
f 905 904 854
f 855 856 906
f 906 905 855
f 856 857 907
f 907 906 856
f 857 858 908
f 908 907 857
f 858 859 909
f 909 908 858
f 859 860 910
f 910 909 859
f 860 861 911
f 911 910 860
f 861 862 912
f 912 911 861
f 862 863 913
f 913 912 862
f 863 864 914
f 914 913 863
f 864 865 915
f 915 914 864
f 865 866 916
f 916 915 865
f 866 867 917
f 917 916 866
f 867 868 918
f 918 917 867
f 868 869 919
f 919 918 868
f 869 870 920
f 920 919 869
f 870 871 921
f 921 920 870
f 871 872 922
f 922 921 871
f 872 873 923
f 923 922 872
f 873 874 924
f 924 923 873
f 874 875 925
f 925 924 874
f 875 876 926
f 926 925 875
f 876 877 927
f 927 926 876
f 877 878 928
f 928 927 877
f 878 879 929
f 929 928 878
f 879 880 930
f 930 929 879
f 880 881 931
f 931 930 880
f 881 882 932
f 932 931 881
f 882 883 933
f 933 932 882
f 883 884 934
f 934 933 883
f 884 885 935
f 935 934 884
f 885 886 936
f 936 935 885
f 886 887 937
f 937 936 886
f 887 888 938
f 938 937 887
f 888 889 939
f 939 938 888
f 889 890 940
f 940 939 889
f 890 891 941
f 941 940 890
f 891 892 942
f 942 941 891
f 892 893 943
f 943 942 892
f 893 894 944
f 944 943 893
f 894 895 945
f 945 944 894
f 895 896 946
f 946 945 895
f 896 897 947
f 947 946 896
f 897 898 948
f 948 947 897
f 898 899 949
f 949 948 898
f 899 900 950
f 950 949 899
f 900 851 901
f 901 950 900
f 901 902 952
f 952 951 901
f 902 903 953
f 953 952 902
f 903 904 954
f 954 953 903
f 904 905 955
f 955 954 904
f 905 906 956
f 956 955 905
f 906 907 957
f 957 956 906
f 907 908 958
f 958 957 907
f 908 909 959
f 959 958 908
f 909 910 960
f 960 959 909
f 910 911 961
f 961 960 910
f 911 912 962
f 962 961 911
f 912 913 963
f 963 962 912
f 913 914 964
f 964 963 913
f 914 915 965
f 965 964 914
f 915 916 966
f 966 965 915
f 916 917 967
f 967 966 916
f 917 918 968
f 968 967 917
f 918 919 969
f 969 968 918
f 919 920 970
f 970 969 919
f 920 921 971
f 971 970 920
f 921 922 972
f 972 971 921
f 922 923 973
f 973 972 922
f 923 924 974
f 974 973 923
f 924 925 975
f 975 974 924
f 925 926 976
f 976 975 925
f 926 927 977
f 977 976 926
f 927 928 978
f 978 977 927
f 928 929 979
f 979 978 928
f 929 930 980
f 980 979 929
f 930 931 981
f 981 980 930
f 931 932 982
f 982 981 931
f 932 933 983
f 983 982 932
f 933 934 984
f 984 983 933
f 934 935 985
f 985 984 934
f 935 936 986
f 986 985 935
f 936 937 987
f 987 986 936
f 937 938 988
f 988 987 937
f 938 939 989
f 989 988 938
f 939 940 990
f 990 989 939
f 940 941 991
f 991 990 940
f 941 942 992
f 992 991 941
f 942 943 993
f 993 992 942
f 943 944 994
f 994 993 943
f 944 945 995
f 995 994 944
f 945 946 996
f 996 995 945
f 946 947 997
f 997 996 946
f 947 948 998
f 998 997 947
f 948 949 999
f 999 998 948
f 949 950 1000
f 1000 999 949
f 950 901 951
f 951 1000 950
f 951 952 1002
f 1002 1001 951
f 952 953 1003
f 1003 1002 952
f 953 954 1004
f 1004 1003 953
f 954 955 1005
f 1005 1004 954
f 955 956 1006
f 1006 1005 955
f 956 957 1007
f 1007 1006 956
f 957 958 1008
f 1008 1007 957
f 958 959 1009
f 1009 1008 958
f 959 960 1010
f 1010 1009 959
f 960 961 1011
f 1011 1010 960
f 961 962 1012
f 1012 1011 961
f 962 963 1013
f 1013 1012 962
f 963 964 1014
f 1014 1013 963
f 964 965 1015
f 1015 1014 964
f 965 966 1016
f 1016 1015 965
f 966 967 1017
f 1017 1016 966
f 967 968 1018
f 1018 1017 967
f 968 969 1019
f 1019 1018 968
f 969 970 1020
f 1020 1019 969
f 970 971 1021
f 1021 1020 970
f 971 972 1022
f 1022 1021 971
f 972 973 1023
f 1023 1022 972
f 973 974 1024
f 1024 1023 973
f 974 975 1025
f 1025 1024 974
f 975 976 1026
f 1026 1025 975
f 976 977 1027
f 1027 1026 976
f 977 978 1028
f 1028 1027 977
f 978 979 1029
f 1029 1028 978
f 979 980 1030
f 1030 1029 979
f 980 981 1031
f 1031 1030 980
f 981 982 1032
f 1032 1031 981
f 982 983 1033
f 1033 1032 982
f 983 984 1034
f 1034 1033 983
f 984 985 1035
f 1035 1034 984
f 985 986 1036
f 1036 1035 985
f 986 987 1037
f 1037 1036 986
f 987 988 1038
f 1038 1037 987
f 988 989 1039
f 1039 1038 988
f 989 990 1040
f 1040 1039 989
f 990 991 1041
f 1041 1040 990
f 991 992 1042
f 1042 1041 991
f 992 993 1043
f 1043 1042 992
f 993 994 1044
f 1044 1043 993
f 994 995 1045
f 1045 1044 994
f 995 996 1046
f 1046 1045 995
f 996 997 1047
f 1047 1046 996
f 997 998 1048
f 1048 1047 997
f 998 999 1049
f 1049 1048 998
f 999 1000 1050
f 1050 1049 999
f 1000 951 1001
f 1001 1050 1000
f 1001 1002 1052
f 1052 1051 1001
f 1002 1003 1053
f 1053 1052 1002
f 1003 1004 1054
f 1054 1053 1003
f 1004 1005 1055
f 1055 1054 1004
f 1005 1006 1056
f 1056 1055 1005
f 1006 1007 1057
f 1057 1056 1006
f 1007 1008 1058
f 1058 1057 1007
f 1008 1009 1059
f 1059 1058 1008
f 1009 1010 1060
f 1060 1059 1009
f 1010 1011 1061
f 1061 1060 1010
f 1011 1012 1062
f 1062 1061 1011
f 1012 1013 1063
f 1063 1062 1012
f 1013 1014 1064
f 1064 1063 1013
f 1014 1015 1065
f 1065 1064 1014
f 1015 1016 1066
f 1066 1065 1015
f 1016 1017 1067
f 1067 1066 1016
f 1017 1018 1068
f 1068 1067 1017
f 1018 1019 1069
f 1069 1068 1018
f 1019 1020 1070
f 1070 1069 1019
f 1020 1021 1071
f 1071 1070 1020
f 1021 1022 1072
f 1072 1071 1021
f 1022 1023 1073
f 1073 1072 1022
f 1023 1024 1074
f 1074 1073 1023
f 1024 1025 1075
f 1075 1074 1024
f 1025 1026 1076
f 1076 1075 1025
f 1026 1027 1077
f 1077 1076 1026
f 1027 1028 1078
f 1078 1077 1027
f 1028 1029 1079
f 1079 1078 1028
f 1029 1030 1080
f 1080 1079 1029
f 1030 1031 1081
f 1081 1080 1030
f 1031 1032 1082
f 1082 1081 1031
f 1032 1033 1083
f 1083 1082 1032
f 1033 1034 1084
f 1084 1083 1033
f 1034 1035 1085
f 1085 1084 1034
f 1035 1036 1086
f 1086 1085 1035
f 1036 1037 1087
f 1087 1086 1036
f 1037 1038 1088
f 1088 1087 1037
f 1038 1039 1089
f 1089 1088 1038
f 1039 1040 1090
f 1090 1089 1039
f 1040 1041 1091
f 1091 1090 1040
f 1041 1042 1092
f 1092 1091 1041
f 1042 1043 1093
f 1093 1092 1042
f 1043 1044 1094
f 1094 1093 1043
f 1044 1045 1095
f 1095 1094 1044
f 1045 1046 1096
f 1096 1095 1045
f 1046 1047 1097
f 1097 1096 1046
f 1047 1048 1098
f 1098 1097 1047
f 1048 1049 1099
f 1099 1098 1048
f 1049 1050 1100
f 1100 1099 1049
f 1050 1001 1051
f 1051 1100 1050
f 1051 1052 1102
f 1102 1101 1051
f 1052 1053 1103
f 1103 1102 1052
f 1053 1054 1104
f 1104 1103 1053
f 1054 1055 1105
f 1105 1104 1054
f 1055 1056 1106
f 1106 1105 1055
f 1056 1057 1107
f 1107 1106 1056
f 1057 1058 1108
f 1108 1107 1057
f 1058 1059 1109
f 1109 1108 1058
f 1059 1060 1110
f 1110 1109 1059
f 1060 1061 1111
f 1111 1110 1060
f 1061 1062 1112
f 1112 1111 1061
f 1062 1063 1113
f 1113 1112 1062
f 1063 1064 1114
f 1114 1113 1063
f 1064 1065 1115
f 1115 1114 1064
f 1065 1066 1116
f 1116 1115 1065
f 1066 1067 1117
f 1117 1116 1066
f 1067 1068 1118
f 1118 1117 1067
f 1068 1069 1119
f 1119 1118 1068
f 1069 1070 1120
f 1120 1119 1069
f 1070 1071 1121
f 1121 1120 1070
f 1071 1072 1122
f 1122 1121 1071
f 1072 1073 1123
f 1123 1122 1072
f 1073 1074 1124
f 1124 1123 1073
f 1074 1075 1125
f 1125 1124 1074
f 1075 1076 1126
f 1126 1125 1075
f 1076 1077 1127
f 1127 1126 1076
f 1077 1078 1128
f 1128 1127 1077
f 1078 1079 1129
f 1129 1128 1078
f 1079 1080 1130
f 1130 1129 1079
f 1080 1081 1131
f 1131 1130 1080
f 1081 1082 1132
f 1132 1131 1081
f 1082 1083 1133
f 1133 1132 1082
f 1083 1084 1134
f 1134 1133 1083
f 1084 1085 1135
f 1135 1134 1084
f 1085 1086 1136
f 1136 1135 1085
f 1086 1087 1137
f 1137 1136 1086
f 1087 1088 1138
f 1138 1137 1087
f 1088 1089 1139
f 1139 1138 1088
f 1089 1090 1140
f 1140 1139 1089
f 1090 1091 1141
f 1141 1140 1090
f 1091 1092 1142
f 1142 1141 1091
f 1092 1093 1143
f 1143 1142 1092
f 1093 1094 1144
f 1144 1143 1093
f 1094 1095 1145
f 1145 1144 1094
f 1095 1096 1146
f 1146 1145 1095
f 1096 1097 1147
f 1147 1146 1096
f 1097 1098 1148
f 1148 1147 1097
f 1098 1099 1149
f 1149 1148 1098
f 1099 1100 1150
f 1150 1149 1099
f 1100 1051 1101
f 1101 1150 1100
f 1101 1102 1152
f 1152 1151 1101
f 1102 1103 1153
f 1153 1152 1102
f 1103 1104 1154
f 1154 1153 1103
f 1104 1105 1155
f 1155 1154 1104
f 1105 1106 1156
f 1156 1155 1105
f 1106 1107 1157
f 1157 1156 1106
f 1107 1108 1158
f 1158 1157 1107
f 1108 1109 1159
f 1159 1158 1108
f 1109 1110 1160
f 1160 1159 1109
f 1110 1111 1161
f 1161 1160 1110
f 1111 1112 1162
f 1162 1161 1111
f 1112 1113 1163
f 1163 1162 1112
f 1113 1114 1164
f 1164 1163 1113
f 1114 1115 1165
f 1165 1164 1114
f 1115 1116 1166
f 1166 1165 1115
f 1116 1117 1167
f 1167 1166 1116
f 1117 1118 1168
f 1168 1167 1117
f 1118 1119 1169
f 1169 1168 1118
f 1119 1120 1170
f 1170 1169 1119
f 1120 1121 1171
f 1171 1170 1120
f 1121 1122 1172
f 1172 1171 1121
f 1122 1123 1173
f 1173 1172 1122
f 1123 1124 1174
f 1174 1173 1123
f 1124 1125 1175
f 1175 1174 1124
f 1125 1126 1176
f 1176 1175 1125
f 1126 1127 1177
f 1177 1176 1126
f 1127 1128 1178
f 1178 1177 1127
f 1128 1129 1179
f 1179 1178 1128
f 1129 1130 1180
f 1180 1179 1129
f 1130 1131 1181
f 1181 1180 1130
f 1131 1132 1182
f 1182 1181 1131
f 1132 1133 1183
f 1183 1182 1132
f 1133 1134 1184
f 1184 1183 1133
f 1134 1135 1185
f 1185 1184 1134
f 1135 1136 1186
f 1186 1185 1135
f 1136 1137 1187
f 1187 1186 1136
f 1137 1138 1188
f 1188 1187 1137
f 1138 1139 1189
f 1189 1188 1138
f 1139 1140 1190
f 1190 1189 1139
f 1140 1141 1191
f 1191 1190 1140
f 1141 1142 1192
f 1192 1191 1141
f 1142 1143 1193
f 1193 1192 1142
f 1143 1144 1194
f 1194 1193 1143
f 1144 1145 1195
f 1195 1194 1144
f 1145 1146 1196
f 1196 1195 1145
f 1146 1147 1197
f 1197 1196 1146
f 1147 1148 1198
f 1198 1197 1147
f 1148 1149 1199
f 1199 1198 1148
f 1149 1150 1200
f 1200 1199 1149
f 1150 1101 1151
f 1151 1200 1150
f 1151 1152 1202
f 1202 1201 1151
f 1152 1153 1203
f 1203 1202 1152
f 1153 1154 1204
f 1204 1203 1153
f 1154 1155 1205
f 1205 1204 1154
f 1155 1156 1206
f 1206 1205 1155
f 1156 1157 1207
f 1207 1206 1156
f 1157 1158 1208
f 1208 1207 1157
f 1158 1159 1209
f 1209 1208 1158
f 1159 1160 1210
f 1210 1209 1159
f 1160 1161 1211
f 1211 1210 1160
f 1161 1162 1212
f 1212 1211 1161
f 1162 1163 1213
f 1213 1212 1162
f 1163 1164 1214
f 1214 1213 1163
f 1164 1165 1215
f 1215 1214 1164
f 1165 1166 1216
f 1216 1215 1165
f 1166 1167 1217
f 1217 1216 1166
f 1167 1168 1218
f 1218 1217 1167
f 1168 1169 1219
f 1219 1218 1168
f 1169 1170 1220
f 1220 1219 1169
f 1170 1171 1221
f 1221 1220 1170
f 1171 1172 1222
f 1222 1221 1171
f 1172 1173 1223
f 1223 1222 1172
f 1173 1174 1224
f 1224 1223 1173
f 1174 1175 1225
f 1225 1224 1174
f 1175 1176 1226
f 1226 1225 1175
f 1176 1177 1227
f 1227 1226 1176
f 1177 1178 1228
f 1228 1227 1177
f 1178 1179 1229
f 1229 1228 1178
f 1179 1180 1230
f 1230 1229 1179
f 1180 1181 1231
f 1231 1230 1180
f 1181 1182 1232
f 1232 1231 1181
f 1182 1183 1233
f 1233 1232 1182
f 1183 1184 1234
f 1234 1233 1183
f 1184 1185 1235
f 1235 1234 1184
f 1185 1186 1236
f 1236 1235 1185
f 1186 1187 1237
f 1237 1236 1186
f 1187 1188 1238
f 1238 1237 1187
f 1188 1189 1239
f 1239 1238 1188
f 1189 1190 1240
f 1240 1239 1189
f 1190 1191 1241
f 1241 1240 1190
f 1191 1192 1242
f 1242 1241 1191
f 1192 1193 1243
f 1243 1242 1192
f 1193 1194 1244
f 1244 1243 1193
f 1194 1195 1245
f 1245 1244 1194
f 1195 1196 1246
f 1246 1245 1195
f 1196 1197 1247
f 1247 1246 1196
f 1197 1198 1248
f 1248 1247 1197
f 1198 1199 1249
f 1249 1248 1198
f 1199 1200 1250
f 1250 1249 1199
f 1200 1151 1201
f 1201 1250 1200
f 1201 1202 1252
f 1252 1251 1201
f 1202 1203 1253
f 1253 1252 1202
f 1203 1204 1254
f 1254 1253 1203
f 1204 1205 1255
f 1255 1254 1204
f 1205 1206 1256
f 1256 1255 1205
f 1206 1207 1257
f 1257 1256 1206
f 1207 1208 1258
f 1258 1257 1207
f 1208 1209 1259
f 1259 1258 1208
f 1209 1210 1260
f 1260 1259 1209
f 1210 1211 1261
f 1261 1260 1210
f 1211 1212 1262
f 1262 1261 1211
f 1212 1213 1263
f 1263 1262 1212
f 1213 1214 1264
f 1264 1263 1213
f 1214 1215 1265
f 1265 1264 1214
f 1215 1216 1266
f 1266 1265 1215
f 1216 1217 1267
f 1267 1266 1216
f 1217 1218 1268
f 1268 1267 1217
f 1218 1219 1269
f 1269 1268 1218
f 1219 1220 1270
f 1270 1269 1219
f 1220 1221 1271
f 1271 1270 1220
f 1221 1222 1272
f 1272 1271 1221
f 1222 1223 1273
f 1273 1272 1222
f 1223 1224 1274
f 1274 1273 1223
f 1224 1225 1275
f 1275 1274 1224
f 1225 1226 1276
f 1276 1275 1225
f 1226 1227 1277
f 1277 1276 1226
f 1227 1228 1278
f 1278 1277 1227
f 1228 1229 1279
f 1279 1278 1228
f 1229 1230 1280
f 1280 1279 1229
f 1230 1231 1281
f 1281 1280 1230
f 1231 1232 1282
f 1282 1281 1231
f 1232 1233 1283
f 1283 1282 1232
f 1233 1234 1284
f 1284 1283 1233
f 1234 1235 1285
f 1285 1284 1234
f 1235 1236 1286
f 1286 1285 1235
f 1236 1237 1287
f 1287 1286 1236
f 1237 1238 1288
f 1288 1287 1237
f 1238 1239 1289
f 1289 1288 1238
f 1239 1240 1290
f 1290 1289 1239
f 1240 1241 1291
f 1291 1290 1240
f 1241 1242 1292
f 1292 1291 1241
f 1242 1243 1293
f 1293 1292 1242
f 1243 1244 1294
f 1294 1293 1243
f 1244 1245 1295
f 1295 1294 1244
f 1245 1246 1296
f 1296 1295 1245
f 1246 1247 1297
f 1297 1296 1246
f 1247 1248 1298
f 1298 1297 1247
f 1248 1249 1299
f 1299 1298 1248
f 1249 1250 1300
f 1300 1299 1249
f 1250 1201 1251
f 1251 1300 1250
f 1251 1252 1302
f 1302 1301 1251
f 1252 1253 1303
f 1303 1302 1252
f 1253 1254 1304
f 1304 1303 1253
f 1254 1255 1305
f 1305 1304 1254
f 1255 1256 1306
f 1306 1305 1255
f 1256 1257 1307
f 1307 1306 1256
f 1257 1258 1308
f 1308 1307 1257
f 1258 1259 1309
f 1309 1308 1258
f 1259 1260 1310
f 1310 1309 1259
f 1260 1261 1311
f 1311 1310 1260
f 1261 1262 1312
f 1312 1311 1261
f 1262 1263 1313
f 1313 1312 1262
f 1263 1264 1314
f 1314 1313 1263
f 1264 1265 1315
f 1315 1314 1264
f 1265 1266 1316
f 1316 1315 1265
f 1266 1267 1317
f 1317 1316 1266
f 1267 1268 1318
f 1318 1317 1267
f 1268 1269 1319
f 1319 1318 1268
f 1269 1270 1320
f 1320 1319 1269
f 1270 1271 1321
f 1321 1320 1270
f 1271 1272 1322
f 1322 1321 1271
f 1272 1273 1323
f 1323 1322 1272
f 1273 1274 1324
f 1324 1323 1273
f 1274 1275 1325
f 1325 1324 1274
f 1275 1276 1326
f 1326 1325 1275
f 1276 1277 1327
f 1327 1326 1276
f 1277 1278 1328
f 1328 1327 1277
f 1278 1279 1329
f 1329 1328 1278
f 1279 1280 1330
f 1330 1329 1279
f 1280 1281 1331
f 1331 1330 1280
f 1281 1282 1332
f 1332 1331 1281
f 1282 1283 1333
f 1333 1332 1282
f 1283 1284 1334
f 1334 1333 1283
f 1284 1285 1335
f 1335 1334 1284
f 1285 1286 1336
f 1336 1335 1285
f 1286 1287 1337
f 1337 1336 1286
f 1287 1288 1338
f 1338 1337 1287
f 1288 1289 1339
f 1339 1338 1288
f 1289 1290 1340
f 1340 1339 1289
f 1290 1291 1341
f 1341 1340 1290
f 1291 1292 1342
f 1342 1341 1291
f 1292 1293 1343
f 1343 1342 1292
f 1293 1294 1344
f 1344 1343 1293
f 1294 1295 1345
f 1345 1344 1294
f 1295 1296 1346
f 1346 1345 1295
f 1296 1297 1347
f 1347 1346 1296
f 1297 1298 1348
f 1348 1347 1297
f 1298 1299 1349
f 1349 1348 1298
f 1299 1300 1350
f 1350 1349 1299
f 1300 1251 1301
f 1301 1350 1300
f 1301 1302 1352
f 1352 1351 1301
f 1302 1303 1353
f 1353 1352 1302
f 1303 1304 1354
f 1354 1353 1303
f 1304 1305 1355
f 1355 1354 1304
f 1305 1306 1356
f 1356 1355 1305
f 1306 1307 1357
f 1357 1356 1306
f 1307 1308 1358
f 1358 1357 1307
f 1308 1309 1359
f 1359 1358 1308
f 1309 1310 1360
f 1360 1359 1309
f 1310 1311 1361
f 1361 1360 1310
f 1311 1312 1362
f 1362 1361 1311
f 1312 1313 1363
f 1363 1362 1312
f 1313 1314 1364
f 1364 1363 1313
f 1314 1315 1365
f 1365 1364 1314
f 1315 1316 1366
f 1366 1365 1315
f 1316 1317 1367
f 1367 1366 1316
f 1317 1318 1368
f 1368 1367 1317
f 1318 1319 1369
f 1369 1368 1318
f 1319 1320 1370
f 1370 1369 1319
f 1320 1321 1371
f 1371 1370 1320
f 1321 1322 1372
f 1372 1371 1321
f 1322 1323 1373
f 1373 1372 1322
f 1323 1324 1374
f 1374 1373 1323
f 1324 1325 1375
f 1375 1374 1324
f 1325 1326 1376
f 1376 1375 1325
f 1326 1327 1377
f 1377 1376 1326
f 1327 1328 1378
f 1378 1377 1327
f 1328 1329 1379
f 1379 1378 1328
f 1329 1330 1380
f 1380 1379 1329
f 1330 1331 1381
f 1381 1380 1330
f 1331 1332 1382
f 1382 1381 1331
f 1332 1333 1383
f 1383 1382 1332
f 1333 1334 1384
f 1384 1383 1333
f 1334 1335 1385
f 1385 1384 1334
f 1335 1336 1386
f 1386 1385 1335
f 1336 1337 1387
f 1387 1386 1336
f 1337 1338 1388
f 1388 1387 1337
f 1338 1339 1389
f 1389 1388 1338
f 1339 1340 1390
f 1390 1389 1339
f 1340 1341 1391
f 1391 1390 1340
f 1341 1342 1392
f 1392 1391 1341
f 1342 1343 1393
f 1393 1392 1342
f 1343 1344 1394
f 1394 1393 1343
f 1344 1345 1395
f 1395 1394 1344
f 1345 1346 1396
f 1396 1395 1345
f 1346 1347 1397
f 1397 1396 1346
f 1347 1348 1398
f 1398 1397 1347
f 1348 1349 1399
f 1399 1398 1348
f 1349 1350 1400
f 1400 1399 1349
f 1350 1301 1351
f 1351 1400 1350
f 1351 1352 1402
f 1402 1401 1351
f 1352 1353 1403
f 1403 1402 1352
f 1353 1354 1404
f 1404 1403 1353
f 1354 1355 1405
f 1405 1404 1354
f 1355 1356 1406
f 1406 1405 1355
f 1356 1357 1407
f 1407 1406 1356
f 1357 1358 1408
f 1408 1407 1357
f 1358 1359 1409
f 1409 1408 1358
f 1359 1360 1410
f 1410 1409 1359
f 1360 1361 1411
f 1411 1410 1360
f 1361 1362 1412
f 1412 1411 1361
f 1362 1363 1413
f 1413 1412 1362
f 1363 1364 1414
f 1414 1413 1363
f 1364 1365 1415
f 1415 1414 1364
f 1365 1366 1416
f 1416 1415 1365
f 1366 1367 1417
f 1417 1416 1366
f 1367 1368 1418
f 1418 1417 1367
f 1368 1369 1419
f 1419 1418 1368
f 1369 1370 1420
f 1420 1419 1369
f 1370 1371 1421
f 1421 1420 1370
f 1371 1372 1422
f 1422 1421 1371
f 1372 1373 1423
f 1423 1422 1372
f 1373 1374 1424
f 1424 1423 1373
f 1374 1375 1425
f 1425 1424 1374
f 1375 1376 1426
f 1426 1425 1375
f 1376 1377 1427
f 1427 1426 1376
f 1377 1378 1428
f 1428 1427 1377
f 1378 1379 1429
f 1429 1428 1378
f 1379 1380 1430
f 1430 1429 1379
f 1380 1381 1431
f 1431 1430 1380
f 1381 1382 1432
f 1432 1431 1381
f 1382 1383 1433
f 1433 1432 1382
f 1383 1384 1434
f 1434 1433 1383
f 1384 1385 1435
f 1435 1434 1384
f 1385 1386 1436
f 1436 1435 1385
f 1386 1387 1437
f 1437 1436 1386
f 1387 1388 1438
f 1438 1437 1387
f 1388 1389 1439
f 1439 1438 1388
f 1389 1390 1440
f 1440 1439 1389
f 1390 1391 1441
f 1441 1440 1390
f 1391 1392 1442
f 1442 1441 1391
f 1392 1393 1443
f 1443 1442 1392
f 1393 1394 1444
f 1444 1443 1393
f 1394 1395 1445
f 1445 1444 1394
f 1395 1396 1446
f 1446 1445 1395
f 1396 1397 1447
f 1447 1446 1396
f 1397 1398 1448
f 1448 1447 1397
f 1398 1399 1449
f 1449 1448 1398
f 1399 1400 1450
f 1450 1449 1399
f 1400 1351 1401
f 1401 1450 1400
f 1401 1402 1452
f 1452 1451 1401
f 1402 1403 1453
f 1453 1452 1402
f 1403 1404 1454
f 1454 1453 1403
f 1404 1405 1455
f 1455 1454 1404
f 1405 1406 1456
f 1456 1455 1405
f 1406 1407 1457
f 1457 1456 1406
f 1407 1408 1458
f 1458 1457 1407
f 1408 1409 1459
f 1459 1458 1408
f 1409 1410 1460
f 1460 1459 1409
f 1410 1411 1461
f 1461 1460 1410
f 1411 1412 1462
f 1462 1461 1411
f 1412 1413 1463
f 1463 1462 1412
f 1413 1414 1464
f 1464 1463 1413
f 1414 1415 1465
f 1465 1464 1414
f 1415 1416 1466
f 1466 1465 1415
f 1416 1417 1467
f 1467 1466 1416
f 1417 1418 1468
f 1468 1467 1417
f 1418 1419 1469
f 1469 1468 1418
f 1419 1420 1470
f 1470 1469 1419
f 1420 1421 1471
f 1471 1470 1420
f 1421 1422 1472
f 1472 1471 1421
f 1422 1423 1473
f 1473 1472 1422
f 1423 1424 1474
f 1474 1473 1423
f 1424 1425 1475
f 1475 1474 1424
f 1425 1426 1476
f 1476 1475 1425
f 1426 1427 1477
f 1477 1476 1426
f 1427 1428 1478
f 1478 1477 1427
f 1428 1429 1479
f 1479 1478 1428
f 1429 1430 1480
f 1480 1479 1429
f 1430 1431 1481
f 1481 1480 1430
f 1431 1432 1482
f 1482 1481 1431
f 1432 1433 1483
f 1483 1482 1432
f 1433 1434 1484
f 1484 1483 1433
f 1434 1435 1485
f 1485 1484 1434
f 1435 1436 1486
f 1486 1485 1435
f 1436 1437 1487
f 1487 1486 1436
f 1437 1438 1488
f 1488 1487 1437
f 1438 1439 1489
f 1489 1488 1438
f 1439 1440 1490
f 1490 1489 1439
f 1440 1441 1491
f 1491 1490 1440
f 1441 1442 1492
f 1492 1491 1441
f 1442 1443 1493
f 1493 1492 1442
f 1443 1444 1494
f 1494 1493 1443
f 1444 1445 1495
f 1495 1494 1444
f 1445 1446 1496
f 1496 1495 1445
f 1446 1447 1497
f 1497 1496 1446
f 1447 1448 1498
f 1498 1497 1447
f 1448 1449 1499
f 1499 1498 1448
f 1449 1450 1500
f 1500 1499 1449
f 1450 1401 1451
f 1451 1500 1450
f 1451 1452 1502
f 1502 1501 1451
f 1452 1453 1503
f 1503 1502 1452
f 1453 1454 1504
f 1504 1503 1453
f 1454 1455 1505
f 1505 1504 1454
f 1455 1456 1506
f 1506 1505 1455
f 1456 1457 1507
f 1507 1506 1456
f 1457 1458 1508
f 1508 1507 1457
f 1458 1459 1509
f 1509 1508 1458
f 1459 1460 1510
f 1510 1509 1459
f 1460 1461 1511
f 1511 1510 1460
f 1461 1462 1512
f 1512 1511 1461
f 1462 1463 1513
f 1513 1512 1462
f 1463 1464 1514
f 1514 1513 1463
f 1464 1465 1515
f 1515 1514 1464
f 1465 1466 1516
f 1516 1515 1465
f 1466 1467 1517
f 1517 1516 1466
f 1467 1468 1518
f 1518 1517 1467
f 1468 1469 1519
f 1519 1518 1468
f 1469 1470 1520
f 1520 1519 1469
f 1470 1471 1521
f 1521 1520 1470
f 1471 1472 1522
f 1522 1521 1471
f 1472 1473 1523
f 1523 1522 1472
f 1473 1474 1524
f 1524 1523 1473
f 1474 1475 1525
f 1525 1524 1474
f 1475 1476 1526
f 1526 1525 1475
f 1476 1477 1527
f 1527 1526 1476
f 1477 1478 1528
f 1528 1527 1477
f 1478 1479 1529
f 1529 1528 1478
f 1479 1480 1530
f 1530 1529 1479
f 1480 1481 1531
f 1531 1530 1480
f 1481 1482 1532
f 1532 1531 1481
f 1482 1483 1533
f 1533 1532 1482
f 1483 1484 1534
f 1534 1533 1483
f 1484 1485 1535
f 1535 1534 1484
f 1485 1486 1536
f 1536 1535 1485
f 1486 1487 1537
f 1537 1536 1486
f 1487 1488 1538
f 1538 1537 1487
f 1488 1489 1539
f 1539 1538 1488
f 1489 1490 1540
f 1540 1539 1489
f 1490 1491 1541
f 1541 1540 1490
f 1491 1492 1542
f 1542 1541 1491
f 1492 1493 1543
f 1543 1542 1492
f 1493 1494 1544
f 1544 1543 1493
f 1494 1495 1545
f 1545 1544 1494
f 1495 1496 1546
f 1546 1545 1495
f 1496 1497 1547
f 1547 1546 1496
f 1497 1498 1548
f 1548 1547 1497
f 1498 1499 1549
f 1549 1548 1498
f 1499 1500 1550
f 1550 1549 1499
f 1500 1451 1501
f 1501 1550 1500
f 1501 1502 1552
f 1552 1551 1501
f 1502 1503 1553
f 1553 1552 1502
f 1503 1504 1554
f 1554 1553 1503
f 1504 1505 1555
f 1555 1554 1504
f 1505 1506 1556
f 1556 1555 1505
f 1506 1507 1557
f 1557 1556 1506
f 1507 1508 1558
f 1558 1557 1507
f 1508 1509 1559
f 1559 1558 1508
f 1509 1510 1560
f 1560 1559 1509
f 1510 1511 1561
f 1561 1560 1510
f 1511 1512 1562
f 1562 1561 1511
f 1512 1513 1563
f 1563 1562 1512
f 1513 1514 1564
f 1564 1563 1513
f 1514 1515 1565
f 1565 1564 1514
f 1515 1516 1566
f 1566 1565 1515
f 1516 1517 1567
f 1567 1566 1516
f 1517 1518 1568
f 1568 1567 1517
f 1518 1519 1569
f 1569 1568 1518
f 1519 1520 1570
f 1570 1569 1519
f 1520 1521 1571
f 1571 1570 1520
f 1521 1522 1572
f 1572 1571 1521
f 1522 1523 1573
f 1573 1572 1522
f 1523 1524 1574
f 1574 1573 1523
f 1524 1525 1575
f 1575 1574 1524
f 1525 1526 1576
f 1576 1575 1525
f 1526 1527 1577
f 1577 1576 1526
f 1527 1528 1578
f 1578 1577 1527
f 1528 1529 1579
f 1579 1578 1528
f 1529 1530 1580
f 1580 1579 1529
f 1530 1531 1581
f 1581 1580 1530
f 1531 1532 1582
f 1582 1581 1531
f 1532 1533 1583
f 1583 1582 1532
f 1533 1534 1584
f 1584 1583 1533
f 1534 1535 1585
f 1585 1584 1534
f 1535 1536 1586
f 1586 1585 1535
f 1536 1537 1587
f 1587 1586 1536
f 1537 1538 1588
f 1588 1587 1537
f 1538 1539 1589
f 1589 1588 1538
f 1539 1540 1590
f 1590 1589 1539
f 1540 1541 1591
f 1591 1590 1540
f 1541 1542 1592
f 1592 1591 1541
f 1542 1543 1593
f 1593 1592 1542
f 1543 1544 1594
f 1594 1593 1543
f 1544 1545 1595
f 1595 1594 1544
f 1545 1546 1596
f 1596 1595 1545
f 1546 1547 1597
f 1597 1596 1546
f 1547 1548 1598
f 1598 1597 1547
f 1548 1549 1599
f 1599 1598 1548
f 1549 1550 1600
f 1600 1599 1549
f 1550 1501 1551
f 1551 1600 1550
f 1551 1552 1602
f 1602 1601 1551
f 1552 1553 1603
f 1603 1602 1552
f 1553 1554 1604
f 1604 1603 1553
f 1554 1555 1605
f 1605 1604 1554
f 1555 1556 1606
f 1606 1605 1555
f 1556 1557 1607
f 1607 1606 1556
f 1557 1558 1608
f 1608 1607 1557
f 1558 1559 1609
f 1609 1608 1558
f 1559 1560 1610
f 1610 1609 1559
f 1560 1561 1611
f 1611 1610 1560
f 1561 1562 1612
f 1612 1611 1561
f 1562 1563 1613
f 1613 1612 1562
f 1563 1564 1614
f 1614 1613 1563
f 1564 1565 1615
f 1615 1614 1564
f 1565 1566 1616
f 1616 1615 1565
f 1566 1567 1617
f 1617 1616 1566
f 1567 1568 1618
f 1618 1617 1567
f 1568 1569 1619
f 1619 1618 1568
f 1569 1570 1620
f 1620 1619 1569
f 1570 1571 1621
f 1621 1620 1570
f 1571 1572 1622
f 1622 1621 1571
f 1572 1573 1623
f 1623 1622 1572
f 1573 1574 1624
f 1624 1623 1573
f 1574 1575 1625
f 1625 1624 1574
f 1575 1576 1626
f 1626 1625 1575
f 1576 1577 1627
f 1627 1626 1576
f 1577 1578 1628
f 1628 1627 1577
f 1578 1579 1629
f 1629 1628 1578
f 1579 1580 1630
f 1630 1629 1579
f 1580 1581 1631
f 1631 1630 1580
f 1581 1582 1632
f 1632 1631 1581
f 1582 1583 1633
f 1633 1632 1582
f 1583 1584 1634
f 1634 1633 1583
f 1584 1585 1635
f 1635 1634 1584
f 1585 1586 1636
f 1636 1635 1585
f 1586 1587 1637
f 1637 1636 1586
f 1587 1588 1638
f 1638 1637 1587
f 1588 1589 1639
f 1639 1638 1588
f 1589 1590 1640
f 1640 1639 1589
f 1590 1591 1641
f 1641 1640 1590
f 1591 1592 1642
f 1642 1641 1591
f 1592 1593 1643
f 1643 1642 1592
f 1593 1594 1644
f 1644 1643 1593
f 1594 1595 1645
f 1645 1644 1594
f 1595 1596 1646
f 1646 1645 1595
f 1596 1597 1647
f 1647 1646 1596
f 1597 1598 1648
f 1648 1647 1597
f 1598 1599 1649
f 1649 1648 1598
f 1599 1600 1650
f 1650 1649 1599
f 1600 1551 1601
f 1601 1650 1600
f 1601 1602 1652
f 1652 1651 1601
f 1602 1603 1653
f 1653 1652 1602
f 1603 1604 1654
f 1654 1653 1603
f 1604 1605 1655
f 1655 1654 1604
f 1605 1606 1656
f 1656 1655 1605
f 1606 1607 1657
f 1657 1656 1606
f 1607 1608 1658
f 1658 1657 1607
f 1608 1609 1659
f 1659 1658 1608
f 1609 1610 1660
f 1660 1659 1609
f 1610 1611 1661
f 1661 1660 1610
f 1611 1612 1662
f 1662 1661 1611
f 1612 1613 1663
f 1663 1662 1612
f 1613 1614 1664
f 1664 1663 1613
f 1614 1615 1665
f 1665 1664 1614
f 1615 1616 1666
f 1666 1665 1615
f 1616 1617 1667
f 1667 1666 1616
f 1617 1618 1668
f 1668 1667 1617
f 1618 1619 1669
f 1669 1668 1618
f 1619 1620 1670
f 1670 1669 1619
f 1620 1621 1671
f 1671 1670 1620
f 1621 1622 1672
f 1672 1671 1621
f 1622 1623 1673
f 1673 1672 1622
f 1623 1624 1674
f 1674 1673 1623
f 1624 1625 1675
f 1675 1674 1624
f 1625 1626 1676
f 1676 1675 1625
f 1626 1627 1677
f 1677 1676 1626
f 1627 1628 1678
f 1678 1677 1627
f 1628 1629 1679
f 1679 1678 1628
f 1629 1630 1680
f 1680 1679 1629
f 1630 1631 1681
f 1681 1680 1630
f 1631 1632 1682
f 1682 1681 1631
f 1632 1633 1683
f 1683 1682 1632
f 1633 1634 1684
f 1684 1683 1633
f 1634 1635 1685
f 1685 1684 1634
f 1635 1636 1686
f 1686 1685 1635
f 1636 1637 1687
f 1687 1686 1636
f 1637 1638 1688
f 1688 1687 1637
f 1638 1639 1689
f 1689 1688 1638
f 1639 1640 1690
f 1690 1689 1639
f 1640 1641 1691
f 1691 1690 1640
f 1641 1642 1692
f 1692 1691 1641
f 1642 1643 1693
f 1693 1692 1642
f 1643 1644 1694
f 1694 1693 1643
f 1644 1645 1695
f 1695 1694 1644
f 1645 1646 1696
f 1696 1695 1645
f 1646 1647 1697
f 1697 1696 1646
f 1647 1648 1698
f 1698 1697 1647
f 1648 1649 1699
f 1699 1698 1648
f 1649 1650 1700
f 1700 1699 1649
f 1650 1601 1651
f 1651 1700 1650
f 1651 1652 1702
f 1702 1701 1651
f 1652 1653 1703
f 1703 1702 1652
f 1653 1654 1704
f 1704 1703 1653
f 1654 1655 1705
f 1705 1704 1654
f 1655 1656 1706
f 1706 1705 1655
f 1656 1657 1707
f 1707 1706 1656
f 1657 1658 1708
f 1708 1707 1657
f 1658 1659 1709
f 1709 1708 1658
f 1659 1660 1710
f 1710 1709 1659
f 1660 1661 1711
f 1711 1710 1660
f 1661 1662 1712
f 1712 1711 1661
f 1662 1663 1713
f 1713 1712 1662
f 1663 1664 1714
f 1714 1713 1663
f 1664 1665 1715
f 1715 1714 1664
f 1665 1666 1716
f 1716 1715 1665
f 1666 1667 1717
f 1717 1716 1666
f 1667 1668 1718
f 1718 1717 1667
f 1668 1669 1719
f 1719 1718 1668
f 1669 1670 1720
f 1720 1719 1669
f 1670 1671 1721
f 1721 1720 1670
f 1671 1672 1722
f 1722 1721 1671
f 1672 1673 1723
f 1723 1722 1672
f 1673 1674 1724
f 1724 1723 1673
f 1674 1675 1725
f 1725 1724 1674
f 1675 1676 1726
f 1726 1725 1675
f 1676 1677 1727
f 1727 1726 1676
f 1677 1678 1728
f 1728 1727 1677
f 1678 1679 1729
f 1729 1728 1678
f 1679 1680 1730
f 1730 1729 1679
f 1680 1681 1731
f 1731 1730 1680
f 1681 1682 1732
f 1732 1731 1681
f 1682 1683 1733
f 1733 1732 1682
f 1683 1684 1734
f 1734 1733 1683
f 1684 1685 1735
f 1735 1734 1684
f 1685 1686 1736
f 1736 1735 1685
f 1686 1687 1737
f 1737 1736 1686
f 1687 1688 1738
f 1738 1737 1687
f 1688 1689 1739
f 1739 1738 1688
f 1689 1690 1740
f 1740 1739 1689
f 1690 1691 1741
f 1741 1740 1690
f 1691 1692 1742
f 1742 1741 1691
f 1692 1693 1743
f 1743 1742 1692
f 1693 1694 1744
f 1744 1743 1693
f 1694 1695 1745
f 1745 1744 1694
f 1695 1696 1746
f 1746 1745 1695
f 1696 1697 1747
f 1747 1746 1696
f 1697 1698 1748
f 1748 1747 1697
f 1698 1699 1749
f 1749 1748 1698
f 1699 1700 1750
f 1750 1749 1699
f 1700 1651 1701
f 1701 1750 1700
f 1701 1702 1752
f 1752 1751 1701
f 1702 1703 1753
f 1753 1752 1702
f 1703 1704 1754
f 1754 1753 1703
f 1704 1705 1755
f 1755 1754 1704
f 1705 1706 1756
f 1756 1755 1705
f 1706 1707 1757
f 1757 1756 1706
f 1707 1708 1758
f 1758 1757 1707
f 1708 1709 1759
f 1759 1758 1708
f 1709 1710 1760
f 1760 1759 1709
f 1710 1711 1761
f 1761 1760 1710
f 1711 1712 1762
f 1762 1761 1711
f 1712 1713 1763
f 1763 1762 1712
f 1713 1714 1764
f 1764 1763 1713
f 1714 1715 1765
f 1765 1764 1714
f 1715 1716 1766
f 1766 1765 1715
f 1716 1717 1767
f 1767 1766 1716
f 1717 1718 1768
f 1768 1767 1717
f 1718 1719 1769
f 1769 1768 1718
f 1719 1720 1770
f 1770 1769 1719
f 1720 1721 1771
f 1771 1770 1720
f 1721 1722 1772
f 1772 1771 1721
f 1722 1723 1773
f 1773 1772 1722
f 1723 1724 1774
f 1774 1773 1723
f 1724 1725 1775
f 1775 1774 1724
f 1725 1726 1776
f 1776 1775 1725
f 1726 1727 1777
f 1777 1776 1726
f 1727 1728 1778
f 1778 1777 1727
f 1728 1729 1779
f 1779 1778 1728
f 1729 1730 1780
f 1780 1779 1729
f 1730 1731 1781
f 1781 1780 1730
f 1731 1732 1782
f 1782 1781 1731
f 1732 1733 1783
f 1783 1782 1732
f 1733 1734 1784
f 1784 1783 1733
f 1734 1735 1785
f 1785 1784 1734
f 1735 1736 1786
f 1786 1785 1735
f 1736 1737 1787
f 1787 1786 1736
f 1737 1738 1788
f 1788 1787 1737
f 1738 1739 1789
f 1789 1788 1738
f 1739 1740 1790
f 1790 1789 1739
f 1740 1741 1791
f 1791 1790 1740
f 1741 1742 1792
f 1792 1791 1741
f 1742 1743 1793
f 1793 1792 1742
f 1743 1744 1794
f 1794 1793 1743
f 1744 1745 1795
f 1795 1794 1744
f 1745 1746 1796
f 1796 1795 1745
f 1746 1747 1797
f 1797 1796 1746
f 1747 1748 1798
f 1798 1797 1747
f 1748 1749 1799
f 1799 1798 1748
f 1749 1750 1800
f 1800 1799 1749
f 1750 1701 1751
f 1751 1800 1750
f 1751 1752 1802
f 1802 1801 1751
f 1752 1753 1803
f 1803 1802 1752
f 1753 1754 1804
f 1804 1803 1753
f 1754 1755 1805
f 1805 1804 1754
f 1755 1756 1806
f 1806 1805 1755
f 1756 1757 1807
f 1807 1806 1756
f 1757 1758 1808
f 1808 1807 1757
f 1758 1759 1809
f 1809 1808 1758
f 1759 1760 1810
f 1810 1809 1759
f 1760 1761 1811
f 1811 1810 1760
f 1761 1762 1812
f 1812 1811 1761
f 1762 1763 1813
f 1813 1812 1762
f 1763 1764 1814
f 1814 1813 1763
f 1764 1765 1815
f 1815 1814 1764
f 1765 1766 1816
f 1816 1815 1765
f 1766 1767 1817
f 1817 1816 1766
f 1767 1768 1818
f 1818 1817 1767
f 1768 1769 1819
f 1819 1818 1768
f 1769 1770 1820
f 1820 1819 1769
f 1770 1771 1821
f 1821 1820 1770
f 1771 1772 1822
f 1822 1821 1771
f 1772 1773 1823
f 1823 1822 1772
f 1773 1774 1824
f 1824 1823 1773
f 1774 1775 1825
f 1825 1824 1774
f 1775 1776 1826
f 1826 1825 1775
f 1776 1777 1827
f 1827 1826 1776
f 1777 1778 1828
f 1828 1827 1777
f 1778 1779 1829
f 1829 1828 1778
f 1779 1780 1830
f 1830 1829 1779
f 1780 1781 1831
f 1831 1830 1780
f 1781 1782 1832
f 1832 1831 1781
f 1782 1783 1833
f 1833 1832 1782
f 1783 1784 1834
f 1834 1833 1783
f 1784 1785 1835
f 1835 1834 1784
f 1785 1786 1836
f 1836 1835 1785
f 1786 1787 1837
f 1837 1836 1786
f 1787 1788 1838
f 1838 1837 1787
f 1788 1789 1839
f 1839 1838 1788
f 1789 1790 1840
f 1840 1839 1789
f 1790 1791 1841
f 1841 1840 1790
f 1791 1792 1842
f 1842 1841 1791
f 1792 1793 1843
f 1843 1842 1792
f 1793 1794 1844
f 1844 1843 1793
f 1794 1795 1845
f 1845 1844 1794
f 1795 1796 1846
f 1846 1845 1795
f 1796 1797 1847
f 1847 1846 1796
f 1797 1798 1848
f 1848 1847 1797
f 1798 1799 1849
f 1849 1848 1798
f 1799 1800 1850
f 1850 1849 1799
f 1800 1751 1801
f 1801 1850 1800
f 1801 1802 1852
f 1852 1851 1801
f 1802 1803 1853
f 1853 1852 1802
f 1803 1804 1854
f 1854 1853 1803
f 1804 1805 1855
f 1855 1854 1804
f 1805 1806 1856
f 1856 1855 1805
f 1806 1807 1857
f 1857 1856 1806
f 1807 1808 1858
f 1858 1857 1807
f 1808 1809 1859
f 1859 1858 1808
f 1809 1810 1860
f 1860 1859 1809
f 1810 1811 1861
f 1861 1860 1810
f 1811 1812 1862
f 1862 1861 1811
f 1812 1813 1863
f 1863 1862 1812
f 1813 1814 1864
f 1864 1863 1813
f 1814 1815 1865
f 1865 1864 1814
f 1815 1816 1866
f 1866 1865 1815
f 1816 1817 1867
f 1867 1866 1816
f 1817 1818 1868
f 1868 1867 1817
f 1818 1819 1869
f 1869 1868 1818
f 1819 1820 1870
f 1870 1869 1819
f 1820 1821 1871
f 1871 1870 1820
f 1821 1822 1872
f 1872 1871 1821
f 1822 1823 1873
f 1873 1872 1822
f 1823 1824 1874
f 1874 1873 1823
f 1824 1825 1875
f 1875 1874 1824
f 1825 1826 1876
f 1876 1875 1825
f 1826 1827 1877
f 1877 1876 1826
f 1827 1828 1878
f 1878 1877 1827
f 1828 1829 1879
f 1879 1878 1828
f 1829 1830 1880
f 1880 1879 1829
f 1830 1831 1881
f 1881 1880 1830
f 1831 1832 1882
f 1882 1881 1831
f 1832 1833 1883
f 1883 1882 1832
f 1833 1834 1884
f 1884 1883 1833
f 1834 1835 1885
f 1885 1884 1834
f 1835 1836 1886
f 1886 1885 1835
f 1836 1837 1887
f 1887 1886 1836
f 1837 1838 1888
f 1888 1887 1837
f 1838 1839 1889
f 1889 1888 1838
f 1839 1840 1890
f 1890 1889 1839
f 1840 1841 1891
f 1891 1890 1840
f 1841 1842 1892
f 1892 1891 1841
f 1842 1843 1893
f 1893 1892 1842
f 1843 1844 1894
f 1894 1893 1843
f 1844 1845 1895
f 1895 1894 1844
f 1845 1846 1896
f 1896 1895 1845
f 1846 1847 1897
f 1897 1896 1846
f 1847 1848 1898
f 1898 1897 1847
f 1848 1849 1899
f 1899 1898 1848
f 1849 1850 1900
f 1900 1899 1849
f 1850 1801 1851
f 1851 1900 1850
f 1851 1852 1902
f 1902 1901 1851
f 1852 1853 1903
f 1903 1902 1852
f 1853 1854 1904
f 1904 1903 1853
f 1854 1855 1905
f 1905 1904 1854
f 1855 1856 1906
f 1906 1905 1855
f 1856 1857 1907
f 1907 1906 1856
f 1857 1858 1908
f 1908 1907 1857
f 1858 1859 1909
f 1909 1908 1858
f 1859 1860 1910
f 1910 1909 1859
f 1860 1861 1911
f 1911 1910 1860
f 1861 1862 1912
f 1912 1911 1861
f 1862 1863 1913
f 1913 1912 1862
f 1863 1864 1914
f 1914 1913 1863
f 1864 1865 1915
f 1915 1914 1864
f 1865 1866 1916
f 1916 1915 1865
f 1866 1867 1917
f 1917 1916 1866
f 1867 1868 1918
f 1918 1917 1867
f 1868 1869 1919
f 1919 1918 1868
f 1869 1870 1920
f 1920 1919 1869
f 1870 1871 1921
f 1921 1920 1870
f 1871 1872 1922
f 1922 1921 1871
f 1872 1873 1923
f 1923 1922 1872
f 1873 1874 1924
f 1924 1923 1873
f 1874 1875 1925
f 1925 1924 1874
f 1875 1876 1926
f 1926 1925 1875
f 1876 1877 1927
f 1927 1926 1876
f 1877 1878 1928
f 1928 1927 1877
f 1878 1879 1929
f 1929 1928 1878
f 1879 1880 1930
f 1930 1929 1879
f 1880 1881 1931
f 1931 1930 1880
f 1881 1882 1932
f 1932 1931 1881
f 1882 1883 1933
f 1933 1932 1882
f 1883 1884 1934
f 1934 1933 1883
f 1884 1885 1935
f 1935 1934 1884
f 1885 1886 1936
f 1936 1935 1885
f 1886 1887 1937
f 1937 1936 1886
f 1887 1888 1938
f 1938 1937 1887
f 1888 1889 1939
f 1939 1938 1888
f 1889 1890 1940
f 1940 1939 1889
f 1890 1891 1941
f 1941 1940 1890
f 1891 1892 1942
f 1942 1941 1891
f 1892 1893 1943
f 1943 1942 1892
f 1893 1894 1944
f 1944 1943 1893
f 1894 1895 1945
f 1945 1944 1894
f 1895 1896 1946
f 1946 1945 1895
f 1896 1897 1947
f 1947 1946 1896
f 1897 1898 1948
f 1948 1947 1897
f 1898 1899 1949
f 1949 1948 1898
f 1899 1900 1950
f 1950 1949 1899
f 1900 1851 1901
f 1901 1950 1900
f 1901 1902 1952
f 1952 1951 1901
f 1902 1903 1953
f 1953 1952 1902
f 1903 1904 1954
f 1954 1953 1903
f 1904 1905 1955
f 1955 1954 1904
f 1905 1906 1956
f 1956 1955 1905
f 1906 1907 1957
f 1957 1956 1906
f 1907 1908 1958
f 1958 1957 1907
f 1908 1909 1959
f 1959 1958 1908
f 1909 1910 1960
f 1960 1959 1909
f 1910 1911 1961
f 1961 1960 1910
f 1911 1912 1962
f 1962 1961 1911
f 1912 1913 1963
f 1963 1962 1912
f 1913 1914 1964
f 1964 1963 1913
f 1914 1915 1965
f 1965 1964 1914
f 1915 1916 1966
f 1966 1965 1915
f 1916 1917 1967
f 1967 1966 1916
f 1917 1918 1968
f 1968 1967 1917
f 1918 1919 1969
f 1969 1968 1918
f 1919 1920 1970
f 1970 1969 1919
f 1920 1921 1971
f 1971 1970 1920
f 1921 1922 1972
f 1972 1971 1921
f 1922 1923 1973
f 1973 1972 1922
f 1923 1924 1974
f 1974 1973 1923
f 1924 1925 1975
f 1975 1974 1924
f 1925 1926 1976
f 1976 1975 1925
f 1926 1927 1977
f 1977 1976 1926
f 1927 1928 1978
f 1978 1977 1927
f 1928 1929 1979
f 1979 1978 1928
f 1929 1930 1980
f 1980 1979 1929
f 1930 1931 1981
f 1981 1980 1930
f 1931 1932 1982
f 1982 1981 1931
f 1932 1933 1983
f 1983 1982 1932
f 1933 1934 1984
f 1984 1983 1933
f 1934 1935 1985
f 1985 1984 1934
f 1935 1936 1986
f 1986 1985 1935
f 1936 1937 1987
f 1987 1986 1936
f 1937 1938 1988
f 1988 1987 1937
f 1938 1939 1989
f 1989 1988 1938
f 1939 1940 1990
f 1990 1989 1939
f 1940 1941 1991
f 1991 1990 1940
f 1941 1942 1992
f 1992 1991 1941
f 1942 1943 1993
f 1993 1992 1942
f 1943 1944 1994
f 1994 1993 1943
f 1944 1945 1995
f 1995 1994 1944
f 1945 1946 1996
f 1996 1995 1945
f 1946 1947 1997
f 1997 1996 1946
f 1947 1948 1998
f 1998 1997 1947
f 1948 1949 1999
f 1999 1998 1948
f 1949 1950 2000
f 2000 1999 1949
f 1950 1901 1951
f 1951 2000 1950
f 1951 1952 2002
f 2002 2001 1951
f 1952 1953 2003
f 2003 2002 1952
f 1953 1954 2004
f 2004 2003 1953
f 1954 1955 2005
f 2005 2004 1954
f 1955 1956 2006
f 2006 2005 1955
f 1956 1957 2007
f 2007 2006 1956
f 1957 1958 2008
f 2008 2007 1957
f 1958 1959 2009
f 2009 2008 1958
f 1959 1960 2010
f 2010 2009 1959
f 1960 1961 2011
f 2011 2010 1960
f 1961 1962 2012
f 2012 2011 1961
f 1962 1963 2013
f 2013 2012 1962
f 1963 1964 2014
f 2014 2013 1963
f 1964 1965 2015
f 2015 2014 1964
f 1965 1966 2016
f 2016 2015 1965
f 1966 1967 2017
f 2017 2016 1966
f 1967 1968 2018
f 2018 2017 1967
f 1968 1969 2019
f 2019 2018 1968
f 1969 1970 2020
f 2020 2019 1969
f 1970 1971 2021
f 2021 2020 1970
f 1971 1972 2022
f 2022 2021 1971
f 1972 1973 2023
f 2023 2022 1972
f 1973 1974 2024
f 2024 2023 1973
f 1974 1975 2025
f 2025 2024 1974
f 1975 1976 2026
f 2026 2025 1975
f 1976 1977 2027
f 2027 2026 1976
f 1977 1978 2028
f 2028 2027 1977
f 1978 1979 2029
f 2029 2028 1978
f 1979 1980 2030
f 2030 2029 1979
f 1980 1981 2031
f 2031 2030 1980
f 1981 1982 2032
f 2032 2031 1981
f 1982 1983 2033
f 2033 2032 1982
f 1983 1984 2034
f 2034 2033 1983
f 1984 1985 2035
f 2035 2034 1984
f 1985 1986 2036
f 2036 2035 1985
f 1986 1987 2037
f 2037 2036 1986
f 1987 1988 2038
f 2038 2037 1987
f 1988 1989 2039
f 2039 2038 1988
f 1989 1990 2040
f 2040 2039 1989
f 1990 1991 2041
f 2041 2040 1990
f 1991 1992 2042
f 2042 2041 1991
f 1992 1993 2043
f 2043 2042 1992
f 1993 1994 2044
f 2044 2043 1993
f 1994 1995 2045
f 2045 2044 1994
f 1995 1996 2046
f 2046 2045 1995
f 1996 1997 2047
f 2047 2046 1996
f 1997 1998 2048
f 2048 2047 1997
f 1998 1999 2049
f 2049 2048 1998
f 1999 2000 2050
f 2050 2049 1999
f 2000 1951 2001
f 2001 2050 2000
f 2001 2002 2052
f 2052 2051 2001
f 2002 2003 2053
f 2053 2052 2002
f 2003 2004 2054
f 2054 2053 2003
f 2004 2005 2055
f 2055 2054 2004
f 2005 2006 2056
f 2056 2055 2005
f 2006 2007 2057
f 2057 2056 2006
f 2007 2008 2058
f 2058 2057 2007
f 2008 2009 2059
f 2059 2058 2008
f 2009 2010 2060
f 2060 2059 2009
f 2010 2011 2061
f 2061 2060 2010
f 2011 2012 2062
f 2062 2061 2011
f 2012 2013 2063
f 2063 2062 2012
f 2013 2014 2064
f 2064 2063 2013
f 2014 2015 2065
f 2065 2064 2014
f 2015 2016 2066
f 2066 2065 2015
f 2016 2017 2067
f 2067 2066 2016
f 2017 2018 2068
f 2068 2067 2017
f 2018 2019 2069
f 2069 2068 2018
f 2019 2020 2070
f 2070 2069 2019
f 2020 2021 2071
f 2071 2070 2020
f 2021 2022 2072
f 2072 2071 2021
f 2022 2023 2073
f 2073 2072 2022
f 2023 2024 2074
f 2074 2073 2023
f 2024 2025 2075
f 2075 2074 2024
f 2025 2026 2076
f 2076 2075 2025
f 2026 2027 2077
f 2077 2076 2026
f 2027 2028 2078
f 2078 2077 2027
f 2028 2029 2079
f 2079 2078 2028
f 2029 2030 2080
f 2080 2079 2029
f 2030 2031 2081
f 2081 2080 2030
f 2031 2032 2082
f 2082 2081 2031
f 2032 2033 2083
f 2083 2082 2032
f 2033 2034 2084
f 2084 2083 2033
f 2034 2035 2085
f 2085 2084 2034
f 2035 2036 2086
f 2086 2085 2035
f 2036 2037 2087
f 2087 2086 2036
f 2037 2038 2088
f 2088 2087 2037
f 2038 2039 2089
f 2089 2088 2038
f 2039 2040 2090
f 2090 2089 2039
f 2040 2041 2091
f 2091 2090 2040
f 2041 2042 2092
f 2092 2091 2041
f 2042 2043 2093
f 2093 2092 2042
f 2043 2044 2094
f 2094 2093 2043
f 2044 2045 2095
f 2095 2094 2044
f 2045 2046 2096
f 2096 2095 2045
f 2046 2047 2097
f 2097 2096 2046
f 2047 2048 2098
f 2098 2097 2047
f 2048 2049 2099
f 2099 2098 2048
f 2049 2050 2100
f 2100 2099 2049
f 2050 2001 2051
f 2051 2100 2050
f 2051 2052 2102
f 2102 2101 2051
f 2052 2053 2103
f 2103 2102 2052
f 2053 2054 2104
f 2104 2103 2053
f 2054 2055 2105
f 2105 2104 2054
f 2055 2056 2106
f 2106 2105 2055
f 2056 2057 2107
f 2107 2106 2056
f 2057 2058 2108
f 2108 2107 2057
f 2058 2059 2109
f 2109 2108 2058
f 2059 2060 2110
f 2110 2109 2059
f 2060 2061 2111
f 2111 2110 2060
f 2061 2062 2112
f 2112 2111 2061
f 2062 2063 2113
f 2113 2112 2062
f 2063 2064 2114
f 2114 2113 2063
f 2064 2065 2115
f 2115 2114 2064
f 2065 2066 2116
f 2116 2115 2065
f 2066 2067 2117
f 2117 2116 2066
f 2067 2068 2118
f 2118 2117 2067
f 2068 2069 2119
f 2119 2118 2068
f 2069 2070 2120
f 2120 2119 2069
f 2070 2071 2121
f 2121 2120 2070
f 2071 2072 2122
f 2122 2121 2071
f 2072 2073 2123
f 2123 2122 2072
f 2073 2074 2124
f 2124 2123 2073
f 2074 2075 2125
f 2125 2124 2074
f 2075 2076 2126
f 2126 2125 2075
f 2076 2077 2127
f 2127 2126 2076
f 2077 2078 2128
f 2128 2127 2077
f 2078 2079 2129
f 2129 2128 2078
f 2079 2080 2130
f 2130 2129 2079
f 2080 2081 2131
f 2131 2130 2080
f 2081 2082 2132
f 2132 2131 2081
f 2082 2083 2133
f 2133 2132 2082
f 2083 2084 2134
f 2134 2133 2083
f 2084 2085 2135
f 2135 2134 2084
f 2085 2086 2136
f 2136 2135 2085
f 2086 2087 2137
f 2137 2136 2086
f 2087 2088 2138
f 2138 2137 2087
f 2088 2089 2139
f 2139 2138 2088
f 2089 2090 2140
f 2140 2139 2089
f 2090 2091 2141
f 2141 2140 2090
f 2091 2092 2142
f 2142 2141 2091
f 2092 2093 2143
f 2143 2142 2092
f 2093 2094 2144
f 2144 2143 2093
f 2094 2095 2145
f 2145 2144 2094
f 2095 2096 2146
f 2146 2145 2095
f 2096 2097 2147
f 2147 2146 2096
f 2097 2098 2148
f 2148 2147 2097
f 2098 2099 2149
f 2149 2148 2098
f 2099 2100 2150
f 2150 2149 2099
f 2100 2051 2101
f 2101 2150 2100
f 2101 2102 2152
f 2152 2151 2101
f 2102 2103 2153
f 2153 2152 2102
f 2103 2104 2154
f 2154 2153 2103
f 2104 2105 2155
f 2155 2154 2104
f 2105 2106 2156
f 2156 2155 2105
f 2106 2107 2157
f 2157 2156 2106
f 2107 2108 2158
f 2158 2157 2107
f 2108 2109 2159
f 2159 2158 2108
f 2109 2110 2160
f 2160 2159 2109
f 2110 2111 2161
f 2161 2160 2110
f 2111 2112 2162
f 2162 2161 2111
f 2112 2113 2163
f 2163 2162 2112
f 2113 2114 2164
f 2164 2163 2113
f 2114 2115 2165
f 2165 2164 2114
f 2115 2116 2166
f 2166 2165 2115
f 2116 2117 2167
f 2167 2166 2116
f 2117 2118 2168
f 2168 2167 2117
f 2118 2119 2169
f 2169 2168 2118
f 2119 2120 2170
f 2170 2169 2119
f 2120 2121 2171
f 2171 2170 2120
f 2121 2122 2172
f 2172 2171 2121
f 2122 2123 2173
f 2173 2172 2122
f 2123 2124 2174
f 2174 2173 2123
f 2124 2125 2175
f 2175 2174 2124
f 2125 2126 2176
f 2176 2175 2125
f 2126 2127 2177
f 2177 2176 2126
f 2127 2128 2178
f 2178 2177 2127
f 2128 2129 2179
f 2179 2178 2128
f 2129 2130 2180
f 2180 2179 2129
f 2130 2131 2181
f 2181 2180 2130
f 2131 2132 2182
f 2182 2181 2131
f 2132 2133 2183
f 2183 2182 2132
f 2133 2134 2184
f 2184 2183 2133
f 2134 2135 2185
f 2185 2184 2134
f 2135 2136 2186
f 2186 2185 2135
f 2136 2137 2187
f 2187 2186 2136
f 2137 2138 2188
f 2188 2187 2137
f 2138 2139 2189
f 2189 2188 2138
f 2139 2140 2190
f 2190 2189 2139
f 2140 2141 2191
f 2191 2190 2140
f 2141 2142 2192
f 2192 2191 2141
f 2142 2143 2193
f 2193 2192 2142
f 2143 2144 2194
f 2194 2193 2143
f 2144 2145 2195
f 2195 2194 2144
f 2145 2146 2196
f 2196 2195 2145
f 2146 2147 2197
f 2197 2196 2146
f 2147 2148 2198
f 2198 2197 2147
f 2148 2149 2199
f 2199 2198 2148
f 2149 2150 2200
f 2200 2199 2149
f 2150 2101 2151
f 2151 2200 2150
f 2151 2152 2202
f 2202 2201 2151
f 2152 2153 2203
f 2203 2202 2152
f 2153 2154 2204
f 2204 2203 2153
f 2154 2155 2205
f 2205 2204 2154
f 2155 2156 2206
f 2206 2205 2155
f 2156 2157 2207
f 2207 2206 2156
f 2157 2158 2208
f 2208 2207 2157
f 2158 2159 2209
f 2209 2208 2158
f 2159 2160 2210
f 2210 2209 2159
f 2160 2161 2211
f 2211 2210 2160
f 2161 2162 2212
f 2212 2211 2161
f 2162 2163 2213
f 2213 2212 2162
f 2163 2164 2214
f 2214 2213 2163
f 2164 2165 2215
f 2215 2214 2164
f 2165 2166 2216
f 2216 2215 2165
f 2166 2167 2217
f 2217 2216 2166
f 2167 2168 2218
f 2218 2217 2167
f 2168 2169 2219
f 2219 2218 2168
f 2169 2170 2220
f 2220 2219 2169
f 2170 2171 2221
f 2221 2220 2170
f 2171 2172 2222
f 2222 2221 2171
f 2172 2173 2223
f 2223 2222 2172
f 2173 2174 2224
f 2224 2223 2173
f 2174 2175 2225
f 2225 2224 2174
f 2175 2176 2226
f 2226 2225 2175
f 2176 2177 2227
f 2227 2226 2176
f 2177 2178 2228
f 2228 2227 2177
f 2178 2179 2229
f 2229 2228 2178
f 2179 2180 2230
f 2230 2229 2179
f 2180 2181 2231
f 2231 2230 2180
f 2181 2182 2232
f 2232 2231 2181
f 2182 2183 2233
f 2233 2232 2182
f 2183 2184 2234
f 2234 2233 2183
f 2184 2185 2235
f 2235 2234 2184
f 2185 2186 2236
f 2236 2235 2185
f 2186 2187 2237
f 2237 2236 2186
f 2187 2188 2238
f 2238 2237 2187
f 2188 2189 2239
f 2239 2238 2188
f 2189 2190 2240
f 2240 2239 2189
f 2190 2191 2241
f 2241 2240 2190
f 2191 2192 2242
f 2242 2241 2191
f 2192 2193 2243
f 2243 2242 2192
f 2193 2194 2244
f 2244 2243 2193
f 2194 2195 2245
f 2245 2244 2194
f 2195 2196 2246
f 2246 2245 2195
f 2196 2197 2247
f 2247 2246 2196
f 2197 2198 2248
f 2248 2247 2197
f 2198 2199 2249
f 2249 2248 2198
f 2199 2200 2250
f 2250 2249 2199
f 2200 2151 2201
f 2201 2250 2200
f 2201 2202 2252
f 2252 2251 2201
f 2202 2203 2253
f 2253 2252 2202
f 2203 2204 2254
f 2254 2253 2203
f 2204 2205 2255
f 2255 2254 2204
f 2205 2206 2256
f 2256 2255 2205
f 2206 2207 2257
f 2257 2256 2206
f 2207 2208 2258
f 2258 2257 2207
f 2208 2209 2259
f 2259 2258 2208
f 2209 2210 2260
f 2260 2259 2209
f 2210 2211 2261
f 2261 2260 2210
f 2211 2212 2262
f 2262 2261 2211
f 2212 2213 2263
f 2263 2262 2212
f 2213 2214 2264
f 2264 2263 2213
f 2214 2215 2265
f 2265 2264 2214
f 2215 2216 2266
f 2266 2265 2215
f 2216 2217 2267
f 2267 2266 2216
f 2217 2218 2268
f 2268 2267 2217
f 2218 2219 2269
f 2269 2268 2218
f 2219 2220 2270
f 2270 2269 2219
f 2220 2221 2271
f 2271 2270 2220
f 2221 2222 2272
f 2272 2271 2221
f 2222 2223 2273
f 2273 2272 2222
f 2223 2224 2274
f 2274 2273 2223
f 2224 2225 2275
f 2275 2274 2224
f 2225 2226 2276
f 2276 2275 2225
f 2226 2227 2277
f 2277 2276 2226
f 2227 2228 2278
f 2278 2277 2227
f 2228 2229 2279
f 2279 2278 2228
f 2229 2230 2280
f 2280 2279 2229
f 2230 2231 2281
f 2281 2280 2230
f 2231 2232 2282
f 2282 2281 2231
f 2232 2233 2283
f 2283 2282 2232
f 2233 2234 2284
f 2284 2283 2233
f 2234 2235 2285
f 2285 2284 2234
f 2235 2236 2286
f 2286 2285 2235
f 2236 2237 2287
f 2287 2286 2236
f 2237 2238 2288
f 2288 2287 2237
f 2238 2239 2289
f 2289 2288 2238
f 2239 2240 2290
f 2290 2289 2239
f 2240 2241 2291
f 2291 2290 2240
f 2241 2242 2292
f 2292 2291 2241
f 2242 2243 2293
f 2293 2292 2242
f 2243 2244 2294
f 2294 2293 2243
f 2244 2245 2295
f 2295 2294 2244
f 2245 2246 2296
f 2296 2295 2245
f 2246 2247 2297
f 2297 2296 2246
f 2247 2248 2298
f 2298 2297 2247
f 2248 2249 2299
f 2299 2298 2248
f 2249 2250 2300
f 2300 2299 2249
f 2250 2201 2251
f 2251 2300 2250
f 2251 2252 2302
f 2302 2301 2251
f 2252 2253 2303
f 2303 2302 2252
f 2253 2254 2304
f 2304 2303 2253
f 2254 2255 2305
f 2305 2304 2254
f 2255 2256 2306
f 2306 2305 2255
f 2256 2257 2307
f 2307 2306 2256
f 2257 2258 2308
f 2308 2307 2257
f 2258 2259 2309
f 2309 2308 2258
f 2259 2260 2310
f 2310 2309 2259
f 2260 2261 2311
f 2311 2310 2260
f 2261 2262 2312
f 2312 2311 2261
f 2262 2263 2313
f 2313 2312 2262
f 2263 2264 2314
f 2314 2313 2263
f 2264 2265 2315
f 2315 2314 2264
f 2265 2266 2316
f 2316 2315 2265
f 2266 2267 2317
f 2317 2316 2266
f 2267 2268 2318
f 2318 2317 2267
f 2268 2269 2319
f 2319 2318 2268
f 2269 2270 2320
f 2320 2319 2269
f 2270 2271 2321
f 2321 2320 2270
f 2271 2272 2322
f 2322 2321 2271
f 2272 2273 2323
f 2323 2322 2272
f 2273 2274 2324
f 2324 2323 2273
f 2274 2275 2325
f 2325 2324 2274
f 2275 2276 2326
f 2326 2325 2275
f 2276 2277 2327
f 2327 2326 2276
f 2277 2278 2328
f 2328 2327 2277
f 2278 2279 2329
f 2329 2328 2278
f 2279 2280 2330
f 2330 2329 2279
f 2280 2281 2331
f 2331 2330 2280
f 2281 2282 2332
f 2332 2331 2281
f 2282 2283 2333
f 2333 2332 2282
f 2283 2284 2334
f 2334 2333 2283
f 2284 2285 2335
f 2335 2334 2284
f 2285 2286 2336
f 2336 2335 2285
f 2286 2287 2337
f 2337 2336 2286
f 2287 2288 2338
f 2338 2337 2287
f 2288 2289 2339
f 2339 2338 2288
f 2289 2290 2340
f 2340 2339 2289
f 2290 2291 2341
f 2341 2340 2290
f 2291 2292 2342
f 2342 2341 2291
f 2292 2293 2343
f 2343 2342 2292
f 2293 2294 2344
f 2344 2343 2293
f 2294 2295 2345
f 2345 2344 2294
f 2295 2296 2346
f 2346 2345 2295
f 2296 2297 2347
f 2347 2346 2296
f 2297 2298 2348
f 2348 2347 2297
f 2298 2299 2349
f 2349 2348 2298
f 2299 2300 2350
f 2350 2349 2299
f 2300 2251 2301
f 2301 2350 2300
f 2301 2302 2352
f 2352 2351 2301
f 2302 2303 2353
f 2353 2352 2302
f 2303 2304 2354
f 2354 2353 2303
f 2304 2305 2355
f 2355 2354 2304
f 2305 2306 2356
f 2356 2355 2305
f 2306 2307 2357
f 2357 2356 2306
f 2307 2308 2358
f 2358 2357 2307
f 2308 2309 2359
f 2359 2358 2308
f 2309 2310 2360
f 2360 2359 2309
f 2310 2311 2361
f 2361 2360 2310
f 2311 2312 2362
f 2362 2361 2311
f 2312 2313 2363
f 2363 2362 2312
f 2313 2314 2364
f 2364 2363 2313
f 2314 2315 2365
f 2365 2364 2314
f 2315 2316 2366
f 2366 2365 2315
f 2316 2317 2367
f 2367 2366 2316
f 2317 2318 2368
f 2368 2367 2317
f 2318 2319 2369
f 2369 2368 2318
f 2319 2320 2370
f 2370 2369 2319
f 2320 2321 2371
f 2371 2370 2320
f 2321 2322 2372
f 2372 2371 2321
f 2322 2323 2373
f 2373 2372 2322
f 2323 2324 2374
f 2374 2373 2323
f 2324 2325 2375
f 2375 2374 2324
f 2325 2326 2376
f 2376 2375 2325
f 2326 2327 2377
f 2377 2376 2326
f 2327 2328 2378
f 2378 2377 2327
f 2328 2329 2379
f 2379 2378 2328
f 2329 2330 2380
f 2380 2379 2329
f 2330 2331 2381
f 2381 2380 2330
f 2331 2332 2382
f 2382 2381 2331
f 2332 2333 2383
f 2383 2382 2332
f 2333 2334 2384
f 2384 2383 2333
f 2334 2335 2385
f 2385 2384 2334
f 2335 2336 2386
f 2386 2385 2335
f 2336 2337 2387
f 2387 2386 2336
f 2337 2338 2388
f 2388 2387 2337
f 2338 2339 2389
f 2389 2388 2338
f 2339 2340 2390
f 2390 2389 2339
f 2340 2341 2391
f 2391 2390 2340
f 2341 2342 2392
f 2392 2391 2341
f 2342 2343 2393
f 2393 2392 2342
f 2343 2344 2394
f 2394 2393 2343
f 2344 2345 2395
f 2395 2394 2344
f 2345 2346 2396
f 2396 2395 2345
f 2346 2347 2397
f 2397 2396 2346
f 2347 2348 2398
f 2398 2397 2347
f 2348 2349 2399
f 2399 2398 2348
f 2349 2350 2400
f 2400 2399 2349
f 2350 2301 2351
f 2351 2400 2350
f 2351 2352 2402
f 2402 2401 2351
f 2352 2353 2403
f 2403 2402 2352
f 2353 2354 2404
f 2404 2403 2353
f 2354 2355 2405
f 2405 2404 2354
f 2355 2356 2406
f 2406 2405 2355
f 2356 2357 2407
f 2407 2406 2356
f 2357 2358 2408
f 2408 2407 2357
f 2358 2359 2409
f 2409 2408 2358
f 2359 2360 2410
f 2410 2409 2359
f 2360 2361 2411
f 2411 2410 2360
f 2361 2362 2412
f 2412 2411 2361
f 2362 2363 2413
f 2413 2412 2362
f 2363 2364 2414
f 2414 2413 2363
f 2364 2365 2415
f 2415 2414 2364
f 2365 2366 2416
f 2416 2415 2365
f 2366 2367 2417
f 2417 2416 2366
f 2367 2368 2418
f 2418 2417 2367
f 2368 2369 2419
f 2419 2418 2368
f 2369 2370 2420
f 2420 2419 2369
f 2370 2371 2421
f 2421 2420 2370
f 2371 2372 2422
f 2422 2421 2371
f 2372 2373 2423
f 2423 2422 2372
f 2373 2374 2424
f 2424 2423 2373
f 2374 2375 2425
f 2425 2424 2374
f 2375 2376 2426
f 2426 2425 2375
f 2376 2377 2427
f 2427 2426 2376
f 2377 2378 2428
f 2428 2427 2377
f 2378 2379 2429
f 2429 2428 2378
f 2379 2380 2430
f 2430 2429 2379
f 2380 2381 2431
f 2431 2430 2380
f 2381 2382 2432
f 2432 2431 2381
f 2382 2383 2433
f 2433 2432 2382
f 2383 2384 2434
f 2434 2433 2383
f 2384 2385 2435
f 2435 2434 2384
f 2385 2386 2436
f 2436 2435 2385
f 2386 2387 2437
f 2437 2436 2386
f 2387 2388 2438
f 2438 2437 2387
f 2388 2389 2439
f 2439 2438 2388
f 2389 2390 2440
f 2440 2439 2389
f 2390 2391 2441
f 2441 2440 2390
f 2391 2392 2442
f 2442 2441 2391
f 2392 2393 2443
f 2443 2442 2392
f 2393 2394 2444
f 2444 2443 2393
f 2394 2395 2445
f 2445 2444 2394
f 2395 2396 2446
f 2446 2445 2395
f 2396 2397 2447
f 2447 2446 2396
f 2397 2398 2448
f 2448 2447 2397
f 2398 2399 2449
f 2449 2448 2398
f 2399 2400 2450
f 2450 2449 2399
f 2400 2351 2401
f 2401 2450 2400
f 2401 2402 2452
f 2452 2451 2401
f 2402 2403 2453
f 2453 2452 2402
f 2403 2404 2454
f 2454 2453 2403
f 2404 2405 2455
f 2455 2454 2404
f 2405 2406 2456
f 2456 2455 2405
f 2406 2407 2457
f 2457 2456 2406
f 2407 2408 2458
f 2458 2457 2407
f 2408 2409 2459
f 2459 2458 2408
f 2409 2410 2460
f 2460 2459 2409
f 2410 2411 2461
f 2461 2460 2410
f 2411 2412 2462
f 2462 2461 2411
f 2412 2413 2463
f 2463 2462 2412
f 2413 2414 2464
f 2464 2463 2413
f 2414 2415 2465
f 2465 2464 2414
f 2415 2416 2466
f 2466 2465 2415
f 2416 2417 2467
f 2467 2466 2416
f 2417 2418 2468
f 2468 2467 2417
f 2418 2419 2469
f 2469 2468 2418
f 2419 2420 2470
f 2470 2469 2419
f 2420 2421 2471
f 2471 2470 2420
f 2421 2422 2472
f 2472 2471 2421
f 2422 2423 2473
f 2473 2472 2422
f 2423 2424 2474
f 2474 2473 2423
f 2424 2425 2475
f 2475 2474 2424
f 2425 2426 2476
f 2476 2475 2425
f 2426 2427 2477
f 2477 2476 2426
f 2427 2428 2478
f 2478 2477 2427
f 2428 2429 2479
f 2479 2478 2428
f 2429 2430 2480
f 2480 2479 2429
f 2430 2431 2481
f 2481 2480 2430
f 2431 2432 2482
f 2482 2481 2431
f 2432 2433 2483
f 2483 2482 2432
f 2433 2434 2484
f 2484 2483 2433
f 2434 2435 2485
f 2485 2484 2434
f 2435 2436 2486
f 2486 2485 2435
f 2436 2437 2487
f 2487 2486 2436
f 2437 2438 2488
f 2488 2487 2437
f 2438 2439 2489
f 2489 2488 2438
f 2439 2440 2490
f 2490 2489 2439
f 2440 2441 2491
f 2491 2490 2440
f 2441 2442 2492
f 2492 2491 2441
f 2442 2443 2493
f 2493 2492 2442
f 2443 2444 2494
f 2494 2493 2443
f 2444 2445 2495
f 2495 2494 2444
f 2445 2446 2496
f 2496 2495 2445
f 2446 2447 2497
f 2497 2496 2446
f 2447 2448 2498
f 2498 2497 2447
f 2448 2449 2499
f 2499 2498 2448
f 2449 2450 2500
f 2500 2499 2449
f 2450 2401 2451
f 2451 2500 2450
f 2451 2452 2502
f 2502 2501 2451
f 2452 2453 2503
f 2503 2502 2452
f 2453 2454 2504
f 2504 2503 2453
f 2454 2455 2505
f 2505 2504 2454
f 2455 2456 2506
f 2506 2505 2455
f 2456 2457 2507
f 2507 2506 2456
f 2457 2458 2508
f 2508 2507 2457
f 2458 2459 2509
f 2509 2508 2458
f 2459 2460 2510
f 2510 2509 2459
f 2460 2461 2511
f 2511 2510 2460
f 2461 2462 2512
f 2512 2511 2461
f 2462 2463 2513
f 2513 2512 2462
f 2463 2464 2514
f 2514 2513 2463
f 2464 2465 2515
f 2515 2514 2464
f 2465 2466 2516
f 2516 2515 2465
f 2466 2467 2517
f 2517 2516 2466
f 2467 2468 2518
f 2518 2517 2467
f 2468 2469 2519
f 2519 2518 2468
f 2469 2470 2520
f 2520 2519 2469
f 2470 2471 2521
f 2521 2520 2470
f 2471 2472 2522
f 2522 2521 2471
f 2472 2473 2523
f 2523 2522 2472
f 2473 2474 2524
f 2524 2523 2473
f 2474 2475 2525
f 2525 2524 2474
f 2475 2476 2526
f 2526 2525 2475
f 2476 2477 2527
f 2527 2526 2476
f 2477 2478 2528
f 2528 2527 2477
f 2478 2479 2529
f 2529 2528 2478
f 2479 2480 2530
f 2530 2529 2479
f 2480 2481 2531
f 2531 2530 2480
f 2481 2482 2532
f 2532 2531 2481
f 2482 2483 2533
f 2533 2532 2482
f 2483 2484 2534
f 2534 2533 2483
f 2484 2485 2535
f 2535 2534 2484
f 2485 2486 2536
f 2536 2535 2485
f 2486 2487 2537
f 2537 2536 2486
f 2487 2488 2538
f 2538 2537 2487
f 2488 2489 2539
f 2539 2538 2488
f 2489 2490 2540
f 2540 2539 2489
f 2490 2491 2541
f 2541 2540 2490
f 2491 2492 2542
f 2542 2541 2491
f 2492 2493 2543
f 2543 2542 2492
f 2493 2494 2544
f 2544 2543 2493
f 2494 2495 2545
f 2545 2544 2494
f 2495 2496 2546
f 2546 2545 2495
f 2496 2497 2547
f 2547 2546 2496
f 2497 2498 2548
f 2548 2547 2497
f 2498 2499 2549
f 2549 2548 2498
f 2499 2500 2550
f 2550 2549 2499
f 2500 2451 2501
f 2501 2550 2500
f 2501 2502 2552
f 2552 2551 2501
f 2502 2503 2553
f 2553 2552 2502
f 2503 2504 2554
f 2554 2553 2503
f 2504 2505 2555
f 2555 2554 2504
f 2505 2506 2556
f 2556 2555 2505
f 2506 2507 2557
f 2557 2556 2506
f 2507 2508 2558
f 2558 2557 2507
f 2508 2509 2559
f 2559 2558 2508
f 2509 2510 2560
f 2560 2559 2509
f 2510 2511 2561
f 2561 2560 2510
f 2511 2512 2562
f 2562 2561 2511
f 2512 2513 2563
f 2563 2562 2512
f 2513 2514 2564
f 2564 2563 2513
f 2514 2515 2565
f 2565 2564 2514
f 2515 2516 2566
f 2566 2565 2515
f 2516 2517 2567
f 2567 2566 2516
f 2517 2518 2568
f 2568 2567 2517
f 2518 2519 2569
f 2569 2568 2518
f 2519 2520 2570
f 2570 2569 2519
f 2520 2521 2571
f 2571 2570 2520
f 2521 2522 2572
f 2572 2571 2521
f 2522 2523 2573
f 2573 2572 2522
f 2523 2524 2574
f 2574 2573 2523
f 2524 2525 2575
f 2575 2574 2524
f 2525 2526 2576
f 2576 2575 2525
f 2526 2527 2577
f 2577 2576 2526
f 2527 2528 2578
f 2578 2577 2527
f 2528 2529 2579
f 2579 2578 2528
f 2529 2530 2580
f 2580 2579 2529
f 2530 2531 2581
f 2581 2580 2530
f 2531 2532 2582
f 2582 2581 2531
f 2532 2533 2583
f 2583 2582 2532
f 2533 2534 2584
f 2584 2583 2533
f 2534 2535 2585
f 2585 2584 2534
f 2535 2536 2586
f 2586 2585 2535
f 2536 2537 2587
f 2587 2586 2536
f 2537 2538 2588
f 2588 2587 2537
f 2538 2539 2589
f 2589 2588 2538
f 2539 2540 2590
f 2590 2589 2539
f 2540 2541 2591
f 2591 2590 2540
f 2541 2542 2592
f 2592 2591 2541
f 2542 2543 2593
f 2593 2592 2542
f 2543 2544 2594
f 2594 2593 2543
f 2544 2545 2595
f 2595 2594 2544
f 2545 2546 2596
f 2596 2595 2545
f 2546 2547 2597
f 2597 2596 2546
f 2547 2548 2598
f 2598 2597 2547
f 2548 2549 2599
f 2599 2598 2548
f 2549 2550 2600
f 2600 2599 2549
f 2550 2501 2551
f 2551 2600 2550
f 2551 2552 2602
f 2602 2601 2551
f 2552 2553 2603
f 2603 2602 2552
f 2553 2554 2604
f 2604 2603 2553
f 2554 2555 2605
f 2605 2604 2554
f 2555 2556 2606
f 2606 2605 2555
f 2556 2557 2607
f 2607 2606 2556
f 2557 2558 2608
f 2608 2607 2557
f 2558 2559 2609
f 2609 2608 2558
f 2559 2560 2610
f 2610 2609 2559
f 2560 2561 2611
f 2611 2610 2560
f 2561 2562 2612
f 2612 2611 2561
f 2562 2563 2613
f 2613 2612 2562
f 2563 2564 2614
f 2614 2613 2563
f 2564 2565 2615
f 2615 2614 2564
f 2565 2566 2616
f 2616 2615 2565
f 2566 2567 2617
f 2617 2616 2566
f 2567 2568 2618
f 2618 2617 2567
f 2568 2569 2619
f 2619 2618 2568
f 2569 2570 2620
f 2620 2619 2569
f 2570 2571 2621
f 2621 2620 2570
f 2571 2572 2622
f 2622 2621 2571
f 2572 2573 2623
f 2623 2622 2572
f 2573 2574 2624
f 2624 2623 2573
f 2574 2575 2625
f 2625 2624 2574
f 2575 2576 2626
f 2626 2625 2575
f 2576 2577 2627
f 2627 2626 2576
f 2577 2578 2628
f 2628 2627 2577
f 2578 2579 2629
f 2629 2628 2578
f 2579 2580 2630
f 2630 2629 2579
f 2580 2581 2631
f 2631 2630 2580
f 2581 2582 2632
f 2632 2631 2581
f 2582 2583 2633
f 2633 2632 2582
f 2583 2584 2634
f 2634 2633 2583
f 2584 2585 2635
f 2635 2634 2584
f 2585 2586 2636
f 2636 2635 2585
f 2586 2587 2637
f 2637 2636 2586
f 2587 2588 2638
f 2638 2637 2587
f 2588 2589 2639
f 2639 2638 2588
f 2589 2590 2640
f 2640 2639 2589
f 2590 2591 2641
f 2641 2640 2590
f 2591 2592 2642
f 2642 2641 2591
f 2592 2593 2643
f 2643 2642 2592
f 2593 2594 2644
f 2644 2643 2593
f 2594 2595 2645
f 2645 2644 2594
f 2595 2596 2646
f 2646 2645 2595
f 2596 2597 2647
f 2647 2646 2596
f 2597 2598 2648
f 2648 2647 2597
f 2598 2599 2649
f 2649 2648 2598
f 2599 2600 2650
f 2650 2649 2599
f 2600 2551 2601
f 2601 2650 2600
f 2601 2602 2652
f 2652 2651 2601
f 2602 2603 2653
f 2653 2652 2602
f 2603 2604 2654
f 2654 2653 2603
f 2604 2605 2655
f 2655 2654 2604
f 2605 2606 2656
f 2656 2655 2605
f 2606 2607 2657
f 2657 2656 2606
f 2607 2608 2658
f 2658 2657 2607
f 2608 2609 2659
f 2659 2658 2608
f 2609 2610 2660
f 2660 2659 2609
f 2610 2611 2661
f 2661 2660 2610
f 2611 2612 2662
f 2662 2661 2611
f 2612 2613 2663
f 2663 2662 2612
f 2613 2614 2664
f 2664 2663 2613
f 2614 2615 2665
f 2665 2664 2614
f 2615 2616 2666
f 2666 2665 2615
f 2616 2617 2667
f 2667 2666 2616
f 2617 2618 2668
f 2668 2667 2617
f 2618 2619 2669
f 2669 2668 2618
f 2619 2620 2670
f 2670 2669 2619
f 2620 2621 2671
f 2671 2670 2620
f 2621 2622 2672
f 2672 2671 2621
f 2622 2623 2673
f 2673 2672 2622
f 2623 2624 2674
f 2674 2673 2623
f 2624 2625 2675
f 2675 2674 2624
f 2625 2626 2676
f 2676 2675 2625
f 2626 2627 2677
f 2677 2676 2626
f 2627 2628 2678
f 2678 2677 2627
f 2628 2629 2679
f 2679 2678 2628
f 2629 2630 2680
f 2680 2679 2629
f 2630 2631 2681
f 2681 2680 2630
f 2631 2632 2682
f 2682 2681 2631
f 2632 2633 2683
f 2683 2682 2632
f 2633 2634 2684
f 2684 2683 2633
f 2634 2635 2685
f 2685 2684 2634
f 2635 2636 2686
f 2686 2685 2635
f 2636 2637 2687
f 2687 2686 2636
f 2637 2638 2688
f 2688 2687 2637
f 2638 2639 2689
f 2689 2688 2638
f 2639 2640 2690
f 2690 2689 2639
f 2640 2641 2691
f 2691 2690 2640
f 2641 2642 2692
f 2692 2691 2641
f 2642 2643 2693
f 2693 2692 2642
f 2643 2644 2694
f 2694 2693 2643
f 2644 2645 2695
f 2695 2694 2644
f 2645 2646 2696
f 2696 2695 2645
f 2646 2647 2697
f 2697 2696 2646
f 2647 2648 2698
f 2698 2697 2647
f 2648 2649 2699
f 2699 2698 2648
f 2649 2650 2700
f 2700 2699 2649
f 2650 2601 2651
f 2651 2700 2650
f 2651 2652 2702
f 2702 2701 2651
f 2652 2653 2703
f 2703 2702 2652
f 2653 2654 2704
f 2704 2703 2653
f 2654 2655 2705
f 2705 2704 2654
f 2655 2656 2706
f 2706 2705 2655
f 2656 2657 2707
f 2707 2706 2656
f 2657 2658 2708
f 2708 2707 2657
f 2658 2659 2709
f 2709 2708 2658
f 2659 2660 2710
f 2710 2709 2659
f 2660 2661 2711
f 2711 2710 2660
f 2661 2662 2712
f 2712 2711 2661
f 2662 2663 2713
f 2713 2712 2662
f 2663 2664 2714
f 2714 2713 2663
f 2664 2665 2715
f 2715 2714 2664
f 2665 2666 2716
f 2716 2715 2665
f 2666 2667 2717
f 2717 2716 2666
f 2667 2668 2718
f 2718 2717 2667
f 2668 2669 2719
f 2719 2718 2668
f 2669 2670 2720
f 2720 2719 2669
f 2670 2671 2721
f 2721 2720 2670
f 2671 2672 2722
f 2722 2721 2671
f 2672 2673 2723
f 2723 2722 2672
f 2673 2674 2724
f 2724 2723 2673
f 2674 2675 2725
f 2725 2724 2674
f 2675 2676 2726
f 2726 2725 2675
f 2676 2677 2727
f 2727 2726 2676
f 2677 2678 2728
f 2728 2727 2677
f 2678 2679 2729
f 2729 2728 2678
f 2679 2680 2730
f 2730 2729 2679
f 2680 2681 2731
f 2731 2730 2680
f 2681 2682 2732
f 2732 2731 2681
f 2682 2683 2733
f 2733 2732 2682
f 2683 2684 2734
f 2734 2733 2683
f 2684 2685 2735
f 2735 2734 2684
f 2685 2686 2736
f 2736 2735 2685
f 2686 2687 2737
f 2737 2736 2686
f 2687 2688 2738
f 2738 2737 2687
f 2688 2689 2739
f 2739 2738 2688
f 2689 2690 2740
f 2740 2739 2689
f 2690 2691 2741
f 2741 2740 2690
f 2691 2692 2742
f 2742 2741 2691
f 2692 2693 2743
f 2743 2742 2692
f 2693 2694 2744
f 2744 2743 2693
f 2694 2695 2745
f 2745 2744 2694
f 2695 2696 2746
f 2746 2745 2695
f 2696 2697 2747
f 2747 2746 2696
f 2697 2698 2748
f 2748 2747 2697
f 2698 2699 2749
f 2749 2748 2698
f 2699 2700 2750
f 2750 2749 2699
f 2700 2651 2701
f 2701 2750 2700
f 2701 2702 2752
f 2752 2751 2701
f 2702 2703 2753
f 2753 2752 2702
f 2703 2704 2754
f 2754 2753 2703
f 2704 2705 2755
f 2755 2754 2704
f 2705 2706 2756
f 2756 2755 2705
f 2706 2707 2757
f 2757 2756 2706
f 2707 2708 2758
f 2758 2757 2707
f 2708 2709 2759
f 2759 2758 2708
f 2709 2710 2760
f 2760 2759 2709
f 2710 2711 2761
f 2761 2760 2710
f 2711 2712 2762
f 2762 2761 2711
f 2712 2713 2763
f 2763 2762 2712
f 2713 2714 2764
f 2764 2763 2713
f 2714 2715 2765
f 2765 2764 2714
f 2715 2716 2766
f 2766 2765 2715
f 2716 2717 2767
f 2767 2766 2716
f 2717 2718 2768
f 2768 2767 2717
f 2718 2719 2769
f 2769 2768 2718
f 2719 2720 2770
f 2770 2769 2719
f 2720 2721 2771
f 2771 2770 2720
f 2721 2722 2772
f 2772 2771 2721
f 2722 2723 2773
f 2773 2772 2722
f 2723 2724 2774
f 2774 2773 2723
f 2724 2725 2775
f 2775 2774 2724
f 2725 2726 2776
f 2776 2775 2725
f 2726 2727 2777
f 2777 2776 2726
f 2727 2728 2778
f 2778 2777 2727
f 2728 2729 2779
f 2779 2778 2728
f 2729 2730 2780
f 2780 2779 2729
f 2730 2731 2781
f 2781 2780 2730
f 2731 2732 2782
f 2782 2781 2731
f 2732 2733 2783
f 2783 2782 2732
f 2733 2734 2784
f 2784 2783 2733
f 2734 2735 2785
f 2785 2784 2734
f 2735 2736 2786
f 2786 2785 2735
f 2736 2737 2787
f 2787 2786 2736
f 2737 2738 2788
f 2788 2787 2737
f 2738 2739 2789
f 2789 2788 2738
f 2739 2740 2790
f 2790 2789 2739
f 2740 2741 2791
f 2791 2790 2740
f 2741 2742 2792
f 2792 2791 2741
f 2742 2743 2793
f 2793 2792 2742
f 2743 2744 2794
f 2794 2793 2743
f 2744 2745 2795
f 2795 2794 2744
f 2745 2746 2796
f 2796 2795 2745
f 2746 2747 2797
f 2797 2796 2746
f 2747 2748 2798
f 2798 2797 2747
f 2748 2749 2799
f 2799 2798 2748
f 2749 2750 2800
f 2800 2799 2749
f 2750 2701 2751
f 2751 2800 2750
f 2751 2752 2802
f 2802 2801 2751
f 2752 2753 2803
f 2803 2802 2752
f 2753 2754 2804
f 2804 2803 2753
f 2754 2755 2805
f 2805 2804 2754
f 2755 2756 2806
f 2806 2805 2755
f 2756 2757 2807
f 2807 2806 2756
f 2757 2758 2808
f 2808 2807 2757
f 2758 2759 2809
f 2809 2808 2758
f 2759 2760 2810
f 2810 2809 2759
f 2760 2761 2811
f 2811 2810 2760
f 2761 2762 2812
f 2812 2811 2761
f 2762 2763 2813
f 2813 2812 2762
f 2763 2764 2814
f 2814 2813 2763
f 2764 2765 2815
f 2815 2814 2764
f 2765 2766 2816
f 2816 2815 2765
f 2766 2767 2817
f 2817 2816 2766
f 2767 2768 2818
f 2818 2817 2767
f 2768 2769 2819
f 2819 2818 2768
f 2769 2770 2820
f 2820 2819 2769
f 2770 2771 2821
f 2821 2820 2770
f 2771 2772 2822
f 2822 2821 2771
f 2772 2773 2823
f 2823 2822 2772
f 2773 2774 2824
f 2824 2823 2773
f 2774 2775 2825
f 2825 2824 2774
f 2775 2776 2826
f 2826 2825 2775
f 2776 2777 2827
f 2827 2826 2776
f 2777 2778 2828
f 2828 2827 2777
f 2778 2779 2829
f 2829 2828 2778
f 2779 2780 2830
f 2830 2829 2779
f 2780 2781 2831
f 2831 2830 2780
f 2781 2782 2832
f 2832 2831 2781
f 2782 2783 2833
f 2833 2832 2782
f 2783 2784 2834
f 2834 2833 2783
f 2784 2785 2835
f 2835 2834 2784
f 2785 2786 2836
f 2836 2835 2785
f 2786 2787 2837
f 2837 2836 2786
f 2787 2788 2838
f 2838 2837 2787
f 2788 2789 2839
f 2839 2838 2788
f 2789 2790 2840
f 2840 2839 2789
f 2790 2791 2841
f 2841 2840 2790
f 2791 2792 2842
f 2842 2841 2791
f 2792 2793 2843
f 2843 2842 2792
f 2793 2794 2844
f 2844 2843 2793
f 2794 2795 2845
f 2845 2844 2794
f 2795 2796 2846
f 2846 2845 2795
f 2796 2797 2847
f 2847 2846 2796
f 2797 2798 2848
f 2848 2847 2797
f 2798 2799 2849
f 2849 2848 2798
f 2799 2800 2850
f 2850 2849 2799
f 2800 2751 2801
f 2801 2850 2800
f 2801 2802 2852
f 2852 2851 2801
f 2802 2803 2853
f 2853 2852 2802
f 2803 2804 2854
f 2854 2853 2803
f 2804 2805 2855
f 2855 2854 2804
f 2805 2806 2856
f 2856 2855 2805
f 2806 2807 2857
f 2857 2856 2806
f 2807 2808 2858
f 2858 2857 2807
f 2808 2809 2859
f 2859 2858 2808
f 2809 2810 2860
f 2860 2859 2809
f 2810 2811 2861
f 2861 2860 2810
f 2811 2812 2862
f 2862 2861 2811
f 2812 2813 2863
f 2863 2862 2812
f 2813 2814 2864
f 2864 2863 2813
f 2814 2815 2865
f 2865 2864 2814
f 2815 2816 2866
f 2866 2865 2815
f 2816 2817 2867
f 2867 2866 2816
f 2817 2818 2868
f 2868 2867 2817
f 2818 2819 2869
f 2869 2868 2818
f 2819 2820 2870
f 2870 2869 2819
f 2820 2821 2871
f 2871 2870 2820
f 2821 2822 2872
f 2872 2871 2821
f 2822 2823 2873
f 2873 2872 2822
f 2823 2824 2874
f 2874 2873 2823
f 2824 2825 2875
f 2875 2874 2824
f 2825 2826 2876
f 2876 2875 2825
f 2826 2827 2877
f 2877 2876 2826
f 2827 2828 2878
f 2878 2877 2827
f 2828 2829 2879
f 2879 2878 2828
f 2829 2830 2880
f 2880 2879 2829
f 2830 2831 2881
f 2881 2880 2830
f 2831 2832 2882
f 2882 2881 2831
f 2832 2833 2883
f 2883 2882 2832
f 2833 2834 2884
f 2884 2883 2833
f 2834 2835 2885
f 2885 2884 2834
f 2835 2836 2886
f 2886 2885 2835
f 2836 2837 2887
f 2887 2886 2836
f 2837 2838 2888
f 2888 2887 2837
f 2838 2839 2889
f 2889 2888 2838
f 2839 2840 2890
f 2890 2889 2839
f 2840 2841 2891
f 2891 2890 2840
f 2841 2842 2892
f 2892 2891 2841
f 2842 2843 2893
f 2893 2892 2842
f 2843 2844 2894
f 2894 2893 2843
f 2844 2845 2895
f 2895 2894 2844
f 2845 2846 2896
f 2896 2895 2845
f 2846 2847 2897
f 2897 2896 2846
f 2847 2848 2898
f 2898 2897 2847
f 2848 2849 2899
f 2899 2898 2848
f 2849 2850 2900
f 2900 2899 2849
f 2850 2801 2851
f 2851 2900 2850
f 2851 2852 2902
f 2902 2901 2851
f 2852 2853 2903
f 2903 2902 2852
f 2853 2854 2904
f 2904 2903 2853
f 2854 2855 2905
f 2905 2904 2854
f 2855 2856 2906
f 2906 2905 2855
f 2856 2857 2907
f 2907 2906 2856
f 2857 2858 2908
f 2908 2907 2857
f 2858 2859 2909
f 2909 2908 2858
f 2859 2860 2910
f 2910 2909 2859
f 2860 2861 2911
f 2911 2910 2860
f 2861 2862 2912
f 2912 2911 2861
f 2862 2863 2913
f 2913 2912 2862
f 2863 2864 2914
f 2914 2913 2863
f 2864 2865 2915
f 2915 2914 2864
f 2865 2866 2916
f 2916 2915 2865
f 2866 2867 2917
f 2917 2916 2866
f 2867 2868 2918
f 2918 2917 2867
f 2868 2869 2919
f 2919 2918 2868
f 2869 2870 2920
f 2920 2919 2869
f 2870 2871 2921
f 2921 2920 2870
f 2871 2872 2922
f 2922 2921 2871
f 2872 2873 2923
f 2923 2922 2872
f 2873 2874 2924
f 2924 2923 2873
f 2874 2875 2925
f 2925 2924 2874
f 2875 2876 2926
f 2926 2925 2875
f 2876 2877 2927
f 2927 2926 2876
f 2877 2878 2928
f 2928 2927 2877
f 2878 2879 2929
f 2929 2928 2878
f 2879 2880 2930
f 2930 2929 2879
f 2880 2881 2931
f 2931 2930 2880
f 2881 2882 2932
f 2932 2931 2881
f 2882 2883 2933
f 2933 2932 2882
f 2883 2884 2934
f 2934 2933 2883
f 2884 2885 2935
f 2935 2934 2884
f 2885 2886 2936
f 2936 2935 2885
f 2886 2887 2937
f 2937 2936 2886
f 2887 2888 2938
f 2938 2937 2887
f 2888 2889 2939
f 2939 2938 2888
f 2889 2890 2940
f 2940 2939 2889
f 2890 2891 2941
f 2941 2940 2890
f 2891 2892 2942
f 2942 2941 2891
f 2892 2893 2943
f 2943 2942 2892
f 2893 2894 2944
f 2944 2943 2893
f 2894 2895 2945
f 2945 2944 2894
f 2895 2896 2946
f 2946 2945 2895
f 2896 2897 2947
f 2947 2946 2896
f 2897 2898 2948
f 2948 2947 2897
f 2898 2899 2949
f 2949 2948 2898
f 2899 2900 2950
f 2950 2949 2899
f 2900 2851 2901
f 2901 2950 2900
f 2901 2902 2952
f 2952 2951 2901
f 2902 2903 2953
f 2953 2952 2902
f 2903 2904 2954
f 2954 2953 2903
f 2904 2905 2955
f 2955 2954 2904
f 2905 2906 2956
f 2956 2955 2905
f 2906 2907 2957
f 2957 2956 2906
f 2907 2908 2958
f 2958 2957 2907
f 2908 2909 2959
f 2959 2958 2908
f 2909 2910 2960
f 2960 2959 2909
f 2910 2911 2961
f 2961 2960 2910
f 2911 2912 2962
f 2962 2961 2911
f 2912 2913 2963
f 2963 2962 2912
f 2913 2914 2964
f 2964 2963 2913
f 2914 2915 2965
f 2965 2964 2914
f 2915 2916 2966
f 2966 2965 2915
f 2916 2917 2967
f 2967 2966 2916
f 2917 2918 2968
f 2968 2967 2917
f 2918 2919 2969
f 2969 2968 2918
f 2919 2920 2970
f 2970 2969 2919
f 2920 2921 2971
f 2971 2970 2920
f 2921 2922 2972
f 2972 2971 2921
f 2922 2923 2973
f 2973 2972 2922
f 2923 2924 2974
f 2974 2973 2923
f 2924 2925 2975
f 2975 2974 2924
f 2925 2926 2976
f 2976 2975 2925
f 2926 2927 2977
f 2977 2976 2926
f 2927 2928 2978
f 2978 2977 2927
f 2928 2929 2979
f 2979 2978 2928
f 2929 2930 2980
f 2980 2979 2929
f 2930 2931 2981
f 2981 2980 2930
f 2931 2932 2982
f 2982 2981 2931
f 2932 2933 2983
f 2983 2982 2932
f 2933 2934 2984
f 2984 2983 2933
f 2934 2935 2985
f 2985 2984 2934
f 2935 2936 2986
f 2986 2985 2935
f 2936 2937 2987
f 2987 2986 2936
f 2937 2938 2988
f 2988 2987 2937
f 2938 2939 2989
f 2989 2988 2938
f 2939 2940 2990
f 2990 2989 2939
f 2940 2941 2991
f 2991 2990 2940
f 2941 2942 2992
f 2992 2991 2941
f 2942 2943 2993
f 2993 2992 2942
f 2943 2944 2994
f 2994 2993 2943
f 2944 2945 2995
f 2995 2994 2944
f 2945 2946 2996
f 2996 2995 2945
f 2946 2947 2997
f 2997 2996 2946
f 2947 2948 2998
f 2998 2997 2947
f 2948 2949 2999
f 2999 2998 2948
f 2949 2950 3000
f 3000 2999 2949
f 2950 2901 2951
f 2951 3000 2950
f 2951 2952 3002
f 3002 3001 2951
f 2952 2953 3003
f 3003 3002 2952
f 2953 2954 3004
f 3004 3003 2953
f 2954 2955 3005
f 3005 3004 2954
f 2955 2956 3006
f 3006 3005 2955
f 2956 2957 3007
f 3007 3006 2956
f 2957 2958 3008
f 3008 3007 2957
f 2958 2959 3009
f 3009 3008 2958
f 2959 2960 3010
f 3010 3009 2959
f 2960 2961 3011
f 3011 3010 2960
f 2961 2962 3012
f 3012 3011 2961
f 2962 2963 3013
f 3013 3012 2962
f 2963 2964 3014
f 3014 3013 2963
f 2964 2965 3015
f 3015 3014 2964
f 2965 2966 3016
f 3016 3015 2965
f 2966 2967 3017
f 3017 3016 2966
f 2967 2968 3018
f 3018 3017 2967
f 2968 2969 3019
f 3019 3018 2968
f 2969 2970 3020
f 3020 3019 2969
f 2970 2971 3021
f 3021 3020 2970
f 2971 2972 3022
f 3022 3021 2971
f 2972 2973 3023
f 3023 3022 2972
f 2973 2974 3024
f 3024 3023 2973
f 2974 2975 3025
f 3025 3024 2974
f 2975 2976 3026
f 3026 3025 2975
f 2976 2977 3027
f 3027 3026 2976
f 2977 2978 3028
f 3028 3027 2977
f 2978 2979 3029
f 3029 3028 2978
f 2979 2980 3030
f 3030 3029 2979
f 2980 2981 3031
f 3031 3030 2980
f 2981 2982 3032
f 3032 3031 2981
f 2982 2983 3033
f 3033 3032 2982
f 2983 2984 3034
f 3034 3033 2983
f 2984 2985 3035
f 3035 3034 2984
f 2985 2986 3036
f 3036 3035 2985
f 2986 2987 3037
f 3037 3036 2986
f 2987 2988 3038
f 3038 3037 2987
f 2988 2989 3039
f 3039 3038 2988
f 2989 2990 3040
f 3040 3039 2989
f 2990 2991 3041
f 3041 3040 2990
f 2991 2992 3042
f 3042 3041 2991
f 2992 2993 3043
f 3043 3042 2992
f 2993 2994 3044
f 3044 3043 2993
f 2994 2995 3045
f 3045 3044 2994
f 2995 2996 3046
f 3046 3045 2995
f 2996 2997 3047
f 3047 3046 2996
f 2997 2998 3048
f 3048 3047 2997
f 2998 2999 3049
f 3049 3048 2998
f 2999 3000 3050
f 3050 3049 2999
f 3000 2951 3001
f 3001 3050 3000
f 3001 3002 3052
f 3052 3051 3001
f 3002 3003 3053
f 3053 3052 3002
f 3003 3004 3054
f 3054 3053 3003
f 3004 3005 3055
f 3055 3054 3004
f 3005 3006 3056
f 3056 3055 3005
f 3006 3007 3057
f 3057 3056 3006
f 3007 3008 3058
f 3058 3057 3007
f 3008 3009 3059
f 3059 3058 3008
f 3009 3010 3060
f 3060 3059 3009
f 3010 3011 3061
f 3061 3060 3010
f 3011 3012 3062
f 3062 3061 3011
f 3012 3013 3063
f 3063 3062 3012
f 3013 3014 3064
f 3064 3063 3013
f 3014 3015 3065
f 3065 3064 3014
f 3015 3016 3066
f 3066 3065 3015
f 3016 3017 3067
f 3067 3066 3016
f 3017 3018 3068
f 3068 3067 3017
f 3018 3019 3069
f 3069 3068 3018
f 3019 3020 3070
f 3070 3069 3019
f 3020 3021 3071
f 3071 3070 3020
f 3021 3022 3072
f 3072 3071 3021
f 3022 3023 3073
f 3073 3072 3022
f 3023 3024 3074
f 3074 3073 3023
f 3024 3025 3075
f 3075 3074 3024
f 3025 3026 3076
f 3076 3075 3025
f 3026 3027 3077
f 3077 3076 3026
f 3027 3028 3078
f 3078 3077 3027
f 3028 3029 3079
f 3079 3078 3028
f 3029 3030 3080
f 3080 3079 3029
f 3030 3031 3081
f 3081 3080 3030
f 3031 3032 3082
f 3082 3081 3031
f 3032 3033 3083
f 3083 3082 3032
f 3033 3034 3084
f 3084 3083 3033
f 3034 3035 3085
f 3085 3084 3034
f 3035 3036 3086
f 3086 3085 3035
f 3036 3037 3087
f 3087 3086 3036
f 3037 3038 3088
f 3088 3087 3037
f 3038 3039 3089
f 3089 3088 3038
f 3039 3040 3090
f 3090 3089 3039
f 3040 3041 3091
f 3091 3090 3040
f 3041 3042 3092
f 3092 3091 3041
f 3042 3043 3093
f 3093 3092 3042
f 3043 3044 3094
f 3094 3093 3043
f 3044 3045 3095
f 3095 3094 3044
f 3045 3046 3096
f 3096 3095 3045
f 3046 3047 3097
f 3097 3096 3046
f 3047 3048 3098
f 3098 3097 3047
f 3048 3049 3099
f 3099 3098 3048
f 3049 3050 3100
f 3100 3099 3049
f 3050 3001 3051
f 3051 3100 3050
f 3051 3052 3102
f 3102 3101 3051
f 3052 3053 3103
f 3103 3102 3052
f 3053 3054 3104
f 3104 3103 3053
f 3054 3055 3105
f 3105 3104 3054
f 3055 3056 3106
f 3106 3105 3055
f 3056 3057 3107
f 3107 3106 3056
f 3057 3058 3108
f 3108 3107 3057
f 3058 3059 3109
f 3109 3108 3058
f 3059 3060 3110
f 3110 3109 3059
f 3060 3061 3111
f 3111 3110 3060
f 3061 3062 3112
f 3112 3111 3061
f 3062 3063 3113
f 3113 3112 3062
f 3063 3064 3114
f 3114 3113 3063
f 3064 3065 3115
f 3115 3114 3064
f 3065 3066 3116
f 3116 3115 3065
f 3066 3067 3117
f 3117 3116 3066
f 3067 3068 3118
f 3118 3117 3067
f 3068 3069 3119
f 3119 3118 3068
f 3069 3070 3120
f 3120 3119 3069
f 3070 3071 3121
f 3121 3120 3070
f 3071 3072 3122
f 3122 3121 3071
f 3072 3073 3123
f 3123 3122 3072
f 3073 3074 3124
f 3124 3123 3073
f 3074 3075 3125
f 3125 3124 3074
f 3075 3076 3126
f 3126 3125 3075
f 3076 3077 3127
f 3127 3126 3076
f 3077 3078 3128
f 3128 3127 3077
f 3078 3079 3129
f 3129 3128 3078
f 3079 3080 3130
f 3130 3129 3079
f 3080 3081 3131
f 3131 3130 3080
f 3081 3082 3132
f 3132 3131 3081
f 3082 3083 3133
f 3133 3132 3082
f 3083 3084 3134
f 3134 3133 3083
f 3084 3085 3135
f 3135 3134 3084
f 3085 3086 3136
f 3136 3135 3085
f 3086 3087 3137
f 3137 3136 3086
f 3087 3088 3138
f 3138 3137 3087
f 3088 3089 3139
f 3139 3138 3088
f 3089 3090 3140
f 3140 3139 3089
f 3090 3091 3141
f 3141 3140 3090
f 3091 3092 3142
f 3142 3141 3091
f 3092 3093 3143
f 3143 3142 3092
f 3093 3094 3144
f 3144 3143 3093
f 3094 3095 3145
f 3145 3144 3094
f 3095 3096 3146
f 3146 3145 3095
f 3096 3097 3147
f 3147 3146 3096
f 3097 3098 3148
f 3148 3147 3097
f 3098 3099 3149
f 3149 3148 3098
f 3099 3100 3150
f 3150 3149 3099
f 3100 3051 3101
f 3101 3150 3100
f 3101 3102 3152
f 3152 3151 3101
f 3102 3103 3153
f 3153 3152 3102
f 3103 3104 3154
f 3154 3153 3103
f 3104 3105 3155
f 3155 3154 3104
f 3105 3106 3156
f 3156 3155 3105
f 3106 3107 3157
f 3157 3156 3106
f 3107 3108 3158
f 3158 3157 3107
f 3108 3109 3159
f 3159 3158 3108
f 3109 3110 3160
f 3160 3159 3109
f 3110 3111 3161
f 3161 3160 3110
f 3111 3112 3162
f 3162 3161 3111
f 3112 3113 3163
f 3163 3162 3112
f 3113 3114 3164
f 3164 3163 3113
f 3114 3115 3165
f 3165 3164 3114
f 3115 3116 3166
f 3166 3165 3115
f 3116 3117 3167
f 3167 3166 3116
f 3117 3118 3168
f 3168 3167 3117
f 3118 3119 3169
f 3169 3168 3118
f 3119 3120 3170
f 3170 3169 3119
f 3120 3121 3171
f 3171 3170 3120
f 3121 3122 3172
f 3172 3171 3121
f 3122 3123 3173
f 3173 3172 3122
f 3123 3124 3174
f 3174 3173 3123
f 3124 3125 3175
f 3175 3174 3124
f 3125 3126 3176
f 3176 3175 3125
f 3126 3127 3177
f 3177 3176 3126
f 3127 3128 3178
f 3178 3177 3127
f 3128 3129 3179
f 3179 3178 3128
f 3129 3130 3180
f 3180 3179 3129
f 3130 3131 3181
f 3181 3180 3130
f 3131 3132 3182
f 3182 3181 3131
f 3132 3133 3183
f 3183 3182 3132
f 3133 3134 3184
f 3184 3183 3133
f 3134 3135 3185
f 3185 3184 3134
f 3135 3136 3186
f 3186 3185 3135
f 3136 3137 3187
f 3187 3186 3136
f 3137 3138 3188
f 3188 3187 3137
f 3138 3139 3189
f 3189 3188 3138
f 3139 3140 3190
f 3190 3189 3139
f 3140 3141 3191
f 3191 3190 3140
f 3141 3142 3192
f 3192 3191 3141
f 3142 3143 3193
f 3193 3192 3142
f 3143 3144 3194
f 3194 3193 3143
f 3144 3145 3195
f 3195 3194 3144
f 3145 3146 3196
f 3196 3195 3145
f 3146 3147 3197
f 3197 3196 3146
f 3147 3148 3198
f 3198 3197 3147
f 3148 3149 3199
f 3199 3198 3148
f 3149 3150 3200
f 3200 3199 3149
f 3150 3101 3151
f 3151 3200 3150
f 3151 3152 3202
f 3202 3201 3151
f 3152 3153 3203
f 3203 3202 3152
f 3153 3154 3204
f 3204 3203 3153
f 3154 3155 3205
f 3205 3204 3154
f 3155 3156 3206
f 3206 3205 3155
f 3156 3157 3207
f 3207 3206 3156
f 3157 3158 3208
f 3208 3207 3157
f 3158 3159 3209
f 3209 3208 3158
f 3159 3160 3210
f 3210 3209 3159
f 3160 3161 3211
f 3211 3210 3160
f 3161 3162 3212
f 3212 3211 3161
f 3162 3163 3213
f 3213 3212 3162
f 3163 3164 3214
f 3214 3213 3163
f 3164 3165 3215
f 3215 3214 3164
f 3165 3166 3216
f 3216 3215 3165
f 3166 3167 3217
f 3217 3216 3166
f 3167 3168 3218
f 3218 3217 3167
f 3168 3169 3219
f 3219 3218 3168
f 3169 3170 3220
f 3220 3219 3169
f 3170 3171 3221
f 3221 3220 3170
f 3171 3172 3222
f 3222 3221 3171
f 3172 3173 3223
f 3223 3222 3172
f 3173 3174 3224
f 3224 3223 3173
f 3174 3175 3225
f 3225 3224 3174
f 3175 3176 3226
f 3226 3225 3175
f 3176 3177 3227
f 3227 3226 3176
f 3177 3178 3228
f 3228 3227 3177
f 3178 3179 3229
f 3229 3228 3178
f 3179 3180 3230
f 3230 3229 3179
f 3180 3181 3231
f 3231 3230 3180
f 3181 3182 3232
f 3232 3231 3181
f 3182 3183 3233
f 3233 3232 3182
f 3183 3184 3234
f 3234 3233 3183
f 3184 3185 3235
f 3235 3234 3184
f 3185 3186 3236
f 3236 3235 3185
f 3186 3187 3237
f 3237 3236 3186
f 3187 3188 3238
f 3238 3237 3187
f 3188 3189 3239
f 3239 3238 3188
f 3189 3190 3240
f 3240 3239 3189
f 3190 3191 3241
f 3241 3240 3190
f 3191 3192 3242
f 3242 3241 3191
f 3192 3193 3243
f 3243 3242 3192
f 3193 3194 3244
f 3244 3243 3193
f 3194 3195 3245
f 3245 3244 3194
f 3195 3196 3246
f 3246 3245 3195
f 3196 3197 3247
f 3247 3246 3196
f 3197 3198 3248
f 3248 3247 3197
f 3198 3199 3249
f 3249 3248 3198
f 3199 3200 3250
f 3250 3249 3199
f 3200 3151 3201
f 3201 3250 3200
f 3201 3202 3252
f 3252 3251 3201
f 3202 3203 3253
f 3253 3252 3202
f 3203 3204 3254
f 3254 3253 3203
f 3204 3205 3255
f 3255 3254 3204
f 3205 3206 3256
f 3256 3255 3205
f 3206 3207 3257
f 3257 3256 3206
f 3207 3208 3258
f 3258 3257 3207
f 3208 3209 3259
f 3259 3258 3208
f 3209 3210 3260
f 3260 3259 3209
f 3210 3211 3261
f 3261 3260 3210
f 3211 3212 3262
f 3262 3261 3211
f 3212 3213 3263
f 3263 3262 3212
f 3213 3214 3264
f 3264 3263 3213
f 3214 3215 3265
f 3265 3264 3214
f 3215 3216 3266
f 3266 3265 3215
f 3216 3217 3267
f 3267 3266 3216
f 3217 3218 3268
f 3268 3267 3217
f 3218 3219 3269
f 3269 3268 3218
f 3219 3220 3270
f 3270 3269 3219
f 3220 3221 3271
f 3271 3270 3220
f 3221 3222 3272
f 3272 3271 3221
f 3222 3223 3273
f 3273 3272 3222
f 3223 3224 3274
f 3274 3273 3223
f 3224 3225 3275
f 3275 3274 3224
f 3225 3226 3276
f 3276 3275 3225
f 3226 3227 3277
f 3277 3276 3226
f 3227 3228 3278
f 3278 3277 3227
f 3228 3229 3279
f 3279 3278 3228
f 3229 3230 3280
f 3280 3279 3229
f 3230 3231 3281
f 3281 3280 3230
f 3231 3232 3282
f 3282 3281 3231
f 3232 3233 3283
f 3283 3282 3232
f 3233 3234 3284
f 3284 3283 3233
f 3234 3235 3285
f 3285 3284 3234
f 3235 3236 3286
f 3286 3285 3235
f 3236 3237 3287
f 3287 3286 3236
f 3237 3238 3288
f 3288 3287 3237
f 3238 3239 3289
f 3289 3288 3238
f 3239 3240 3290
f 3290 3289 3239
f 3240 3241 3291
f 3291 3290 3240
f 3241 3242 3292
f 3292 3291 3241
f 3242 3243 3293
f 3293 3292 3242
f 3243 3244 3294
f 3294 3293 3243
f 3244 3245 3295
f 3295 3294 3244
f 3245 3246 3296
f 3296 3295 3245
f 3246 3247 3297
f 3297 3296 3246
f 3247 3248 3298
f 3298 3297 3247
f 3248 3249 3299
f 3299 3298 3248
f 3249 3250 3300
f 3300 3299 3249
f 3250 3201 3251
f 3251 3300 3250
f 3251 3252 3302
f 3302 3301 3251
f 3252 3253 3303
f 3303 3302 3252
f 3253 3254 3304
f 3304 3303 3253
f 3254 3255 3305
f 3305 3304 3254
f 3255 3256 3306
f 3306 3305 3255
f 3256 3257 3307
f 3307 3306 3256
f 3257 3258 3308
f 3308 3307 3257
f 3258 3259 3309
f 3309 3308 3258
f 3259 3260 3310
f 3310 3309 3259
f 3260 3261 3311
f 3311 3310 3260
f 3261 3262 3312
f 3312 3311 3261
f 3262 3263 3313
f 3313 3312 3262
f 3263 3264 3314
f 3314 3313 3263
f 3264 3265 3315
f 3315 3314 3264
f 3265 3266 3316
f 3316 3315 3265
f 3266 3267 3317
f 3317 3316 3266
f 3267 3268 3318
f 3318 3317 3267
f 3268 3269 3319
f 3319 3318 3268
f 3269 3270 3320
f 3320 3319 3269
f 3270 3271 3321
f 3321 3320 3270
f 3271 3272 3322
f 3322 3321 3271
f 3272 3273 3323
f 3323 3322 3272
f 3273 3274 3324
f 3324 3323 3273
f 3274 3275 3325
f 3325 3324 3274
f 3275 3276 3326
f 3326 3325 3275
f 3276 3277 3327
f 3327 3326 3276
f 3277 3278 3328
f 3328 3327 3277
f 3278 3279 3329
f 3329 3328 3278
f 3279 3280 3330
f 3330 3329 3279
f 3280 3281 3331
f 3331 3330 3280
f 3281 3282 3332
f 3332 3331 3281
f 3282 3283 3333
f 3333 3332 3282
f 3283 3284 3334
f 3334 3333 3283
f 3284 3285 3335
f 3335 3334 3284
f 3285 3286 3336
f 3336 3335 3285
f 3286 3287 3337
f 3337 3336 3286
f 3287 3288 3338
f 3338 3337 3287
f 3288 3289 3339
f 3339 3338 3288
f 3289 3290 3340
f 3340 3339 3289
f 3290 3291 3341
f 3341 3340 3290
f 3291 3292 3342
f 3342 3341 3291
f 3292 3293 3343
f 3343 3342 3292
f 3293 3294 3344
f 3344 3343 3293
f 3294 3295 3345
f 3345 3344 3294
f 3295 3296 3346
f 3346 3345 3295
f 3296 3297 3347
f 3347 3346 3296
f 3297 3298 3348
f 3348 3347 3297
f 3298 3299 3349
f 3349 3348 3298
f 3299 3300 3350
f 3350 3349 3299
f 3300 3251 3301
f 3301 3350 3300
f 3301 3302 3352
f 3352 3351 3301
f 3302 3303 3353
f 3353 3352 3302
f 3303 3304 3354
f 3354 3353 3303
f 3304 3305 3355
f 3355 3354 3304
f 3305 3306 3356
f 3356 3355 3305
f 3306 3307 3357
f 3357 3356 3306
f 3307 3308 3358
f 3358 3357 3307
f 3308 3309 3359
f 3359 3358 3308
f 3309 3310 3360
f 3360 3359 3309
f 3310 3311 3361
f 3361 3360 3310
f 3311 3312 3362
f 3362 3361 3311
f 3312 3313 3363
f 3363 3362 3312
f 3313 3314 3364
f 3364 3363 3313
f 3314 3315 3365
f 3365 3364 3314
f 3315 3316 3366
f 3366 3365 3315
f 3316 3317 3367
f 3367 3366 3316
f 3317 3318 3368
f 3368 3367 3317
f 3318 3319 3369
f 3369 3368 3318
f 3319 3320 3370
f 3370 3369 3319
f 3320 3321 3371
f 3371 3370 3320
f 3321 3322 3372
f 3372 3371 3321
f 3322 3323 3373
f 3373 3372 3322
f 3323 3324 3374
f 3374 3373 3323
f 3324 3325 3375
f 3375 3374 3324
f 3325 3326 3376
f 3376 3375 3325
f 3326 3327 3377
f 3377 3376 3326
f 3327 3328 3378
f 3378 3377 3327
f 3328 3329 3379
f 3379 3378 3328
f 3329 3330 3380
f 3380 3379 3329
f 3330 3331 3381
f 3381 3380 3330
f 3331 3332 3382
f 3382 3381 3331
f 3332 3333 3383
f 3383 3382 3332
f 3333 3334 3384
f 3384 3383 3333
f 3334 3335 3385
f 3385 3384 3334
f 3335 3336 3386
f 3386 3385 3335
f 3336 3337 3387
f 3387 3386 3336
f 3337 3338 3388
f 3388 3387 3337
f 3338 3339 3389
f 3389 3388 3338
f 3339 3340 3390
f 3390 3389 3339
f 3340 3341 3391
f 3391 3390 3340
f 3341 3342 3392
f 3392 3391 3341
f 3342 3343 3393
f 3393 3392 3342
f 3343 3344 3394
f 3394 3393 3343
f 3344 3345 3395
f 3395 3394 3344
f 3345 3346 3396
f 3396 3395 3345
f 3346 3347 3397
f 3397 3396 3346
f 3347 3348 3398
f 3398 3397 3347
f 3348 3349 3399
f 3399 3398 3348
f 3349 3350 3400
f 3400 3399 3349
f 3350 3301 3351
f 3351 3400 3350
f 3351 3352 3402
f 3402 3401 3351
f 3352 3353 3403
f 3403 3402 3352
f 3353 3354 3404
f 3404 3403 3353
f 3354 3355 3405
f 3405 3404 3354
f 3355 3356 3406
f 3406 3405 3355
f 3356 3357 3407
f 3407 3406 3356
f 3357 3358 3408
f 3408 3407 3357
f 3358 3359 3409
f 3409 3408 3358
f 3359 3360 3410
f 3410 3409 3359
f 3360 3361 3411
f 3411 3410 3360
f 3361 3362 3412
f 3412 3411 3361
f 3362 3363 3413
f 3413 3412 3362
f 3363 3364 3414
f 3414 3413 3363
f 3364 3365 3415
f 3415 3414 3364
f 3365 3366 3416
f 3416 3415 3365
f 3366 3367 3417
f 3417 3416 3366
f 3367 3368 3418
f 3418 3417 3367
f 3368 3369 3419
f 3419 3418 3368
f 3369 3370 3420
f 3420 3419 3369
f 3370 3371 3421
f 3421 3420 3370
f 3371 3372 3422
f 3422 3421 3371
f 3372 3373 3423
f 3423 3422 3372
f 3373 3374 3424
f 3424 3423 3373
f 3374 3375 3425
f 3425 3424 3374
f 3375 3376 3426
f 3426 3425 3375
f 3376 3377 3427
f 3427 3426 3376
f 3377 3378 3428
f 3428 3427 3377
f 3378 3379 3429
f 3429 3428 3378
f 3379 3380 3430
f 3430 3429 3379
f 3380 3381 3431
f 3431 3430 3380
f 3381 3382 3432
f 3432 3431 3381
f 3382 3383 3433
f 3433 3432 3382
f 3383 3384 3434
f 3434 3433 3383
f 3384 3385 3435
f 3435 3434 3384
f 3385 3386 3436
f 3436 3435 3385
f 3386 3387 3437
f 3437 3436 3386
f 3387 3388 3438
f 3438 3437 3387
f 3388 3389 3439
f 3439 3438 3388
f 3389 3390 3440
f 3440 3439 3389
f 3390 3391 3441
f 3441 3440 3390
f 3391 3392 3442
f 3442 3441 3391
f 3392 3393 3443
f 3443 3442 3392
f 3393 3394 3444
f 3444 3443 3393
f 3394 3395 3445
f 3445 3444 3394
f 3395 3396 3446
f 3446 3445 3395
f 3396 3397 3447
f 3447 3446 3396
f 3397 3398 3448
f 3448 3447 3397
f 3398 3399 3449
f 3449 3448 3398
f 3399 3400 3450
f 3450 3449 3399
f 3400 3351 3401
f 3401 3450 3400
f 3401 3402 3452
f 3452 3451 3401
f 3402 3403 3453
f 3453 3452 3402
f 3403 3404 3454
f 3454 3453 3403
f 3404 3405 3455
f 3455 3454 3404
f 3405 3406 3456
f 3456 3455 3405
f 3406 3407 3457
f 3457 3456 3406
f 3407 3408 3458
f 3458 3457 3407
f 3408 3409 3459
f 3459 3458 3408
f 3409 3410 3460
f 3460 3459 3409
f 3410 3411 3461
f 3461 3460 3410
f 3411 3412 3462
f 3462 3461 3411
f 3412 3413 3463
f 3463 3462 3412
f 3413 3414 3464
f 3464 3463 3413
f 3414 3415 3465
f 3465 3464 3414
f 3415 3416 3466
f 3466 3465 3415
f 3416 3417 3467
f 3467 3466 3416
f 3417 3418 3468
f 3468 3467 3417
f 3418 3419 3469
f 3469 3468 3418
f 3419 3420 3470
f 3470 3469 3419
f 3420 3421 3471
f 3471 3470 3420
f 3421 3422 3472
f 3472 3471 3421
f 3422 3423 3473
f 3473 3472 3422
f 3423 3424 3474
f 3474 3473 3423
f 3424 3425 3475
f 3475 3474 3424
f 3425 3426 3476
f 3476 3475 3425
f 3426 3427 3477
f 3477 3476 3426
f 3427 3428 3478
f 3478 3477 3427
f 3428 3429 3479
f 3479 3478 3428
f 3429 3430 3480
f 3480 3479 3429
f 3430 3431 3481
f 3481 3480 3430
f 3431 3432 3482
f 3482 3481 3431
f 3432 3433 3483
f 3483 3482 3432
f 3433 3434 3484
f 3484 3483 3433
f 3434 3435 3485
f 3485 3484 3434
f 3435 3436 3486
f 3486 3485 3435
f 3436 3437 3487
f 3487 3486 3436
f 3437 3438 3488
f 3488 3487 3437
f 3438 3439 3489
f 3489 3488 3438
f 3439 3440 3490
f 3490 3489 3439
f 3440 3441 3491
f 3491 3490 3440
f 3441 3442 3492
f 3492 3491 3441
f 3442 3443 3493
f 3493 3492 3442
f 3443 3444 3494
f 3494 3493 3443
f 3444 3445 3495
f 3495 3494 3444
f 3445 3446 3496
f 3496 3495 3445
f 3446 3447 3497
f 3497 3496 3446
f 3447 3448 3498
f 3498 3497 3447
f 3448 3449 3499
f 3499 3498 3448
f 3449 3450 3500
f 3500 3499 3449
f 3450 3401 3451
f 3451 3500 3450
f 3451 3452 3502
f 3502 3501 3451
f 3452 3453 3503
f 3503 3502 3452
f 3453 3454 3504
f 3504 3503 3453
f 3454 3455 3505
f 3505 3504 3454
f 3455 3456 3506
f 3506 3505 3455
f 3456 3457 3507
f 3507 3506 3456
f 3457 3458 3508
f 3508 3507 3457
f 3458 3459 3509
f 3509 3508 3458
f 3459 3460 3510
f 3510 3509 3459
f 3460 3461 3511
f 3511 3510 3460
f 3461 3462 3512
f 3512 3511 3461
f 3462 3463 3513
f 3513 3512 3462
f 3463 3464 3514
f 3514 3513 3463
f 3464 3465 3515
f 3515 3514 3464
f 3465 3466 3516
f 3516 3515 3465
f 3466 3467 3517
f 3517 3516 3466
f 3467 3468 3518
f 3518 3517 3467
f 3468 3469 3519
f 3519 3518 3468
f 3469 3470 3520
f 3520 3519 3469
f 3470 3471 3521
f 3521 3520 3470
f 3471 3472 3522
f 3522 3521 3471
f 3472 3473 3523
f 3523 3522 3472
f 3473 3474 3524
f 3524 3523 3473
f 3474 3475 3525
f 3525 3524 3474
f 3475 3476 3526
f 3526 3525 3475
f 3476 3477 3527
f 3527 3526 3476
f 3477 3478 3528
f 3528 3527 3477
f 3478 3479 3529
f 3529 3528 3478
f 3479 3480 3530
f 3530 3529 3479
f 3480 3481 3531
f 3531 3530 3480
f 3481 3482 3532
f 3532 3531 3481
f 3482 3483 3533
f 3533 3532 3482
f 3483 3484 3534
f 3534 3533 3483
f 3484 3485 3535
f 3535 3534 3484
f 3485 3486 3536
f 3536 3535 3485
f 3486 3487 3537
f 3537 3536 3486
f 3487 3488 3538
f 3538 3537 3487
f 3488 3489 3539
f 3539 3538 3488
f 3489 3490 3540
f 3540 3539 3489
f 3490 3491 3541
f 3541 3540 3490
f 3491 3492 3542
f 3542 3541 3491
f 3492 3493 3543
f 3543 3542 3492
f 3493 3494 3544
f 3544 3543 3493
f 3494 3495 3545
f 3545 3544 3494
f 3495 3496 3546
f 3546 3545 3495
f 3496 3497 3547
f 3547 3546 3496
f 3497 3498 3548
f 3548 3547 3497
f 3498 3499 3549
f 3549 3548 3498
f 3499 3500 3550
f 3550 3549 3499
f 3500 3451 3501
f 3501 3550 3500
f 3501 3502 3552
f 3552 3551 3501
f 3502 3503 3553
f 3553 3552 3502
f 3503 3504 3554
f 3554 3553 3503
f 3504 3505 3555
f 3555 3554 3504
f 3505 3506 3556
f 3556 3555 3505
f 3506 3507 3557
f 3557 3556 3506
f 3507 3508 3558
f 3558 3557 3507
f 3508 3509 3559
f 3559 3558 3508
f 3509 3510 3560
f 3560 3559 3509
f 3510 3511 3561
f 3561 3560 3510
f 3511 3512 3562
f 3562 3561 3511
f 3512 3513 3563
f 3563 3562 3512
f 3513 3514 3564
f 3564 3563 3513
f 3514 3515 3565
f 3565 3564 3514
f 3515 3516 3566
f 3566 3565 3515
f 3516 3517 3567
f 3567 3566 3516
f 3517 3518 3568
f 3568 3567 3517
f 3518 3519 3569
f 3569 3568 3518
f 3519 3520 3570
f 3570 3569 3519
f 3520 3521 3571
f 3571 3570 3520
f 3521 3522 3572
f 3572 3571 3521
f 3522 3523 3573
f 3573 3572 3522
f 3523 3524 3574
f 3574 3573 3523
f 3524 3525 3575
f 3575 3574 3524
f 3525 3526 3576
f 3576 3575 3525
f 3526 3527 3577
f 3577 3576 3526
f 3527 3528 3578
f 3578 3577 3527
f 3528 3529 3579
f 3579 3578 3528
f 3529 3530 3580
f 3580 3579 3529
f 3530 3531 3581
f 3581 3580 3530
f 3531 3532 3582
f 3582 3581 3531
f 3532 3533 3583
f 3583 3582 3532
f 3533 3534 3584
f 3584 3583 3533
f 3534 3535 3585
f 3585 3584 3534
f 3535 3536 3586
f 3586 3585 3535
f 3536 3537 3587
f 3587 3586 3536
f 3537 3538 3588
f 3588 3587 3537
f 3538 3539 3589
f 3589 3588 3538
f 3539 3540 3590
f 3590 3589 3539
f 3540 3541 3591
f 3591 3590 3540
f 3541 3542 3592
f 3592 3591 3541
f 3542 3543 3593
f 3593 3592 3542
f 3543 3544 3594
f 3594 3593 3543
f 3544 3545 3595
f 3595 3594 3544
f 3545 3546 3596
f 3596 3595 3545
f 3546 3547 3597
f 3597 3596 3546
f 3547 3548 3598
f 3598 3597 3547
f 3548 3549 3599
f 3599 3598 3548
f 3549 3550 3600
f 3600 3599 3549
f 3550 3501 3551
f 3551 3600 3550
f 3551 3552 3602
f 3602 3601 3551
f 3552 3553 3603
f 3603 3602 3552
f 3553 3554 3604
f 3604 3603 3553
f 3554 3555 3605
f 3605 3604 3554
f 3555 3556 3606
f 3606 3605 3555
f 3556 3557 3607
f 3607 3606 3556
f 3557 3558 3608
f 3608 3607 3557
f 3558 3559 3609
f 3609 3608 3558
f 3559 3560 3610
f 3610 3609 3559
f 3560 3561 3611
f 3611 3610 3560
f 3561 3562 3612
f 3612 3611 3561
f 3562 3563 3613
f 3613 3612 3562
f 3563 3564 3614
f 3614 3613 3563
f 3564 3565 3615
f 3615 3614 3564
f 3565 3566 3616
f 3616 3615 3565
f 3566 3567 3617
f 3617 3616 3566
f 3567 3568 3618
f 3618 3617 3567
f 3568 3569 3619
f 3619 3618 3568
f 3569 3570 3620
f 3620 3619 3569
f 3570 3571 3621
f 3621 3620 3570
f 3571 3572 3622
f 3622 3621 3571
f 3572 3573 3623
f 3623 3622 3572
f 3573 3574 3624
f 3624 3623 3573
f 3574 3575 3625
f 3625 3624 3574
f 3575 3576 3626
f 3626 3625 3575
f 3576 3577 3627
f 3627 3626 3576
f 3577 3578 3628
f 3628 3627 3577
f 3578 3579 3629
f 3629 3628 3578
f 3579 3580 3630
f 3630 3629 3579
f 3580 3581 3631
f 3631 3630 3580
f 3581 3582 3632
f 3632 3631 3581
f 3582 3583 3633
f 3633 3632 3582
f 3583 3584 3634
f 3634 3633 3583
f 3584 3585 3635
f 3635 3634 3584
f 3585 3586 3636
f 3636 3635 3585
f 3586 3587 3637
f 3637 3636 3586
f 3587 3588 3638
f 3638 3637 3587
f 3588 3589 3639
f 3639 3638 3588
f 3589 3590 3640
f 3640 3639 3589
f 3590 3591 3641
f 3641 3640 3590
f 3591 3592 3642
f 3642 3641 3591
f 3592 3593 3643
f 3643 3642 3592
f 3593 3594 3644
f 3644 3643 3593
f 3594 3595 3645
f 3645 3644 3594
f 3595 3596 3646
f 3646 3645 3595
f 3596 3597 3647
f 3647 3646 3596
f 3597 3598 3648
f 3648 3647 3597
f 3598 3599 3649
f 3649 3648 3598
f 3599 3600 3650
f 3650 3649 3599
f 3600 3551 3601
f 3601 3650 3600
f 3601 3602 3652
f 3652 3651 3601
f 3602 3603 3653
f 3653 3652 3602
f 3603 3604 3654
f 3654 3653 3603
f 3604 3605 3655
f 3655 3654 3604
f 3605 3606 3656
f 3656 3655 3605
f 3606 3607 3657
f 3657 3656 3606
f 3607 3608 3658
f 3658 3657 3607
f 3608 3609 3659
f 3659 3658 3608
f 3609 3610 3660
f 3660 3659 3609
f 3610 3611 3661
f 3661 3660 3610
f 3611 3612 3662
f 3662 3661 3611
f 3612 3613 3663
f 3663 3662 3612
f 3613 3614 3664
f 3664 3663 3613
f 3614 3615 3665
f 3665 3664 3614
f 3615 3616 3666
f 3666 3665 3615
f 3616 3617 3667
f 3667 3666 3616
f 3617 3618 3668
f 3668 3667 3617
f 3618 3619 3669
f 3669 3668 3618
f 3619 3620 3670
f 3670 3669 3619
f 3620 3621 3671
f 3671 3670 3620
f 3621 3622 3672
f 3672 3671 3621
f 3622 3623 3673
f 3673 3672 3622
f 3623 3624 3674
f 3674 3673 3623
f 3624 3625 3675
f 3675 3674 3624
f 3625 3626 3676
f 3676 3675 3625
f 3626 3627 3677
f 3677 3676 3626
f 3627 3628 3678
f 3678 3677 3627
f 3628 3629 3679
f 3679 3678 3628
f 3629 3630 3680
f 3680 3679 3629
f 3630 3631 3681
f 3681 3680 3630
f 3631 3632 3682
f 3682 3681 3631
f 3632 3633 3683
f 3683 3682 3632
f 3633 3634 3684
f 3684 3683 3633
f 3634 3635 3685
f 3685 3684 3634
f 3635 3636 3686
f 3686 3685 3635
f 3636 3637 3687
f 3687 3686 3636
f 3637 3638 3688
f 3688 3687 3637
f 3638 3639 3689
f 3689 3688 3638
f 3639 3640 3690
f 3690 3689 3639
f 3640 3641 3691
f 3691 3690 3640
f 3641 3642 3692
f 3692 3691 3641
f 3642 3643 3693
f 3693 3692 3642
f 3643 3644 3694
f 3694 3693 3643
f 3644 3645 3695
f 3695 3694 3644
f 3645 3646 3696
f 3696 3695 3645
f 3646 3647 3697
f 3697 3696 3646
f 3647 3648 3698
f 3698 3697 3647
f 3648 3649 3699
f 3699 3698 3648
f 3649 3650 3700
f 3700 3699 3649
f 3650 3601 3651
f 3651 3700 3650
f 3651 3652 3702
f 3702 3701 3651
f 3652 3653 3703
f 3703 3702 3652
f 3653 3654 3704
f 3704 3703 3653
f 3654 3655 3705
f 3705 3704 3654
f 3655 3656 3706
f 3706 3705 3655
f 3656 3657 3707
f 3707 3706 3656
f 3657 3658 3708
f 3708 3707 3657
f 3658 3659 3709
f 3709 3708 3658
f 3659 3660 3710
f 3710 3709 3659
f 3660 3661 3711
f 3711 3710 3660
f 3661 3662 3712
f 3712 3711 3661
f 3662 3663 3713
f 3713 3712 3662
f 3663 3664 3714
f 3714 3713 3663
f 3664 3665 3715
f 3715 3714 3664
f 3665 3666 3716
f 3716 3715 3665
f 3666 3667 3717
f 3717 3716 3666
f 3667 3668 3718
f 3718 3717 3667
f 3668 3669 3719
f 3719 3718 3668
f 3669 3670 3720
f 3720 3719 3669
f 3670 3671 3721
f 3721 3720 3670
f 3671 3672 3722
f 3722 3721 3671
f 3672 3673 3723
f 3723 3722 3672
f 3673 3674 3724
f 3724 3723 3673
f 3674 3675 3725
f 3725 3724 3674
f 3675 3676 3726
f 3726 3725 3675
f 3676 3677 3727
f 3727 3726 3676
f 3677 3678 3728
f 3728 3727 3677
f 3678 3679 3729
f 3729 3728 3678
f 3679 3680 3730
f 3730 3729 3679
f 3680 3681 3731
f 3731 3730 3680
f 3681 3682 3732
f 3732 3731 3681
f 3682 3683 3733
f 3733 3732 3682
f 3683 3684 3734
f 3734 3733 3683
f 3684 3685 3735
f 3735 3734 3684
f 3685 3686 3736
f 3736 3735 3685
f 3686 3687 3737
f 3737 3736 3686
f 3687 3688 3738
f 3738 3737 3687
f 3688 3689 3739
f 3739 3738 3688
f 3689 3690 3740
f 3740 3739 3689
f 3690 3691 3741
f 3741 3740 3690
f 3691 3692 3742
f 3742 3741 3691
f 3692 3693 3743
f 3743 3742 3692
f 3693 3694 3744
f 3744 3743 3693
f 3694 3695 3745
f 3745 3744 3694
f 3695 3696 3746
f 3746 3745 3695
f 3696 3697 3747
f 3747 3746 3696
f 3697 3698 3748
f 3748 3747 3697
f 3698 3699 3749
f 3749 3748 3698
f 3699 3700 3750
f 3750 3749 3699
f 3700 3651 3701
f 3701 3750 3700
f 3701 3702 3752
f 3752 3751 3701
f 3702 3703 3753
f 3753 3752 3702
f 3703 3704 3754
f 3754 3753 3703
f 3704 3705 3755
f 3755 3754 3704
f 3705 3706 3756
f 3756 3755 3705
f 3706 3707 3757
f 3757 3756 3706
f 3707 3708 3758
f 3758 3757 3707
f 3708 3709 3759
f 3759 3758 3708
f 3709 3710 3760
f 3760 3759 3709
f 3710 3711 3761
f 3761 3760 3710
f 3711 3712 3762
f 3762 3761 3711
f 3712 3713 3763
f 3763 3762 3712
f 3713 3714 3764
f 3764 3763 3713
f 3714 3715 3765
f 3765 3764 3714
f 3715 3716 3766
f 3766 3765 3715
f 3716 3717 3767
f 3767 3766 3716
f 3717 3718 3768
f 3768 3767 3717
f 3718 3719 3769
f 3769 3768 3718
f 3719 3720 3770
f 3770 3769 3719
f 3720 3721 3771
f 3771 3770 3720
f 3721 3722 3772
f 3772 3771 3721
f 3722 3723 3773
f 3773 3772 3722
f 3723 3724 3774
f 3774 3773 3723
f 3724 3725 3775
f 3775 3774 3724
f 3725 3726 3776
f 3776 3775 3725
f 3726 3727 3777
f 3777 3776 3726
f 3727 3728 3778
f 3778 3777 3727
f 3728 3729 3779
f 3779 3778 3728
f 3729 3730 3780
f 3780 3779 3729
f 3730 3731 3781
f 3781 3780 3730
f 3731 3732 3782
f 3782 3781 3731
f 3732 3733 3783
f 3783 3782 3732
f 3733 3734 3784
f 3784 3783 3733
f 3734 3735 3785
f 3785 3784 3734
f 3735 3736 3786
f 3786 3785 3735
f 3736 3737 3787
f 3787 3786 3736
f 3737 3738 3788
f 3788 3787 3737
f 3738 3739 3789
f 3789 3788 3738
f 3739 3740 3790
f 3790 3789 3739
f 3740 3741 3791
f 3791 3790 3740
f 3741 3742 3792
f 3792 3791 3741
f 3742 3743 3793
f 3793 3792 3742
f 3743 3744 3794
f 3794 3793 3743
f 3744 3745 3795
f 3795 3794 3744
f 3745 3746 3796
f 3796 3795 3745
f 3746 3747 3797
f 3797 3796 3746
f 3747 3748 3798
f 3798 3797 3747
f 3748 3749 3799
f 3799 3798 3748
f 3749 3750 3800
f 3800 3799 3749
f 3750 3701 3751
f 3751 3800 3750
f 3751 3752 3802
f 3802 3801 3751
f 3752 3753 3803
f 3803 3802 3752
f 3753 3754 3804
f 3804 3803 3753
f 3754 3755 3805
f 3805 3804 3754
f 3755 3756 3806
f 3806 3805 3755
f 3756 3757 3807
f 3807 3806 3756
f 3757 3758 3808
f 3808 3807 3757
f 3758 3759 3809
f 3809 3808 3758
f 3759 3760 3810
f 3810 3809 3759
f 3760 3761 3811
f 3811 3810 3760
f 3761 3762 3812
f 3812 3811 3761
f 3762 3763 3813
f 3813 3812 3762
f 3763 3764 3814
f 3814 3813 3763
f 3764 3765 3815
f 3815 3814 3764
f 3765 3766 3816
f 3816 3815 3765
f 3766 3767 3817
f 3817 3816 3766
f 3767 3768 3818
f 3818 3817 3767
f 3768 3769 3819
f 3819 3818 3768
f 3769 3770 3820
f 3820 3819 3769
f 3770 3771 3821
f 3821 3820 3770
f 3771 3772 3822
f 3822 3821 3771
f 3772 3773 3823
f 3823 3822 3772
f 3773 3774 3824
f 3824 3823 3773
f 3774 3775 3825
f 3825 3824 3774
f 3775 3776 3826
f 3826 3825 3775
f 3776 3777 3827
f 3827 3826 3776
f 3777 3778 3828
f 3828 3827 3777
f 3778 3779 3829
f 3829 3828 3778
f 3779 3780 3830
f 3830 3829 3779
f 3780 3781 3831
f 3831 3830 3780
f 3781 3782 3832
f 3832 3831 3781
f 3782 3783 3833
f 3833 3832 3782
f 3783 3784 3834
f 3834 3833 3783
f 3784 3785 3835
f 3835 3834 3784
f 3785 3786 3836
f 3836 3835 3785
f 3786 3787 3837
f 3837 3836 3786
f 3787 3788 3838
f 3838 3837 3787
f 3788 3789 3839
f 3839 3838 3788
f 3789 3790 3840
f 3840 3839 3789
f 3790 3791 3841
f 3841 3840 3790
f 3791 3792 3842
f 3842 3841 3791
f 3792 3793 3843
f 3843 3842 3792
f 3793 3794 3844
f 3844 3843 3793
f 3794 3795 3845
f 3845 3844 3794
f 3795 3796 3846
f 3846 3845 3795
f 3796 3797 3847
f 3847 3846 3796
f 3797 3798 3848
f 3848 3847 3797
f 3798 3799 3849
f 3849 3848 3798
f 3799 3800 3850
f 3850 3849 3799
f 3800 3751 3801
f 3801 3850 3800
f 3801 3802 3852
f 3852 3851 3801
f 3802 3803 3853
f 3853 3852 3802
f 3803 3804 3854
f 3854 3853 3803
f 3804 3805 3855
f 3855 3854 3804
f 3805 3806 3856
f 3856 3855 3805
f 3806 3807 3857
f 3857 3856 3806
f 3807 3808 3858
f 3858 3857 3807
f 3808 3809 3859
f 3859 3858 3808
f 3809 3810 3860
f 3860 3859 3809
f 3810 3811 3861
f 3861 3860 3810
f 3811 3812 3862
f 3862 3861 3811
f 3812 3813 3863
f 3863 3862 3812
f 3813 3814 3864
f 3864 3863 3813
f 3814 3815 3865
f 3865 3864 3814
f 3815 3816 3866
f 3866 3865 3815
f 3816 3817 3867
f 3867 3866 3816
f 3817 3818 3868
f 3868 3867 3817
f 3818 3819 3869
f 3869 3868 3818
f 3819 3820 3870
f 3870 3869 3819
f 3820 3821 3871
f 3871 3870 3820
f 3821 3822 3872
f 3872 3871 3821
f 3822 3823 3873
f 3873 3872 3822
f 3823 3824 3874
f 3874 3873 3823
f 3824 3825 3875
f 3875 3874 3824
f 3825 3826 3876
f 3876 3875 3825
f 3826 3827 3877
f 3877 3876 3826
f 3827 3828 3878
f 3878 3877 3827
f 3828 3829 3879
f 3879 3878 3828
f 3829 3830 3880
f 3880 3879 3829
f 3830 3831 3881
f 3881 3880 3830
f 3831 3832 3882
f 3882 3881 3831
f 3832 3833 3883
f 3883 3882 3832
f 3833 3834 3884
f 3884 3883 3833
f 3834 3835 3885
f 3885 3884 3834
f 3835 3836 3886
f 3886 3885 3835
f 3836 3837 3887
f 3887 3886 3836
f 3837 3838 3888
f 3888 3887 3837
f 3838 3839 3889
f 3889 3888 3838
f 3839 3840 3890
f 3890 3889 3839
f 3840 3841 3891
f 3891 3890 3840
f 3841 3842 3892
f 3892 3891 3841
f 3842 3843 3893
f 3893 3892 3842
f 3843 3844 3894
f 3894 3893 3843
f 3844 3845 3895
f 3895 3894 3844
f 3845 3846 3896
f 3896 3895 3845
f 3846 3847 3897
f 3897 3896 3846
f 3847 3848 3898
f 3898 3897 3847
f 3848 3849 3899
f 3899 3898 3848
f 3849 3850 3900
f 3900 3899 3849
f 3850 3801 3851
f 3851 3900 3850
f 3851 3852 3902
f 3902 3901 3851
f 3852 3853 3903
f 3903 3902 3852
f 3853 3854 3904
f 3904 3903 3853
f 3854 3855 3905
f 3905 3904 3854
f 3855 3856 3906
f 3906 3905 3855
f 3856 3857 3907
f 3907 3906 3856
f 3857 3858 3908
f 3908 3907 3857
f 3858 3859 3909
f 3909 3908 3858
f 3859 3860 3910
f 3910 3909 3859
f 3860 3861 3911
f 3911 3910 3860
f 3861 3862 3912
f 3912 3911 3861
f 3862 3863 3913
f 3913 3912 3862
f 3863 3864 3914
f 3914 3913 3863
f 3864 3865 3915
f 3915 3914 3864
f 3865 3866 3916
f 3916 3915 3865
f 3866 3867 3917
f 3917 3916 3866
f 3867 3868 3918
f 3918 3917 3867
f 3868 3869 3919
f 3919 3918 3868
f 3869 3870 3920
f 3920 3919 3869
f 3870 3871 3921
f 3921 3920 3870
f 3871 3872 3922
f 3922 3921 3871
f 3872 3873 3923
f 3923 3922 3872
f 3873 3874 3924
f 3924 3923 3873
f 3874 3875 3925
f 3925 3924 3874
f 3875 3876 3926
f 3926 3925 3875
f 3876 3877 3927
f 3927 3926 3876
f 3877 3878 3928
f 3928 3927 3877
f 3878 3879 3929
f 3929 3928 3878
f 3879 3880 3930
f 3930 3929 3879
f 3880 3881 3931
f 3931 3930 3880
f 3881 3882 3932
f 3932 3931 3881
f 3882 3883 3933
f 3933 3932 3882
f 3883 3884 3934
f 3934 3933 3883
f 3884 3885 3935
f 3935 3934 3884
f 3885 3886 3936
f 3936 3935 3885
f 3886 3887 3937
f 3937 3936 3886
f 3887 3888 3938
f 3938 3937 3887
f 3888 3889 3939
f 3939 3938 3888
f 3889 3890 3940
f 3940 3939 3889
f 3890 3891 3941
f 3941 3940 3890
f 3891 3892 3942
f 3942 3941 3891
f 3892 3893 3943
f 3943 3942 3892
f 3893 3894 3944
f 3944 3943 3893
f 3894 3895 3945
f 3945 3944 3894
f 3895 3896 3946
f 3946 3945 3895
f 3896 3897 3947
f 3947 3946 3896
f 3897 3898 3948
f 3948 3947 3897
f 3898 3899 3949
f 3949 3948 3898
f 3899 3900 3950
f 3950 3949 3899
f 3900 3851 3901
f 3901 3950 3900
f 3901 3902 3952
f 3952 3951 3901
f 3902 3903 3953
f 3953 3952 3902
f 3903 3904 3954
f 3954 3953 3903
f 3904 3905 3955
f 3955 3954 3904
f 3905 3906 3956
f 3956 3955 3905
f 3906 3907 3957
f 3957 3956 3906
f 3907 3908 3958
f 3958 3957 3907
f 3908 3909 3959
f 3959 3958 3908
f 3909 3910 3960
f 3960 3959 3909
f 3910 3911 3961
f 3961 3960 3910
f 3911 3912 3962
f 3962 3961 3911
f 3912 3913 3963
f 3963 3962 3912
f 3913 3914 3964
f 3964 3963 3913
f 3914 3915 3965
f 3965 3964 3914
f 3915 3916 3966
f 3966 3965 3915
f 3916 3917 3967
f 3967 3966 3916
f 3917 3918 3968
f 3968 3967 3917
f 3918 3919 3969
f 3969 3968 3918
f 3919 3920 3970
f 3970 3969 3919
f 3920 3921 3971
f 3971 3970 3920
f 3921 3922 3972
f 3972 3971 3921
f 3922 3923 3973
f 3973 3972 3922
f 3923 3924 3974
f 3974 3973 3923
f 3924 3925 3975
f 3975 3974 3924
f 3925 3926 3976
f 3976 3975 3925
f 3926 3927 3977
f 3977 3976 3926
f 3927 3928 3978
f 3978 3977 3927
f 3928 3929 3979
f 3979 3978 3928
f 3929 3930 3980
f 3980 3979 3929
f 3930 3931 3981
f 3981 3980 3930
f 3931 3932 3982
f 3982 3981 3931
f 3932 3933 3983
f 3983 3982 3932
f 3933 3934 3984
f 3984 3983 3933
f 3934 3935 3985
f 3985 3984 3934
f 3935 3936 3986
f 3986 3985 3935
f 3936 3937 3987
f 3987 3986 3936
f 3937 3938 3988
f 3988 3987 3937
f 3938 3939 3989
f 3989 3988 3938
f 3939 3940 3990
f 3990 3989 3939
f 3940 3941 3991
f 3991 3990 3940
f 3941 3942 3992
f 3992 3991 3941
f 3942 3943 3993
f 3993 3992 3942
f 3943 3944 3994
f 3994 3993 3943
f 3944 3945 3995
f 3995 3994 3944
f 3945 3946 3996
f 3996 3995 3945
f 3946 3947 3997
f 3997 3996 3946
f 3947 3948 3998
f 3998 3997 3947
f 3948 3949 3999
f 3999 3998 3948
f 3949 3950 4000
f 4000 3999 3949
f 3950 3901 3951
f 3951 4000 3950
f 3951 3952 4002
f 4002 4001 3951
f 3952 3953 4003
f 4003 4002 3952
f 3953 3954 4004
f 4004 4003 3953
f 3954 3955 4005
f 4005 4004 3954
f 3955 3956 4006
f 4006 4005 3955
f 3956 3957 4007
f 4007 4006 3956
f 3957 3958 4008
f 4008 4007 3957
f 3958 3959 4009
f 4009 4008 3958
f 3959 3960 4010
f 4010 4009 3959
f 3960 3961 4011
f 4011 4010 3960
f 3961 3962 4012
f 4012 4011 3961
f 3962 3963 4013
f 4013 4012 3962
f 3963 3964 4014
f 4014 4013 3963
f 3964 3965 4015
f 4015 4014 3964
f 3965 3966 4016
f 4016 4015 3965
f 3966 3967 4017
f 4017 4016 3966
f 3967 3968 4018
f 4018 4017 3967
f 3968 3969 4019
f 4019 4018 3968
f 3969 3970 4020
f 4020 4019 3969
f 3970 3971 4021
f 4021 4020 3970
f 3971 3972 4022
f 4022 4021 3971
f 3972 3973 4023
f 4023 4022 3972
f 3973 3974 4024
f 4024 4023 3973
f 3974 3975 4025
f 4025 4024 3974
f 3975 3976 4026
f 4026 4025 3975
f 3976 3977 4027
f 4027 4026 3976
f 3977 3978 4028
f 4028 4027 3977
f 3978 3979 4029
f 4029 4028 3978
f 3979 3980 4030
f 4030 4029 3979
f 3980 3981 4031
f 4031 4030 3980
f 3981 3982 4032
f 4032 4031 3981
f 3982 3983 4033
f 4033 4032 3982
f 3983 3984 4034
f 4034 4033 3983
f 3984 3985 4035
f 4035 4034 3984
f 3985 3986 4036
f 4036 4035 3985
f 3986 3987 4037
f 4037 4036 3986
f 3987 3988 4038
f 4038 4037 3987
f 3988 3989 4039
f 4039 4038 3988
f 3989 3990 4040
f 4040 4039 3989
f 3990 3991 4041
f 4041 4040 3990
f 3991 3992 4042
f 4042 4041 3991
f 3992 3993 4043
f 4043 4042 3992
f 3993 3994 4044
f 4044 4043 3993
f 3994 3995 4045
f 4045 4044 3994
f 3995 3996 4046
f 4046 4045 3995
f 3996 3997 4047
f 4047 4046 3996
f 3997 3998 4048
f 4048 4047 3997
f 3998 3999 4049
f 4049 4048 3998
f 3999 4000 4050
f 4050 4049 3999
f 4000 3951 4001
f 4001 4050 4000
f 4001 4002 4052
f 4052 4051 4001
f 4002 4003 4053
f 4053 4052 4002
f 4003 4004 4054
f 4054 4053 4003
f 4004 4005 4055
f 4055 4054 4004
f 4005 4006 4056
f 4056 4055 4005
f 4006 4007 4057
f 4057 4056 4006
f 4007 4008 4058
f 4058 4057 4007
f 4008 4009 4059
f 4059 4058 4008
f 4009 4010 4060
f 4060 4059 4009
f 4010 4011 4061
f 4061 4060 4010
f 4011 4012 4062
f 4062 4061 4011
f 4012 4013 4063
f 4063 4062 4012
f 4013 4014 4064
f 4064 4063 4013
f 4014 4015 4065
f 4065 4064 4014
f 4015 4016 4066
f 4066 4065 4015
f 4016 4017 4067
f 4067 4066 4016
f 4017 4018 4068
f 4068 4067 4017
f 4018 4019 4069
f 4069 4068 4018
f 4019 4020 4070
f 4070 4069 4019
f 4020 4021 4071
f 4071 4070 4020
f 4021 4022 4072
f 4072 4071 4021
f 4022 4023 4073
f 4073 4072 4022
f 4023 4024 4074
f 4074 4073 4023
f 4024 4025 4075
f 4075 4074 4024
f 4025 4026 4076
f 4076 4075 4025
f 4026 4027 4077
f 4077 4076 4026
f 4027 4028 4078
f 4078 4077 4027
f 4028 4029 4079
f 4079 4078 4028
f 4029 4030 4080
f 4080 4079 4029
f 4030 4031 4081
f 4081 4080 4030
f 4031 4032 4082
f 4082 4081 4031
f 4032 4033 4083
f 4083 4082 4032
f 4033 4034 4084
f 4084 4083 4033
f 4034 4035 4085
f 4085 4084 4034
f 4035 4036 4086
f 4086 4085 4035
f 4036 4037 4087
f 4087 4086 4036
f 4037 4038 4088
f 4088 4087 4037
f 4038 4039 4089
f 4089 4088 4038
f 4039 4040 4090
f 4090 4089 4039
f 4040 4041 4091
f 4091 4090 4040
f 4041 4042 4092
f 4092 4091 4041
f 4042 4043 4093
f 4093 4092 4042
f 4043 4044 4094
f 4094 4093 4043
f 4044 4045 4095
f 4095 4094 4044
f 4045 4046 4096
f 4096 4095 4045
f 4046 4047 4097
f 4097 4096 4046
f 4047 4048 4098
f 4098 4097 4047
f 4048 4049 4099
f 4099 4098 4048
f 4049 4050 4100
f 4100 4099 4049
f 4050 4001 4051
f 4051 4100 4050
f 4051 4052 4102
f 4102 4101 4051
f 4052 4053 4103
f 4103 4102 4052
f 4053 4054 4104
f 4104 4103 4053
f 4054 4055 4105
f 4105 4104 4054
f 4055 4056 4106
f 4106 4105 4055
f 4056 4057 4107
f 4107 4106 4056
f 4057 4058 4108
f 4108 4107 4057
f 4058 4059 4109
f 4109 4108 4058
f 4059 4060 4110
f 4110 4109 4059
f 4060 4061 4111
f 4111 4110 4060
f 4061 4062 4112
f 4112 4111 4061
f 4062 4063 4113
f 4113 4112 4062
f 4063 4064 4114
f 4114 4113 4063
f 4064 4065 4115
f 4115 4114 4064
f 4065 4066 4116
f 4116 4115 4065
f 4066 4067 4117
f 4117 4116 4066
f 4067 4068 4118
f 4118 4117 4067
f 4068 4069 4119
f 4119 4118 4068
f 4069 4070 4120
f 4120 4119 4069
f 4070 4071 4121
f 4121 4120 4070
f 4071 4072 4122
f 4122 4121 4071
f 4072 4073 4123
f 4123 4122 4072
f 4073 4074 4124
f 4124 4123 4073
f 4074 4075 4125
f 4125 4124 4074
f 4075 4076 4126
f 4126 4125 4075
f 4076 4077 4127
f 4127 4126 4076
f 4077 4078 4128
f 4128 4127 4077
f 4078 4079 4129
f 4129 4128 4078
f 4079 4080 4130
f 4130 4129 4079
f 4080 4081 4131
f 4131 4130 4080
f 4081 4082 4132
f 4132 4131 4081
f 4082 4083 4133
f 4133 4132 4082
f 4083 4084 4134
f 4134 4133 4083
f 4084 4085 4135
f 4135 4134 4084
f 4085 4086 4136
f 4136 4135 4085
f 4086 4087 4137
f 4137 4136 4086
f 4087 4088 4138
f 4138 4137 4087
f 4088 4089 4139
f 4139 4138 4088
f 4089 4090 4140
f 4140 4139 4089
f 4090 4091 4141
f 4141 4140 4090
f 4091 4092 4142
f 4142 4141 4091
f 4092 4093 4143
f 4143 4142 4092
f 4093 4094 4144
f 4144 4143 4093
f 4094 4095 4145
f 4145 4144 4094
f 4095 4096 4146
f 4146 4145 4095
f 4096 4097 4147
f 4147 4146 4096
f 4097 4098 4148
f 4148 4147 4097
f 4098 4099 4149
f 4149 4148 4098
f 4099 4100 4150
f 4150 4149 4099
f 4100 4051 4101
f 4101 4150 4100
f 4101 4102 4152
f 4152 4151 4101
f 4102 4103 4153
f 4153 4152 4102
f 4103 4104 4154
f 4154 4153 4103
f 4104 4105 4155
f 4155 4154 4104
f 4105 4106 4156
f 4156 4155 4105
f 4106 4107 4157
f 4157 4156 4106
f 4107 4108 4158
f 4158 4157 4107
f 4108 4109 4159
f 4159 4158 4108
f 4109 4110 4160
f 4160 4159 4109
f 4110 4111 4161
f 4161 4160 4110
f 4111 4112 4162
f 4162 4161 4111
f 4112 4113 4163
f 4163 4162 4112
f 4113 4114 4164
f 4164 4163 4113
f 4114 4115 4165
f 4165 4164 4114
f 4115 4116 4166
f 4166 4165 4115
f 4116 4117 4167
f 4167 4166 4116
f 4117 4118 4168
f 4168 4167 4117
f 4118 4119 4169
f 4169 4168 4118
f 4119 4120 4170
f 4170 4169 4119
f 4120 4121 4171
f 4171 4170 4120
f 4121 4122 4172
f 4172 4171 4121
f 4122 4123 4173
f 4173 4172 4122
f 4123 4124 4174
f 4174 4173 4123
f 4124 4125 4175
f 4175 4174 4124
f 4125 4126 4176
f 4176 4175 4125
f 4126 4127 4177
f 4177 4176 4126
f 4127 4128 4178
f 4178 4177 4127
f 4128 4129 4179
f 4179 4178 4128
f 4129 4130 4180
f 4180 4179 4129
f 4130 4131 4181
f 4181 4180 4130
f 4131 4132 4182
f 4182 4181 4131
f 4132 4133 4183
f 4183 4182 4132
f 4133 4134 4184
f 4184 4183 4133
f 4134 4135 4185
f 4185 4184 4134
f 4135 4136 4186
f 4186 4185 4135
f 4136 4137 4187
f 4187 4186 4136
f 4137 4138 4188
f 4188 4187 4137
f 4138 4139 4189
f 4189 4188 4138
f 4139 4140 4190
f 4190 4189 4139
f 4140 4141 4191
f 4191 4190 4140
f 4141 4142 4192
f 4192 4191 4141
f 4142 4143 4193
f 4193 4192 4142
f 4143 4144 4194
f 4194 4193 4143
f 4144 4145 4195
f 4195 4194 4144
f 4145 4146 4196
f 4196 4195 4145
f 4146 4147 4197
f 4197 4196 4146
f 4147 4148 4198
f 4198 4197 4147
f 4148 4149 4199
f 4199 4198 4148
f 4149 4150 4200
f 4200 4199 4149
f 4150 4101 4151
f 4151 4200 4150
f 4151 4152 4202
f 4202 4201 4151
f 4152 4153 4203
f 4203 4202 4152
f 4153 4154 4204
f 4204 4203 4153
f 4154 4155 4205
f 4205 4204 4154
f 4155 4156 4206
f 4206 4205 4155
f 4156 4157 4207
f 4207 4206 4156
f 4157 4158 4208
f 4208 4207 4157
f 4158 4159 4209
f 4209 4208 4158
f 4159 4160 4210
f 4210 4209 4159
f 4160 4161 4211
f 4211 4210 4160
f 4161 4162 4212
f 4212 4211 4161
f 4162 4163 4213
f 4213 4212 4162
f 4163 4164 4214
f 4214 4213 4163
f 4164 4165 4215
f 4215 4214 4164
f 4165 4166 4216
f 4216 4215 4165
f 4166 4167 4217
f 4217 4216 4166
f 4167 4168 4218
f 4218 4217 4167
f 4168 4169 4219
f 4219 4218 4168
f 4169 4170 4220
f 4220 4219 4169
f 4170 4171 4221
f 4221 4220 4170
f 4171 4172 4222
f 4222 4221 4171
f 4172 4173 4223
f 4223 4222 4172
f 4173 4174 4224
f 4224 4223 4173
f 4174 4175 4225
f 4225 4224 4174
f 4175 4176 4226
f 4226 4225 4175
f 4176 4177 4227
f 4227 4226 4176
f 4177 4178 4228
f 4228 4227 4177
f 4178 4179 4229
f 4229 4228 4178
f 4179 4180 4230
f 4230 4229 4179
f 4180 4181 4231
f 4231 4230 4180
f 4181 4182 4232
f 4232 4231 4181
f 4182 4183 4233
f 4233 4232 4182
f 4183 4184 4234
f 4234 4233 4183
f 4184 4185 4235
f 4235 4234 4184
f 4185 4186 4236
f 4236 4235 4185
f 4186 4187 4237
f 4237 4236 4186
f 4187 4188 4238
f 4238 4237 4187
f 4188 4189 4239
f 4239 4238 4188
f 4189 4190 4240
f 4240 4239 4189
f 4190 4191 4241
f 4241 4240 4190
f 4191 4192 4242
f 4242 4241 4191
f 4192 4193 4243
f 4243 4242 4192
f 4193 4194 4244
f 4244 4243 4193
f 4194 4195 4245
f 4245 4244 4194
f 4195 4196 4246
f 4246 4245 4195
f 4196 4197 4247
f 4247 4246 4196
f 4197 4198 4248
f 4248 4247 4197
f 4198 4199 4249
f 4249 4248 4198
f 4199 4200 4250
f 4250 4249 4199
f 4200 4151 4201
f 4201 4250 4200
f 4201 4202 4252
f 4252 4251 4201
f 4202 4203 4253
f 4253 4252 4202
f 4203 4204 4254
f 4254 4253 4203
f 4204 4205 4255
f 4255 4254 4204
f 4205 4206 4256
f 4256 4255 4205
f 4206 4207 4257
f 4257 4256 4206
f 4207 4208 4258
f 4258 4257 4207
f 4208 4209 4259
f 4259 4258 4208
f 4209 4210 4260
f 4260 4259 4209
f 4210 4211 4261
f 4261 4260 4210
f 4211 4212 4262
f 4262 4261 4211
f 4212 4213 4263
f 4263 4262 4212
f 4213 4214 4264
f 4264 4263 4213
f 4214 4215 4265
f 4265 4264 4214
f 4215 4216 4266
f 4266 4265 4215
f 4216 4217 4267
f 4267 4266 4216
f 4217 4218 4268
f 4268 4267 4217
f 4218 4219 4269
f 4269 4268 4218
f 4219 4220 4270
f 4270 4269 4219
f 4220 4221 4271
f 4271 4270 4220
f 4221 4222 4272
f 4272 4271 4221
f 4222 4223 4273
f 4273 4272 4222
f 4223 4224 4274
f 4274 4273 4223
f 4224 4225 4275
f 4275 4274 4224
f 4225 4226 4276
f 4276 4275 4225
f 4226 4227 4277
f 4277 4276 4226
f 4227 4228 4278
f 4278 4277 4227
f 4228 4229 4279
f 4279 4278 4228
f 4229 4230 4280
f 4280 4279 4229
f 4230 4231 4281
f 4281 4280 4230
f 4231 4232 4282
f 4282 4281 4231
f 4232 4233 4283
f 4283 4282 4232
f 4233 4234 4284
f 4284 4283 4233
f 4234 4235 4285
f 4285 4284 4234
f 4235 4236 4286
f 4286 4285 4235
f 4236 4237 4287
f 4287 4286 4236
f 4237 4238 4288
f 4288 4287 4237
f 4238 4239 4289
f 4289 4288 4238
f 4239 4240 4290
f 4290 4289 4239
f 4240 4241 4291
f 4291 4290 4240
f 4241 4242 4292
f 4292 4291 4241
f 4242 4243 4293
f 4293 4292 4242
f 4243 4244 4294
f 4294 4293 4243
f 4244 4245 4295
f 4295 4294 4244
f 4245 4246 4296
f 4296 4295 4245
f 4246 4247 4297
f 4297 4296 4246
f 4247 4248 4298
f 4298 4297 4247
f 4248 4249 4299
f 4299 4298 4248
f 4249 4250 4300
f 4300 4299 4249
f 4250 4201 4251
f 4251 4300 4250
f 4251 4252 4302
f 4302 4301 4251
f 4252 4253 4303
f 4303 4302 4252
f 4253 4254 4304
f 4304 4303 4253
f 4254 4255 4305
f 4305 4304 4254
f 4255 4256 4306
f 4306 4305 4255
f 4256 4257 4307
f 4307 4306 4256
f 4257 4258 4308
f 4308 4307 4257
f 4258 4259 4309
f 4309 4308 4258
f 4259 4260 4310
f 4310 4309 4259
f 4260 4261 4311
f 4311 4310 4260
f 4261 4262 4312
f 4312 4311 4261
f 4262 4263 4313
f 4313 4312 4262
f 4263 4264 4314
f 4314 4313 4263
f 4264 4265 4315
f 4315 4314 4264
f 4265 4266 4316
f 4316 4315 4265
f 4266 4267 4317
f 4317 4316 4266
f 4267 4268 4318
f 4318 4317 4267
f 4268 4269 4319
f 4319 4318 4268
f 4269 4270 4320
f 4320 4319 4269
f 4270 4271 4321
f 4321 4320 4270
f 4271 4272 4322
f 4322 4321 4271
f 4272 4273 4323
f 4323 4322 4272
f 4273 4274 4324
f 4324 4323 4273
f 4274 4275 4325
f 4325 4324 4274
f 4275 4276 4326
f 4326 4325 4275
f 4276 4277 4327
f 4327 4326 4276
f 4277 4278 4328
f 4328 4327 4277
f 4278 4279 4329
f 4329 4328 4278
f 4279 4280 4330
f 4330 4329 4279
f 4280 4281 4331
f 4331 4330 4280
f 4281 4282 4332
f 4332 4331 4281
f 4282 4283 4333
f 4333 4332 4282
f 4283 4284 4334
f 4334 4333 4283
f 4284 4285 4335
f 4335 4334 4284
f 4285 4286 4336
f 4336 4335 4285
f 4286 4287 4337
f 4337 4336 4286
f 4287 4288 4338
f 4338 4337 4287
f 4288 4289 4339
f 4339 4338 4288
f 4289 4290 4340
f 4340 4339 4289
f 4290 4291 4341
f 4341 4340 4290
f 4291 4292 4342
f 4342 4341 4291
f 4292 4293 4343
f 4343 4342 4292
f 4293 4294 4344
f 4344 4343 4293
f 4294 4295 4345
f 4345 4344 4294
f 4295 4296 4346
f 4346 4345 4295
f 4296 4297 4347
f 4347 4346 4296
f 4297 4298 4348
f 4348 4347 4297
f 4298 4299 4349
f 4349 4348 4298
f 4299 4300 4350
f 4350 4349 4299
f 4300 4251 4301
f 4301 4350 4300
f 4301 4302 4352
f 4352 4351 4301
f 4302 4303 4353
f 4353 4352 4302
f 4303 4304 4354
f 4354 4353 4303
f 4304 4305 4355
f 4355 4354 4304
f 4305 4306 4356
f 4356 4355 4305
f 4306 4307 4357
f 4357 4356 4306
f 4307 4308 4358
f 4358 4357 4307
f 4308 4309 4359
f 4359 4358 4308
f 4309 4310 4360
f 4360 4359 4309
f 4310 4311 4361
f 4361 4360 4310
f 4311 4312 4362
f 4362 4361 4311
f 4312 4313 4363
f 4363 4362 4312
f 4313 4314 4364
f 4364 4363 4313
f 4314 4315 4365
f 4365 4364 4314
f 4315 4316 4366
f 4366 4365 4315
f 4316 4317 4367
f 4367 4366 4316
f 4317 4318 4368
f 4368 4367 4317
f 4318 4319 4369
f 4369 4368 4318
f 4319 4320 4370
f 4370 4369 4319
f 4320 4321 4371
f 4371 4370 4320
f 4321 4322 4372
f 4372 4371 4321
f 4322 4323 4373
f 4373 4372 4322
f 4323 4324 4374
f 4374 4373 4323
f 4324 4325 4375
f 4375 4374 4324
f 4325 4326 4376
f 4376 4375 4325
f 4326 4327 4377
f 4377 4376 4326
f 4327 4328 4378
f 4378 4377 4327
f 4328 4329 4379
f 4379 4378 4328
f 4329 4330 4380
f 4380 4379 4329
f 4330 4331 4381
f 4381 4380 4330
f 4331 4332 4382
f 4382 4381 4331
f 4332 4333 4383
f 4383 4382 4332
f 4333 4334 4384
f 4384 4383 4333
f 4334 4335 4385
f 4385 4384 4334
f 4335 4336 4386
f 4386 4385 4335
f 4336 4337 4387
f 4387 4386 4336
f 4337 4338 4388
f 4388 4387 4337
f 4338 4339 4389
f 4389 4388 4338
f 4339 4340 4390
f 4390 4389 4339
f 4340 4341 4391
f 4391 4390 4340
f 4341 4342 4392
f 4392 4391 4341
f 4342 4343 4393
f 4393 4392 4342
f 4343 4344 4394
f 4394 4393 4343
f 4344 4345 4395
f 4395 4394 4344
f 4345 4346 4396
f 4396 4395 4345
f 4346 4347 4397
f 4397 4396 4346
f 4347 4348 4398
f 4398 4397 4347
f 4348 4349 4399
f 4399 4398 4348
f 4349 4350 4400
f 4400 4399 4349
f 4350 4301 4351
f 4351 4400 4350
f 4351 4352 4402
f 4402 4401 4351
f 4352 4353 4403
f 4403 4402 4352
f 4353 4354 4404
f 4404 4403 4353
f 4354 4355 4405
f 4405 4404 4354
f 4355 4356 4406
f 4406 4405 4355
f 4356 4357 4407
f 4407 4406 4356
f 4357 4358 4408
f 4408 4407 4357
f 4358 4359 4409
f 4409 4408 4358
f 4359 4360 4410
f 4410 4409 4359
f 4360 4361 4411
f 4411 4410 4360
f 4361 4362 4412
f 4412 4411 4361
f 4362 4363 4413
f 4413 4412 4362
f 4363 4364 4414
f 4414 4413 4363
f 4364 4365 4415
f 4415 4414 4364
f 4365 4366 4416
f 4416 4415 4365
f 4366 4367 4417
f 4417 4416 4366
f 4367 4368 4418
f 4418 4417 4367
f 4368 4369 4419
f 4419 4418 4368
f 4369 4370 4420
f 4420 4419 4369
f 4370 4371 4421
f 4421 4420 4370
f 4371 4372 4422
f 4422 4421 4371
f 4372 4373 4423
f 4423 4422 4372
f 4373 4374 4424
f 4424 4423 4373
f 4374 4375 4425
f 4425 4424 4374
f 4375 4376 4426
f 4426 4425 4375
f 4376 4377 4427
f 4427 4426 4376
f 4377 4378 4428
f 4428 4427 4377
f 4378 4379 4429
f 4429 4428 4378
f 4379 4380 4430
f 4430 4429 4379
f 4380 4381 4431
f 4431 4430 4380
f 4381 4382 4432
f 4432 4431 4381
f 4382 4383 4433
f 4433 4432 4382
f 4383 4384 4434
f 4434 4433 4383
f 4384 4385 4435
f 4435 4434 4384
f 4385 4386 4436
f 4436 4435 4385
f 4386 4387 4437
f 4437 4436 4386
f 4387 4388 4438
f 4438 4437 4387
f 4388 4389 4439
f 4439 4438 4388
f 4389 4390 4440
f 4440 4439 4389
f 4390 4391 4441
f 4441 4440 4390
f 4391 4392 4442
f 4442 4441 4391
f 4392 4393 4443
f 4443 4442 4392
f 4393 4394 4444
f 4444 4443 4393
f 4394 4395 4445
f 4445 4444 4394
f 4395 4396 4446
f 4446 4445 4395
f 4396 4397 4447
f 4447 4446 4396
f 4397 4398 4448
f 4448 4447 4397
f 4398 4399 4449
f 4449 4448 4398
f 4399 4400 4450
f 4450 4449 4399
f 4400 4351 4401
f 4401 4450 4400
f 4401 4402 4452
f 4452 4451 4401
f 4402 4403 4453
f 4453 4452 4402
f 4403 4404 4454
f 4454 4453 4403
f 4404 4405 4455
f 4455 4454 4404
f 4405 4406 4456
f 4456 4455 4405
f 4406 4407 4457
f 4457 4456 4406
f 4407 4408 4458
f 4458 4457 4407
f 4408 4409 4459
f 4459 4458 4408
f 4409 4410 4460
f 4460 4459 4409
f 4410 4411 4461
f 4461 4460 4410
f 4411 4412 4462
f 4462 4461 4411
f 4412 4413 4463
f 4463 4462 4412
f 4413 4414 4464
f 4464 4463 4413
f 4414 4415 4465
f 4465 4464 4414
f 4415 4416 4466
f 4466 4465 4415
f 4416 4417 4467
f 4467 4466 4416
f 4417 4418 4468
f 4468 4467 4417
f 4418 4419 4469
f 4469 4468 4418
f 4419 4420 4470
f 4470 4469 4419
f 4420 4421 4471
f 4471 4470 4420
f 4421 4422 4472
f 4472 4471 4421
f 4422 4423 4473
f 4473 4472 4422
f 4423 4424 4474
f 4474 4473 4423
f 4424 4425 4475
f 4475 4474 4424
f 4425 4426 4476
f 4476 4475 4425
f 4426 4427 4477
f 4477 4476 4426
f 4427 4428 4478
f 4478 4477 4427
f 4428 4429 4479
f 4479 4478 4428
f 4429 4430 4480
f 4480 4479 4429
f 4430 4431 4481
f 4481 4480 4430
f 4431 4432 4482
f 4482 4481 4431
f 4432 4433 4483
f 4483 4482 4432
f 4433 4434 4484
f 4484 4483 4433
f 4434 4435 4485
f 4485 4484 4434
f 4435 4436 4486
f 4486 4485 4435
f 4436 4437 4487
f 4487 4486 4436
f 4437 4438 4488
f 4488 4487 4437
f 4438 4439 4489
f 4489 4488 4438
f 4439 4440 4490
f 4490 4489 4439
f 4440 4441 4491
f 4491 4490 4440
f 4441 4442 4492
f 4492 4491 4441
f 4442 4443 4493
f 4493 4492 4442
f 4443 4444 4494
f 4494 4493 4443
f 4444 4445 4495
f 4495 4494 4444
f 4445 4446 4496
f 4496 4495 4445
f 4446 4447 4497
f 4497 4496 4446
f 4447 4448 4498
f 4498 4497 4447
f 4448 4449 4499
f 4499 4498 4448
f 4449 4450 4500
f 4500 4499 4449
f 4450 4401 4451
f 4451 4500 4450
f 4451 4452 4502
f 4502 4501 4451
f 4452 4453 4503
f 4503 4502 4452
f 4453 4454 4504
f 4504 4503 4453
f 4454 4455 4505
f 4505 4504 4454
f 4455 4456 4506
f 4506 4505 4455
f 4456 4457 4507
f 4507 4506 4456
f 4457 4458 4508
f 4508 4507 4457
f 4458 4459 4509
f 4509 4508 4458
f 4459 4460 4510
f 4510 4509 4459
f 4460 4461 4511
f 4511 4510 4460
f 4461 4462 4512
f 4512 4511 4461
f 4462 4463 4513
f 4513 4512 4462
f 4463 4464 4514
f 4514 4513 4463
f 4464 4465 4515
f 4515 4514 4464
f 4465 4466 4516
f 4516 4515 4465
f 4466 4467 4517
f 4517 4516 4466
f 4467 4468 4518
f 4518 4517 4467
f 4468 4469 4519
f 4519 4518 4468
f 4469 4470 4520
f 4520 4519 4469
f 4470 4471 4521
f 4521 4520 4470
f 4471 4472 4522
f 4522 4521 4471
f 4472 4473 4523
f 4523 4522 4472
f 4473 4474 4524
f 4524 4523 4473
f 4474 4475 4525
f 4525 4524 4474
f 4475 4476 4526
f 4526 4525 4475
f 4476 4477 4527
f 4527 4526 4476
f 4477 4478 4528
f 4528 4527 4477
f 4478 4479 4529
f 4529 4528 4478
f 4479 4480 4530
f 4530 4529 4479
f 4480 4481 4531
f 4531 4530 4480
f 4481 4482 4532
f 4532 4531 4481
f 4482 4483 4533
f 4533 4532 4482
f 4483 4484 4534
f 4534 4533 4483
f 4484 4485 4535
f 4535 4534 4484
f 4485 4486 4536
f 4536 4535 4485
f 4486 4487 4537
f 4537 4536 4486
f 4487 4488 4538
f 4538 4537 4487
f 4488 4489 4539
f 4539 4538 4488
f 4489 4490 4540
f 4540 4539 4489
f 4490 4491 4541
f 4541 4540 4490
f 4491 4492 4542
f 4542 4541 4491
f 4492 4493 4543
f 4543 4542 4492
f 4493 4494 4544
f 4544 4543 4493
f 4494 4495 4545
f 4545 4544 4494
f 4495 4496 4546
f 4546 4545 4495
f 4496 4497 4547
f 4547 4546 4496
f 4497 4498 4548
f 4548 4547 4497
f 4498 4499 4549
f 4549 4548 4498
f 4499 4500 4550
f 4550 4549 4499
f 4500 4451 4501
f 4501 4550 4500
f 4501 4502 4552
f 4552 4551 4501
f 4502 4503 4553
f 4553 4552 4502
f 4503 4504 4554
f 4554 4553 4503
f 4504 4505 4555
f 4555 4554 4504
f 4505 4506 4556
f 4556 4555 4505
f 4506 4507 4557
f 4557 4556 4506
f 4507 4508 4558
f 4558 4557 4507
f 4508 4509 4559
f 4559 4558 4508
f 4509 4510 4560
f 4560 4559 4509
f 4510 4511 4561
f 4561 4560 4510
f 4511 4512 4562
f 4562 4561 4511
f 4512 4513 4563
f 4563 4562 4512
f 4513 4514 4564
f 4564 4563 4513
f 4514 4515 4565
f 4565 4564 4514
f 4515 4516 4566
f 4566 4565 4515
f 4516 4517 4567
f 4567 4566 4516
f 4517 4518 4568
f 4568 4567 4517
f 4518 4519 4569
f 4569 4568 4518
f 4519 4520 4570
f 4570 4569 4519
f 4520 4521 4571
f 4571 4570 4520
f 4521 4522 4572
f 4572 4571 4521
f 4522 4523 4573
f 4573 4572 4522
f 4523 4524 4574
f 4574 4573 4523
f 4524 4525 4575
f 4575 4574 4524
f 4525 4526 4576
f 4576 4575 4525
f 4526 4527 4577
f 4577 4576 4526
f 4527 4528 4578
f 4578 4577 4527
f 4528 4529 4579
f 4579 4578 4528
f 4529 4530 4580
f 4580 4579 4529
f 4530 4531 4581
f 4581 4580 4530
f 4531 4532 4582
f 4582 4581 4531
f 4532 4533 4583
f 4583 4582 4532
f 4533 4534 4584
f 4584 4583 4533
f 4534 4535 4585
f 4585 4584 4534
f 4535 4536 4586
f 4586 4585 4535
f 4536 4537 4587
f 4587 4586 4536
f 4537 4538 4588
f 4588 4587 4537
f 4538 4539 4589
f 4589 4588 4538
f 4539 4540 4590
f 4590 4589 4539
f 4540 4541 4591
f 4591 4590 4540
f 4541 4542 4592
f 4592 4591 4541
f 4542 4543 4593
f 4593 4592 4542
f 4543 4544 4594
f 4594 4593 4543
f 4544 4545 4595
f 4595 4594 4544
f 4545 4546 4596
f 4596 4595 4545
f 4546 4547 4597
f 4597 4596 4546
f 4547 4548 4598
f 4598 4597 4547
f 4548 4549 4599
f 4599 4598 4548
f 4549 4550 4600
f 4600 4599 4549
f 4550 4501 4551
f 4551 4600 4550
f 4551 4552 4602
f 4602 4601 4551
f 4552 4553 4603
f 4603 4602 4552
f 4553 4554 4604
f 4604 4603 4553
f 4554 4555 4605
f 4605 4604 4554
f 4555 4556 4606
f 4606 4605 4555
f 4556 4557 4607
f 4607 4606 4556
f 4557 4558 4608
f 4608 4607 4557
f 4558 4559 4609
f 4609 4608 4558
f 4559 4560 4610
f 4610 4609 4559
f 4560 4561 4611
f 4611 4610 4560
f 4561 4562 4612
f 4612 4611 4561
f 4562 4563 4613
f 4613 4612 4562
f 4563 4564 4614
f 4614 4613 4563
f 4564 4565 4615
f 4615 4614 4564
f 4565 4566 4616
f 4616 4615 4565
f 4566 4567 4617
f 4617 4616 4566
f 4567 4568 4618
f 4618 4617 4567
f 4568 4569 4619
f 4619 4618 4568
f 4569 4570 4620
f 4620 4619 4569
f 4570 4571 4621
f 4621 4620 4570
f 4571 4572 4622
f 4622 4621 4571
f 4572 4573 4623
f 4623 4622 4572
f 4573 4574 4624
f 4624 4623 4573
f 4574 4575 4625
f 4625 4624 4574
f 4575 4576 4626
f 4626 4625 4575
f 4576 4577 4627
f 4627 4626 4576
f 4577 4578 4628
f 4628 4627 4577
f 4578 4579 4629
f 4629 4628 4578
f 4579 4580 4630
f 4630 4629 4579
f 4580 4581 4631
f 4631 4630 4580
f 4581 4582 4632
f 4632 4631 4581
f 4582 4583 4633
f 4633 4632 4582
f 4583 4584 4634
f 4634 4633 4583
f 4584 4585 4635
f 4635 4634 4584
f 4585 4586 4636
f 4636 4635 4585
f 4586 4587 4637
f 4637 4636 4586
f 4587 4588 4638
f 4638 4637 4587
f 4588 4589 4639
f 4639 4638 4588
f 4589 4590 4640
f 4640 4639 4589
f 4590 4591 4641
f 4641 4640 4590
f 4591 4592 4642
f 4642 4641 4591
f 4592 4593 4643
f 4643 4642 4592
f 4593 4594 4644
f 4644 4643 4593
f 4594 4595 4645
f 4645 4644 4594
f 4595 4596 4646
f 4646 4645 4595
f 4596 4597 4647
f 4647 4646 4596
f 4597 4598 4648
f 4648 4647 4597
f 4598 4599 4649
f 4649 4648 4598
f 4599 4600 4650
f 4650 4649 4599
f 4600 4551 4601
f 4601 4650 4600
f 4601 4602 4652
f 4652 4651 4601
f 4602 4603 4653
f 4653 4652 4602
f 4603 4604 4654
f 4654 4653 4603
f 4604 4605 4655
f 4655 4654 4604
f 4605 4606 4656
f 4656 4655 4605
f 4606 4607 4657
f 4657 4656 4606
f 4607 4608 4658
f 4658 4657 4607
f 4608 4609 4659
f 4659 4658 4608
f 4609 4610 4660
f 4660 4659 4609
f 4610 4611 4661
f 4661 4660 4610
f 4611 4612 4662
f 4662 4661 4611
f 4612 4613 4663
f 4663 4662 4612
f 4613 4614 4664
f 4664 4663 4613
f 4614 4615 4665
f 4665 4664 4614
f 4615 4616 4666
f 4666 4665 4615
f 4616 4617 4667
f 4667 4666 4616
f 4617 4618 4668
f 4668 4667 4617
f 4618 4619 4669
f 4669 4668 4618
f 4619 4620 4670
f 4670 4669 4619
f 4620 4621 4671
f 4671 4670 4620
f 4621 4622 4672
f 4672 4671 4621
f 4622 4623 4673
f 4673 4672 4622
f 4623 4624 4674
f 4674 4673 4623
f 4624 4625 4675
f 4675 4674 4624
f 4625 4626 4676
f 4676 4675 4625
f 4626 4627 4677
f 4677 4676 4626
f 4627 4628 4678
f 4678 4677 4627
f 4628 4629 4679
f 4679 4678 4628
f 4629 4630 4680
f 4680 4679 4629
f 4630 4631 4681
f 4681 4680 4630
f 4631 4632 4682
f 4682 4681 4631
f 4632 4633 4683
f 4683 4682 4632
f 4633 4634 4684
f 4684 4683 4633
f 4634 4635 4685
f 4685 4684 4634
f 4635 4636 4686
f 4686 4685 4635
f 4636 4637 4687
f 4687 4686 4636
f 4637 4638 4688
f 4688 4687 4637
f 4638 4639 4689
f 4689 4688 4638
f 4639 4640 4690
f 4690 4689 4639
f 4640 4641 4691
f 4691 4690 4640
f 4641 4642 4692
f 4692 4691 4641
f 4642 4643 4693
f 4693 4692 4642
f 4643 4644 4694
f 4694 4693 4643
f 4644 4645 4695
f 4695 4694 4644
f 4645 4646 4696
f 4696 4695 4645
f 4646 4647 4697
f 4697 4696 4646
f 4647 4648 4698
f 4698 4697 4647
f 4648 4649 4699
f 4699 4698 4648
f 4649 4650 4700
f 4700 4699 4649
f 4650 4601 4651
f 4651 4700 4650
f 4651 4652 4702
f 4702 4701 4651
f 4652 4653 4703
f 4703 4702 4652
f 4653 4654 4704
f 4704 4703 4653
f 4654 4655 4705
f 4705 4704 4654
f 4655 4656 4706
f 4706 4705 4655
f 4656 4657 4707
f 4707 4706 4656
f 4657 4658 4708
f 4708 4707 4657
f 4658 4659 4709
f 4709 4708 4658
f 4659 4660 4710
f 4710 4709 4659
f 4660 4661 4711
f 4711 4710 4660
f 4661 4662 4712
f 4712 4711 4661
f 4662 4663 4713
f 4713 4712 4662
f 4663 4664 4714
f 4714 4713 4663
f 4664 4665 4715
f 4715 4714 4664
f 4665 4666 4716
f 4716 4715 4665
f 4666 4667 4717
f 4717 4716 4666
f 4667 4668 4718
f 4718 4717 4667
f 4668 4669 4719
f 4719 4718 4668
f 4669 4670 4720
f 4720 4719 4669
f 4670 4671 4721
f 4721 4720 4670
f 4671 4672 4722
f 4722 4721 4671
f 4672 4673 4723
f 4723 4722 4672
f 4673 4674 4724
f 4724 4723 4673
f 4674 4675 4725
f 4725 4724 4674
f 4675 4676 4726
f 4726 4725 4675
f 4676 4677 4727
f 4727 4726 4676
f 4677 4678 4728
f 4728 4727 4677
f 4678 4679 4729
f 4729 4728 4678
f 4679 4680 4730
f 4730 4729 4679
f 4680 4681 4731
f 4731 4730 4680
f 4681 4682 4732
f 4732 4731 4681
f 4682 4683 4733
f 4733 4732 4682
f 4683 4684 4734
f 4734 4733 4683
f 4684 4685 4735
f 4735 4734 4684
f 4685 4686 4736
f 4736 4735 4685
f 4686 4687 4737
f 4737 4736 4686
f 4687 4688 4738
f 4738 4737 4687
f 4688 4689 4739
f 4739 4738 4688
f 4689 4690 4740
f 4740 4739 4689
f 4690 4691 4741
f 4741 4740 4690
f 4691 4692 4742
f 4742 4741 4691
f 4692 4693 4743
f 4743 4742 4692
f 4693 4694 4744
f 4744 4743 4693
f 4694 4695 4745
f 4745 4744 4694
f 4695 4696 4746
f 4746 4745 4695
f 4696 4697 4747
f 4747 4746 4696
f 4697 4698 4748
f 4748 4747 4697
f 4698 4699 4749
f 4749 4748 4698
f 4699 4700 4750
f 4750 4749 4699
f 4700 4651 4701
f 4701 4750 4700
f 4701 4702 4752
f 4752 4751 4701
f 4702 4703 4753
f 4753 4752 4702
f 4703 4704 4754
f 4754 4753 4703
f 4704 4705 4755
f 4755 4754 4704
f 4705 4706 4756
f 4756 4755 4705
f 4706 4707 4757
f 4757 4756 4706
f 4707 4708 4758
f 4758 4757 4707
f 4708 4709 4759
f 4759 4758 4708
f 4709 4710 4760
f 4760 4759 4709
f 4710 4711 4761
f 4761 4760 4710
f 4711 4712 4762
f 4762 4761 4711
f 4712 4713 4763
f 4763 4762 4712
f 4713 4714 4764
f 4764 4763 4713
f 4714 4715 4765
f 4765 4764 4714
f 4715 4716 4766
f 4766 4765 4715
f 4716 4717 4767
f 4767 4766 4716
f 4717 4718 4768
f 4768 4767 4717
f 4718 4719 4769
f 4769 4768 4718
f 4719 4720 4770
f 4770 4769 4719
f 4720 4721 4771
f 4771 4770 4720
f 4721 4722 4772
f 4772 4771 4721
f 4722 4723 4773
f 4773 4772 4722
f 4723 4724 4774
f 4774 4773 4723
f 4724 4725 4775
f 4775 4774 4724
f 4725 4726 4776
f 4776 4775 4725
f 4726 4727 4777
f 4777 4776 4726
f 4727 4728 4778
f 4778 4777 4727
f 4728 4729 4779
f 4779 4778 4728
f 4729 4730 4780
f 4780 4779 4729
f 4730 4731 4781
f 4781 4780 4730
f 4731 4732 4782
f 4782 4781 4731
f 4732 4733 4783
f 4783 4782 4732
f 4733 4734 4784
f 4784 4783 4733
f 4734 4735 4785
f 4785 4784 4734
f 4735 4736 4786
f 4786 4785 4735
f 4736 4737 4787
f 4787 4786 4736
f 4737 4738 4788
f 4788 4787 4737
f 4738 4739 4789
f 4789 4788 4738
f 4739 4740 4790
f 4790 4789 4739
f 4740 4741 4791
f 4791 4790 4740
f 4741 4742 4792
f 4792 4791 4741
f 4742 4743 4793
f 4793 4792 4742
f 4743 4744 4794
f 4794 4793 4743
f 4744 4745 4795
f 4795 4794 4744
f 4745 4746 4796
f 4796 4795 4745
f 4746 4747 4797
f 4797 4796 4746
f 4747 4748 4798
f 4798 4797 4747
f 4748 4749 4799
f 4799 4798 4748
f 4749 4750 4800
f 4800 4799 4749
f 4750 4701 4751
f 4751 4800 4750
f 4751 4752 4802
f 4802 4801 4751
f 4752 4753 4803
f 4803 4802 4752
f 4753 4754 4804
f 4804 4803 4753
f 4754 4755 4805
f 4805 4804 4754
f 4755 4756 4806
f 4806 4805 4755
f 4756 4757 4807
f 4807 4806 4756
f 4757 4758 4808
f 4808 4807 4757
f 4758 4759 4809
f 4809 4808 4758
f 4759 4760 4810
f 4810 4809 4759
f 4760 4761 4811
f 4811 4810 4760
f 4761 4762 4812
f 4812 4811 4761
f 4762 4763 4813
f 4813 4812 4762
f 4763 4764 4814
f 4814 4813 4763
f 4764 4765 4815
f 4815 4814 4764
f 4765 4766 4816
f 4816 4815 4765
f 4766 4767 4817
f 4817 4816 4766
f 4767 4768 4818
f 4818 4817 4767
f 4768 4769 4819
f 4819 4818 4768
f 4769 4770 4820
f 4820 4819 4769
f 4770 4771 4821
f 4821 4820 4770
f 4771 4772 4822
f 4822 4821 4771
f 4772 4773 4823
f 4823 4822 4772
f 4773 4774 4824
f 4824 4823 4773
f 4774 4775 4825
f 4825 4824 4774
f 4775 4776 4826
f 4826 4825 4775
f 4776 4777 4827
f 4827 4826 4776
f 4777 4778 4828
f 4828 4827 4777
f 4778 4779 4829
f 4829 4828 4778
f 4779 4780 4830
f 4830 4829 4779
f 4780 4781 4831
f 4831 4830 4780
f 4781 4782 4832
f 4832 4831 4781
f 4782 4783 4833
f 4833 4832 4782
f 4783 4784 4834
f 4834 4833 4783
f 4784 4785 4835
f 4835 4834 4784
f 4785 4786 4836
f 4836 4835 4785
f 4786 4787 4837
f 4837 4836 4786
f 4787 4788 4838
f 4838 4837 4787
f 4788 4789 4839
f 4839 4838 4788
f 4789 4790 4840
f 4840 4839 4789
f 4790 4791 4841
f 4841 4840 4790
f 4791 4792 4842
f 4842 4841 4791
f 4792 4793 4843
f 4843 4842 4792
f 4793 4794 4844
f 4844 4843 4793
f 4794 4795 4845
f 4845 4844 4794
f 4795 4796 4846
f 4846 4845 4795
f 4796 4797 4847
f 4847 4846 4796
f 4797 4798 4848
f 4848 4847 4797
f 4798 4799 4849
f 4849 4848 4798
f 4799 4800 4850
f 4850 4849 4799
f 4800 4751 4801
f 4801 4850 4800
f 4801 4802 4852
f 4852 4851 4801
f 4802 4803 4853
f 4853 4852 4802
f 4803 4804 4854
f 4854 4853 4803
f 4804 4805 4855
f 4855 4854 4804
f 4805 4806 4856
f 4856 4855 4805
f 4806 4807 4857
f 4857 4856 4806
f 4807 4808 4858
f 4858 4857 4807
f 4808 4809 4859
f 4859 4858 4808
f 4809 4810 4860
f 4860 4859 4809
f 4810 4811 4861
f 4861 4860 4810
f 4811 4812 4862
f 4862 4861 4811
f 4812 4813 4863
f 4863 4862 4812
f 4813 4814 4864
f 4864 4863 4813
f 4814 4815 4865
f 4865 4864 4814
f 4815 4816 4866
f 4866 4865 4815
f 4816 4817 4867
f 4867 4866 4816
f 4817 4818 4868
f 4868 4867 4817
f 4818 4819 4869
f 4869 4868 4818
f 4819 4820 4870
f 4870 4869 4819
f 4820 4821 4871
f 4871 4870 4820
f 4821 4822 4872
f 4872 4871 4821
f 4822 4823 4873
f 4873 4872 4822
f 4823 4824 4874
f 4874 4873 4823
f 4824 4825 4875
f 4875 4874 4824
f 4825 4826 4876
f 4876 4875 4825
f 4826 4827 4877
f 4877 4876 4826
f 4827 4828 4878
f 4878 4877 4827
f 4828 4829 4879
f 4879 4878 4828
f 4829 4830 4880
f 4880 4879 4829
f 4830 4831 4881
f 4881 4880 4830
f 4831 4832 4882
f 4882 4881 4831
f 4832 4833 4883
f 4883 4882 4832
f 4833 4834 4884
f 4884 4883 4833
f 4834 4835 4885
f 4885 4884 4834
f 4835 4836 4886
f 4886 4885 4835
f 4836 4837 4887
f 4887 4886 4836
f 4837 4838 4888
f 4888 4887 4837
f 4838 4839 4889
f 4889 4888 4838
f 4839 4840 4890
f 4890 4889 4839
f 4840 4841 4891
f 4891 4890 4840
f 4841 4842 4892
f 4892 4891 4841
f 4842 4843 4893
f 4893 4892 4842
f 4843 4844 4894
f 4894 4893 4843
f 4844 4845 4895
f 4895 4894 4844
f 4845 4846 4896
f 4896 4895 4845
f 4846 4847 4897
f 4897 4896 4846
f 4847 4848 4898
f 4898 4897 4847
f 4848 4849 4899
f 4899 4898 4848
f 4849 4850 4900
f 4900 4899 4849
f 4850 4801 4851
f 4851 4900 4850
f 4851 4852 4902
f 4902 4901 4851
f 4852 4853 4903
f 4903 4902 4852
f 4853 4854 4904
f 4904 4903 4853
f 4854 4855 4905
f 4905 4904 4854
f 4855 4856 4906
f 4906 4905 4855
f 4856 4857 4907
f 4907 4906 4856
f 4857 4858 4908
f 4908 4907 4857
f 4858 4859 4909
f 4909 4908 4858
f 4859 4860 4910
f 4910 4909 4859
f 4860 4861 4911
f 4911 4910 4860
f 4861 4862 4912
f 4912 4911 4861
f 4862 4863 4913
f 4913 4912 4862
f 4863 4864 4914
f 4914 4913 4863
f 4864 4865 4915
f 4915 4914 4864
f 4865 4866 4916
f 4916 4915 4865
f 4866 4867 4917
f 4917 4916 4866
f 4867 4868 4918
f 4918 4917 4867
f 4868 4869 4919
f 4919 4918 4868
f 4869 4870 4920
f 4920 4919 4869
f 4870 4871 4921
f 4921 4920 4870
f 4871 4872 4922
f 4922 4921 4871
f 4872 4873 4923
f 4923 4922 4872
f 4873 4874 4924
f 4924 4923 4873
f 4874 4875 4925
f 4925 4924 4874
f 4875 4876 4926
f 4926 4925 4875
f 4876 4877 4927
f 4927 4926 4876
f 4877 4878 4928
f 4928 4927 4877
f 4878 4879 4929
f 4929 4928 4878
f 4879 4880 4930
f 4930 4929 4879
f 4880 4881 4931
f 4931 4930 4880
f 4881 4882 4932
f 4932 4931 4881
f 4882 4883 4933
f 4933 4932 4882
f 4883 4884 4934
f 4934 4933 4883
f 4884 4885 4935
f 4935 4934 4884
f 4885 4886 4936
f 4936 4935 4885
f 4886 4887 4937
f 4937 4936 4886
f 4887 4888 4938
f 4938 4937 4887
f 4888 4889 4939
f 4939 4938 4888
f 4889 4890 4940
f 4940 4939 4889
f 4890 4891 4941
f 4941 4940 4890
f 4891 4892 4942
f 4942 4941 4891
f 4892 4893 4943
f 4943 4942 4892
f 4893 4894 4944
f 4944 4943 4893
f 4894 4895 4945
f 4945 4944 4894
f 4895 4896 4946
f 4946 4945 4895
f 4896 4897 4947
f 4947 4946 4896
f 4897 4898 4948
f 4948 4947 4897
f 4898 4899 4949
f 4949 4948 4898
f 4899 4900 4950
f 4950 4949 4899
f 4900 4851 4901
f 4901 4950 4900
f 4901 4902 4952
f 4952 4951 4901
f 4902 4903 4953
f 4953 4952 4902
f 4903 4904 4954
f 4954 4953 4903
f 4904 4905 4955
f 4955 4954 4904
f 4905 4906 4956
f 4956 4955 4905
f 4906 4907 4957
f 4957 4956 4906
f 4907 4908 4958
f 4958 4957 4907
f 4908 4909 4959
f 4959 4958 4908
f 4909 4910 4960
f 4960 4959 4909
f 4910 4911 4961
f 4961 4960 4910
f 4911 4912 4962
f 4962 4961 4911
f 4912 4913 4963
f 4963 4962 4912
f 4913 4914 4964
f 4964 4963 4913
f 4914 4915 4965
f 4965 4964 4914
f 4915 4916 4966
f 4966 4965 4915
f 4916 4917 4967
f 4967 4966 4916
f 4917 4918 4968
f 4968 4967 4917
f 4918 4919 4969
f 4969 4968 4918
f 4919 4920 4970
f 4970 4969 4919
f 4920 4921 4971
f 4971 4970 4920
f 4921 4922 4972
f 4972 4971 4921
f 4922 4923 4973
f 4973 4972 4922
f 4923 4924 4974
f 4974 4973 4923
f 4924 4925 4975
f 4975 4974 4924
f 4925 4926 4976
f 4976 4975 4925
f 4926 4927 4977
f 4977 4976 4926
f 4927 4928 4978
f 4978 4977 4927
f 4928 4929 4979
f 4979 4978 4928
f 4929 4930 4980
f 4980 4979 4929
f 4930 4931 4981
f 4981 4980 4930
f 4931 4932 4982
f 4982 4981 4931
f 4932 4933 4983
f 4983 4982 4932
f 4933 4934 4984
f 4984 4983 4933
f 4934 4935 4985
f 4985 4984 4934
f 4935 4936 4986
f 4986 4985 4935
f 4936 4937 4987
f 4987 4986 4936
f 4937 4938 4988
f 4988 4987 4937
f 4938 4939 4989
f 4989 4988 4938
f 4939 4940 4990
f 4990 4989 4939
f 4940 4941 4991
f 4991 4990 4940
f 4941 4942 4992
f 4992 4991 4941
f 4942 4943 4993
f 4993 4992 4942
f 4943 4944 4994
f 4994 4993 4943
f 4944 4945 4995
f 4995 4994 4944
f 4945 4946 4996
f 4996 4995 4945
f 4946 4947 4997
f 4997 4996 4946
f 4947 4948 4998
f 4998 4997 4947
f 4948 4949 4999
f 4999 4998 4948
f 4949 4950 5000
f 5000 4999 4949
f 4950 4901 4951
f 4951 5000 4950
f 4958 4959 4951
f 4951 4959 4961
f 4962 4951 4961
f 4958 4951 4953
f 4957 4958 4953
f 4957 4953 4955
f 4956 4957 4955
f 4951 4962 4965
f 4965 4962 4964
f 4964 4962 4963
f 4961 4959 4960
f 4955 4953 4954
f 4951 4965 4967
f 4953 4951 4952
f 5000 4951 4967
f 5000 4967 4999
f 4967 4965 4966
f 4999 4967 4998
f 4998 4967 4971
f 4975 4995 4972
f 4972 4998 4971
f 4971 4967 4970
f 4970 4967 4968
f 4969 4970 4968
f 4995 4998 4972
f 4997 4998 4995
f 4997 4995 4996
f 4989 4995 4975
f 4975 4972 4974
f 4974 4972 4973
f 4994 4995 4989
f 4994 4989 4990
f 4992 4990 4991
f 4994 4990 4992
f 4994 4992 4993
f 4979 4975 4976
f 4989 4975 4979
f 4989 4979 4988
f 4978 4976 4977
f 4979 4976 4978
f 4988 4979 4980
f 4983 4980 4981
f 4984 4985 4983
f 4985 4986 4983
f 4986 4980 4983
f 4987 4980 4986
f 4988 4980 4987
f 4983 4981 4982
f 5001 5002 2
f 2 1 5001
f 5002 5003 3
f 3 2 5002
f 5003 5004 4
f 4 3 5003
f 5004 5005 5
f 5 4 5004
f 5005 5006 6
f 6 5 5005
f 5006 5007 7
f 7 6 5006
f 5007 5008 8
f 8 7 5007
f 5008 5009 9
f 9 8 5008
f 5009 5010 10
f 10 9 5009
f 5010 5011 11
f 11 10 5010
f 5011 5012 12
f 12 11 5011
f 5012 5013 13
f 13 12 5012
f 5013 5014 14
f 14 13 5013
f 5014 5015 15
f 15 14 5014
f 5015 5016 16
f 16 15 5015
f 5016 5017 17
f 17 16 5016
f 5017 5018 18
f 18 17 5017
f 5018 5019 19
f 19 18 5018
f 5019 5020 20
f 20 19 5019
f 5020 5021 21
f 21 20 5020
f 5021 5022 22
f 22 21 5021
f 5022 5023 23
f 23 22 5022
f 5023 5024 24
f 24 23 5023
f 5024 5025 25
f 25 24 5024
f 5025 5026 26
f 26 25 5025
f 5026 5027 27
f 27 26 5026
f 5027 5028 28
f 28 27 5027
f 5028 5029 29
f 29 28 5028
f 5029 5030 30
f 30 29 5029
f 5030 5031 31
f 31 30 5030
f 5031 5032 32
f 32 31 5031
f 5032 5033 33
f 33 32 5032
f 5033 5034 34
f 34 33 5033
f 5034 5035 35
f 35 34 5034
f 5035 5036 36
f 36 35 5035
f 5036 5037 37
f 37 36 5036
f 5037 5038 38
f 38 37 5037
f 5038 5039 39
f 39 38 5038
f 5039 5040 40
f 40 39 5039
f 5040 5041 41
f 41 40 5040
f 5041 5042 42
f 42 41 5041
f 5042 5043 43
f 43 42 5042
f 5043 5044 44
f 44 43 5043
f 5044 5045 45
f 45 44 5044
f 5045 5046 46
f 46 45 5045
f 5046 5047 47
f 47 46 5046
f 5047 5048 48
f 48 47 5047
f 5048 5049 49
f 49 48 5048
f 5049 5050 50
f 50 49 5049
f 5050 5001 1
f 1 50 5050
f 5051 5052 5002
f 5002 5001 5051
f 5052 5053 5003
f 5003 5002 5052
f 5053 5054 5004
f 5004 5003 5053
f 5054 5055 5005
f 5005 5004 5054
f 5055 5056 5006
f 5006 5005 5055
f 5056 5057 5007
f 5007 5006 5056
f 5057 5058 5008
f 5008 5007 5057
f 5058 5059 5009
f 5009 5008 5058
f 5059 5060 5010
f 5010 5009 5059
f 5060 5061 5011
f 5011 5010 5060
f 5061 5062 5012
f 5012 5011 5061
f 5062 5063 5013
f 5013 5012 5062
f 5063 5064 5014
f 5014 5013 5063
f 5064 5065 5015
f 5015 5014 5064
f 5065 5066 5016
f 5016 5015 5065
f 5066 5067 5017
f 5017 5016 5066
f 5067 5068 5018
f 5018 5017 5067
f 5068 5069 5019
f 5019 5018 5068
f 5069 5070 5020
f 5020 5019 5069
f 5070 5071 5021
f 5021 5020 5070
f 5071 5072 5022
f 5022 5021 5071
f 5072 5073 5023
f 5023 5022 5072
f 5073 5074 5024
f 5024 5023 5073
f 5074 5075 5025
f 5025 5024 5074
f 5075 5076 5026
f 5026 5025 5075
f 5076 5077 5027
f 5027 5026 5076
f 5077 5078 5028
f 5028 5027 5077
f 5078 5079 5029
f 5029 5028 5078
f 5079 5080 5030
f 5030 5029 5079
f 5080 5081 5031
f 5031 5030 5080
f 5081 5082 5032
f 5032 5031 5081
f 5082 5083 5033
f 5033 5032 5082
f 5083 5084 5034
f 5034 5033 5083
f 5084 5085 5035
f 5035 5034 5084
f 5085 5086 5036
f 5036 5035 5085
f 5086 5087 5037
f 5037 5036 5086
f 5087 5088 5038
f 5038 5037 5087
f 5088 5089 5039
f 5039 5038 5088
f 5089 5090 5040
f 5040 5039 5089
f 5090 5091 5041
f 5041 5040 5090
f 5091 5092 5042
f 5042 5041 5091
f 5092 5093 5043
f 5043 5042 5092
f 5093 5094 5044
f 5044 5043 5093
f 5094 5095 5045
f 5045 5044 5094
f 5095 5096 5046
f 5046 5045 5095
f 5096 5097 5047
f 5047 5046 5096
f 5097 5098 5048
f 5048 5047 5097
f 5098 5099 5049
f 5049 5048 5098
f 5099 5100 5050
f 5050 5049 5099
f 5100 5051 5001
f 5001 5050 5100
f 5101 5102 5052
f 5052 5051 5101
f 5102 5103 5053
f 5053 5052 5102
f 5103 5104 5054
f 5054 5053 5103
f 5104 5105 5055
f 5055 5054 5104
f 5105 5106 5056
f 5056 5055 5105
f 5106 5107 5057
f 5057 5056 5106
f 5107 5108 5058
f 5058 5057 5107
f 5108 5109 5059
f 5059 5058 5108
f 5109 5110 5060
f 5060 5059 5109
f 5110 5111 5061
f 5061 5060 5110
f 5111 5112 5062
f 5062 5061 5111
f 5112 5113 5063
f 5063 5062 5112
f 5113 5114 5064
f 5064 5063 5113
f 5114 5115 5065
f 5065 5064 5114
f 5115 5116 5066
f 5066 5065 5115
f 5116 5117 5067
f 5067 5066 5116
f 5117 5118 5068
f 5068 5067 5117
f 5118 5119 5069
f 5069 5068 5118
f 5119 5120 5070
f 5070 5069 5119
f 5120 5121 5071
f 5071 5070 5120
f 5121 5122 5072
f 5072 5071 5121
f 5122 5123 5073
f 5073 5072 5122
f 5123 5124 5074
f 5074 5073 5123
f 5124 5125 5075
f 5075 5074 5124
f 5125 5126 5076
f 5076 5075 5125
f 5126 5127 5077
f 5077 5076 5126
f 5127 5128 5078
f 5078 5077 5127
f 5128 5129 5079
f 5079 5078 5128
f 5129 5130 5080
f 5080 5079 5129
f 5130 5131 5081
f 5081 5080 5130
f 5131 5132 5082
f 5082 5081 5131
f 5132 5133 5083
f 5083 5082 5132
f 5133 5134 5084
f 5084 5083 5133
f 5134 5135 5085
f 5085 5084 5134
f 5135 5136 5086
f 5086 5085 5135
f 5136 5137 5087
f 5087 5086 5136
f 5137 5138 5088
f 5088 5087 5137
f 5138 5139 5089
f 5089 5088 5138
f 5139 5140 5090
f 5090 5089 5139
f 5140 5141 5091
f 5091 5090 5140
f 5141 5142 5092
f 5092 5091 5141
f 5142 5143 5093
f 5093 5092 5142
f 5143 5144 5094
f 5094 5093 5143
f 5144 5145 5095
f 5095 5094 5144
f 5145 5146 5096
f 5096 5095 5145
f 5146 5147 5097
f 5097 5096 5146
f 5147 5148 5098
f 5098 5097 5147
f 5148 5149 5099
f 5099 5098 5148
f 5149 5150 5100
f 5100 5099 5149
f 5150 5101 5051
f 5051 5100 5150
f 5151 5152 5102
f 5102 5101 5151
f 5152 5153 5103
f 5103 5102 5152
f 5153 5154 5104
f 5104 5103 5153
f 5154 5155 5105
f 5105 5104 5154
f 5155 5156 5106
f 5106 5105 5155
f 5156 5157 5107
f 5107 5106 5156
f 5157 5158 5108
f 5108 5107 5157
f 5158 5159 5109
f 5109 5108 5158
f 5159 5160 5110
f 5110 5109 5159
f 5160 5161 5111
f 5111 5110 5160
f 5161 5162 5112
f 5112 5111 5161
f 5162 5163 5113
f 5113 5112 5162
f 5163 5164 5114
f 5114 5113 5163
f 5164 5165 5115
f 5115 5114 5164
f 5165 5166 5116
f 5116 5115 5165
f 5166 5167 5117
f 5117 5116 5166
f 5167 5168 5118
f 5118 5117 5167
f 5168 5169 5119
f 5119 5118 5168
f 5169 5170 5120
f 5120 5119 5169
f 5170 5171 5121
f 5121 5120 5170
f 5171 5172 5122
f 5122 5121 5171
f 5172 5173 5123
f 5123 5122 5172
f 5173 5174 5124
f 5124 5123 5173
f 5174 5175 5125
f 5125 5124 5174
f 5175 5176 5126
f 5126 5125 5175
f 5176 5177 5127
f 5127 5126 5176
f 5177 5178 5128
f 5128 5127 5177
f 5178 5179 5129
f 5129 5128 5178
f 5179 5180 5130
f 5130 5129 5179
f 5180 5181 5131
f 5131 5130 5180
f 5181 5182 5132
f 5132 5131 5181
f 5182 5183 5133
f 5133 5132 5182
f 5183 5184 5134
f 5134 5133 5183
f 5184 5185 5135
f 5135 5134 5184
f 5185 5186 5136
f 5136 5135 5185
f 5186 5187 5137
f 5137 5136 5186
f 5187 5188 5138
f 5138 5137 5187
f 5188 5189 5139
f 5139 5138 5188
f 5189 5190 5140
f 5140 5139 5189
f 5190 5191 5141
f 5141 5140 5190
f 5191 5192 5142
f 5142 5141 5191
f 5192 5193 5143
f 5143 5142 5192
f 5193 5194 5144
f 5144 5143 5193
f 5194 5195 5145
f 5145 5144 5194
f 5195 5196 5146
f 5146 5145 5195
f 5196 5197 5147
f 5147 5146 5196
f 5197 5198 5148
f 5148 5147 5197
f 5198 5199 5149
f 5149 5148 5198
f 5199 5200 5150
f 5150 5149 5199
f 5200 5151 5101
f 5101 5150 5200
f 5201 5202 5152
f 5152 5151 5201
f 5202 5203 5153
f 5153 5152 5202
f 5203 5204 5154
f 5154 5153 5203
f 5204 5205 5155
f 5155 5154 5204
f 5205 5206 5156
f 5156 5155 5205
f 5206 5207 5157
f 5157 5156 5206
f 5207 5208 5158
f 5158 5157 5207
f 5208 5209 5159
f 5159 5158 5208
f 5209 5210 5160
f 5160 5159 5209
f 5210 5211 5161
f 5161 5160 5210
f 5211 5212 5162
f 5162 5161 5211
f 5212 5213 5163
f 5163 5162 5212
f 5213 5214 5164
f 5164 5163 5213
f 5214 5215 5165
f 5165 5164 5214
f 5215 5216 5166
f 5166 5165 5215
f 5216 5217 5167
f 5167 5166 5216
f 5217 5218 5168
f 5168 5167 5217
f 5218 5219 5169
f 5169 5168 5218
f 5219 5220 5170
f 5170 5169 5219
f 5220 5221 5171
f 5171 5170 5220
f 5221 5222 5172
f 5172 5171 5221
f 5222 5223 5173
f 5173 5172 5222
f 5223 5224 5174
f 5174 5173 5223
f 5224 5225 5175
f 5175 5174 5224
f 5225 5226 5176
f 5176 5175 5225
f 5226 5227 5177
f 5177 5176 5226
f 5227 5228 5178
f 5178 5177 5227
f 5228 5229 5179
f 5179 5178 5228
f 5229 5230 5180
f 5180 5179 5229
f 5230 5231 5181
f 5181 5180 5230
f 5231 5232 5182
f 5182 5181 5231
f 5232 5233 5183
f 5183 5182 5232
f 5233 5234 5184
f 5184 5183 5233
f 5234 5235 5185
f 5185 5184 5234
f 5235 5236 5186
f 5186 5185 5235
f 5236 5237 5187
f 5187 5186 5236
f 5237 5238 5188
f 5188 5187 5237
f 5238 5239 5189
f 5189 5188 5238
f 5239 5240 5190
f 5190 5189 5239
f 5240 5241 5191
f 5191 5190 5240
f 5241 5242 5192
f 5192 5191 5241
f 5242 5243 5193
f 5193 5192 5242
f 5243 5244 5194
f 5194 5193 5243
f 5244 5245 5195
f 5195 5194 5244
f 5245 5246 5196
f 5196 5195 5245
f 5246 5247 5197
f 5197 5196 5246
f 5247 5248 5198
f 5198 5197 5247
f 5248 5249 5199
f 5199 5198 5248
f 5249 5250 5200
f 5200 5199 5249
f 5250 5201 5151
f 5151 5200 5250
f 5251 5252 5202
f 5202 5201 5251
f 5252 5253 5203
f 5203 5202 5252
f 5253 5254 5204
f 5204 5203 5253
f 5254 5255 5205
f 5205 5204 5254
f 5255 5256 5206
f 5206 5205 5255
f 5256 5257 5207
f 5207 5206 5256
f 5257 5258 5208
f 5208 5207 5257
f 5258 5259 5209
f 5209 5208 5258
f 5259 5260 5210
f 5210 5209 5259
f 5260 5261 5211
f 5211 5210 5260
f 5261 5262 5212
f 5212 5211 5261
f 5262 5263 5213
f 5213 5212 5262
f 5263 5264 5214
f 5214 5213 5263
f 5264 5265 5215
f 5215 5214 5264
f 5265 5266 5216
f 5216 5215 5265
f 5266 5267 5217
f 5217 5216 5266
f 5267 5268 5218
f 5218 5217 5267
f 5268 5269 5219
f 5219 5218 5268
f 5269 5270 5220
f 5220 5219 5269
f 5270 5271 5221
f 5221 5220 5270
f 5271 5272 5222
f 5222 5221 5271
f 5272 5273 5223
f 5223 5222 5272
f 5273 5274 5224
f 5224 5223 5273
f 5274 5275 5225
f 5225 5224 5274
f 5275 5276 5226
f 5226 5225 5275
f 5276 5277 5227
f 5227 5226 5276
f 5277 5278 5228
f 5228 5227 5277
f 5278 5279 5229
f 5229 5228 5278
f 5279 5280 5230
f 5230 5229 5279
f 5280 5281 5231
f 5231 5230 5280
f 5281 5282 5232
f 5232 5231 5281
f 5282 5283 5233
f 5233 5232 5282
f 5283 5284 5234
f 5234 5233 5283
f 5284 5285 5235
f 5235 5234 5284
f 5285 5286 5236
f 5236 5235 5285
f 5286 5287 5237
f 5237 5236 5286
f 5287 5288 5238
f 5238 5237 5287
f 5288 5289 5239
f 5239 5238 5288
f 5289 5290 5240
f 5240 5239 5289
f 5290 5291 5241
f 5241 5240 5290
f 5291 5292 5242
f 5242 5241 5291
f 5292 5293 5243
f 5243 5242 5292
f 5293 5294 5244
f 5244 5243 5293
f 5294 5295 5245
f 5245 5244 5294
f 5295 5296 5246
f 5246 5245 5295
f 5296 5297 5247
f 5247 5246 5296
f 5297 5298 5248
f 5248 5247 5297
f 5298 5299 5249
f 5249 5248 5298
f 5299 5300 5250
f 5250 5249 5299
f 5300 5251 5201
f 5201 5250 5300
f 5301 5302 5252
f 5252 5251 5301
f 5302 5303 5253
f 5253 5252 5302
f 5303 5304 5254
f 5254 5253 5303
f 5304 5305 5255
f 5255 5254 5304
f 5305 5306 5256
f 5256 5255 5305
f 5306 5307 5257
f 5257 5256 5306
f 5307 5308 5258
f 5258 5257 5307
f 5308 5309 5259
f 5259 5258 5308
f 5309 5310 5260
f 5260 5259 5309
f 5310 5311 5261
f 5261 5260 5310
f 5311 5312 5262
f 5262 5261 5311
f 5312 5313 5263
f 5263 5262 5312
f 5313 5314 5264
f 5264 5263 5313
f 5314 5315 5265
f 5265 5264 5314
f 5315 5316 5266
f 5266 5265 5315
f 5316 5317 5267
f 5267 5266 5316
f 5317 5318 5268
f 5268 5267 5317
f 5318 5319 5269
f 5269 5268 5318
f 5319 5320 5270
f 5270 5269 5319
f 5320 5321 5271
f 5271 5270 5320
f 5321 5322 5272
f 5272 5271 5321
f 5322 5323 5273
f 5273 5272 5322
f 5323 5324 5274
f 5274 5273 5323
f 5324 5325 5275
f 5275 5274 5324
f 5325 5326 5276
f 5276 5275 5325
f 5326 5327 5277
f 5277 5276 5326
f 5327 5328 5278
f 5278 5277 5327
f 5328 5329 5279
f 5279 5278 5328
f 5329 5330 5280
f 5280 5279 5329
f 5330 5331 5281
f 5281 5280 5330
f 5331 5332 5282
f 5282 5281 5331
f 5332 5333 5283
f 5283 5282 5332
f 5333 5334 5284
f 5284 5283 5333
f 5334 5335 5285
f 5285 5284 5334
f 5335 5336 5286
f 5286 5285 5335
f 5336 5337 5287
f 5287 5286 5336
f 5337 5338 5288
f 5288 5287 5337
f 5338 5339 5289
f 5289 5288 5338
f 5339 5340 5290
f 5290 5289 5339
f 5340 5341 5291
f 5291 5290 5340
f 5341 5342 5292
f 5292 5291 5341
f 5342 5343 5293
f 5293 5292 5342
f 5343 5344 5294
f 5294 5293 5343
f 5344 5345 5295
f 5295 5294 5344
f 5345 5346 5296
f 5296 5295 5345
f 5346 5347 5297
f 5297 5296 5346
f 5347 5348 5298
f 5298 5297 5347
f 5348 5349 5299
f 5299 5298 5348
f 5349 5350 5300
f 5300 5299 5349
f 5350 5301 5251
f 5251 5300 5350
f 5351 5352 5302
f 5302 5301 5351
f 5352 5353 5303
f 5303 5302 5352
f 5353 5354 5304
f 5304 5303 5353
f 5354 5355 5305
f 5305 5304 5354
f 5355 5356 5306
f 5306 5305 5355
f 5356 5357 5307
f 5307 5306 5356
f 5357 5358 5308
f 5308 5307 5357
f 5358 5359 5309
f 5309 5308 5358
f 5359 5360 5310
f 5310 5309 5359
f 5360 5361 5311
f 5311 5310 5360
f 5361 5362 5312
f 5312 5311 5361
f 5362 5363 5313
f 5313 5312 5362
f 5363 5364 5314
f 5314 5313 5363
f 5364 5365 5315
f 5315 5314 5364
f 5365 5366 5316
f 5316 5315 5365
f 5366 5367 5317
f 5317 5316 5366
f 5367 5368 5318
f 5318 5317 5367
f 5368 5369 5319
f 5319 5318 5368
f 5369 5370 5320
f 5320 5319 5369
f 5370 5371 5321
f 5321 5320 5370
f 5371 5372 5322
f 5322 5321 5371
f 5372 5373 5323
f 5323 5322 5372
f 5373 5374 5324
f 5324 5323 5373
f 5374 5375 5325
f 5325 5324 5374
f 5375 5376 5326
f 5326 5325 5375
f 5376 5377 5327
f 5327 5326 5376
f 5377 5378 5328
f 5328 5327 5377
f 5378 5379 5329
f 5329 5328 5378
f 5379 5380 5330
f 5330 5329 5379
f 5380 5381 5331
f 5331 5330 5380
f 5381 5382 5332
f 5332 5331 5381
f 5382 5383 5333
f 5333 5332 5382
f 5383 5384 5334
f 5334 5333 5383
f 5384 5385 5335
f 5335 5334 5384
f 5385 5386 5336
f 5336 5335 5385
f 5386 5387 5337
f 5337 5336 5386
f 5387 5388 5338
f 5338 5337 5387
f 5388 5389 5339
f 5339 5338 5388
f 5389 5390 5340
f 5340 5339 5389
f 5390 5391 5341
f 5341 5340 5390
f 5391 5392 5342
f 5342 5341 5391
f 5392 5393 5343
f 5343 5342 5392
f 5393 5394 5344
f 5344 5343 5393
f 5394 5395 5345
f 5345 5344 5394
f 5395 5396 5346
f 5346 5345 5395
f 5396 5397 5347
f 5347 5346 5396
f 5397 5398 5348
f 5348 5347 5397
f 5398 5399 5349
f 5349 5348 5398
f 5399 5400 5350
f 5350 5349 5399
f 5400 5351 5301
f 5301 5350 5400
f 5401 5402 5352
f 5352 5351 5401
f 5402 5403 5353
f 5353 5352 5402
f 5403 5404 5354
f 5354 5353 5403
f 5404 5405 5355
f 5355 5354 5404
f 5405 5406 5356
f 5356 5355 5405
f 5406 5407 5357
f 5357 5356 5406
f 5407 5408 5358
f 5358 5357 5407
f 5408 5409 5359
f 5359 5358 5408
f 5409 5410 5360
f 5360 5359 5409
f 5410 5411 5361
f 5361 5360 5410
f 5411 5412 5362
f 5362 5361 5411
f 5412 5413 5363
f 5363 5362 5412
f 5413 5414 5364
f 5364 5363 5413
f 5414 5415 5365
f 5365 5364 5414
f 5415 5416 5366
f 5366 5365 5415
f 5416 5417 5367
f 5367 5366 5416
f 5417 5418 5368
f 5368 5367 5417
f 5418 5419 5369
f 5369 5368 5418
f 5419 5420 5370
f 5370 5369 5419
f 5420 5421 5371
f 5371 5370 5420
f 5421 5422 5372
f 5372 5371 5421
f 5422 5423 5373
f 5373 5372 5422
f 5423 5424 5374
f 5374 5373 5423
f 5424 5425 5375
f 5375 5374 5424
f 5425 5426 5376
f 5376 5375 5425
f 5426 5427 5377
f 5377 5376 5426
f 5427 5428 5378
f 5378 5377 5427
f 5428 5429 5379
f 5379 5378 5428
f 5429 5430 5380
f 5380 5379 5429
f 5430 5431 5381
f 5381 5380 5430
f 5431 5432 5382
f 5382 5381 5431
f 5432 5433 5383
f 5383 5382 5432
f 5433 5434 5384
f 5384 5383 5433
f 5434 5435 5385
f 5385 5384 5434
f 5435 5436 5386
f 5386 5385 5435
f 5436 5437 5387
f 5387 5386 5436
f 5437 5438 5388
f 5388 5387 5437
f 5438 5439 5389
f 5389 5388 5438
f 5439 5440 5390
f 5390 5389 5439
f 5440 5441 5391
f 5391 5390 5440
f 5441 5442 5392
f 5392 5391 5441
f 5442 5443 5393
f 5393 5392 5442
f 5443 5444 5394
f 5394 5393 5443
f 5444 5445 5395
f 5395 5394 5444
f 5445 5446 5396
f 5396 5395 5445
f 5446 5447 5397
f 5397 5396 5446
f 5447 5448 5398
f 5398 5397 5447
f 5448 5449 5399
f 5399 5398 5448
f 5449 5450 5400
f 5400 5399 5449
f 5450 5401 5351
f 5351 5400 5450
f 5451 5452 5402
f 5402 5401 5451
f 5452 5453 5403
f 5403 5402 5452
f 5453 5454 5404
f 5404 5403 5453
f 5454 5455 5405
f 5405 5404 5454
f 5455 5456 5406
f 5406 5405 5455
f 5456 5457 5407
f 5407 5406 5456
f 5457 5458 5408
f 5408 5407 5457
f 5458 5459 5409
f 5409 5408 5458
f 5459 5460 5410
f 5410 5409 5459
f 5460 5461 5411
f 5411 5410 5460
f 5461 5462 5412
f 5412 5411 5461
f 5462 5463 5413
f 5413 5412 5462
f 5463 5464 5414
f 5414 5413 5463
f 5464 5465 5415
f 5415 5414 5464
f 5465 5466 5416
f 5416 5415 5465
f 5466 5467 5417
f 5417 5416 5466
f 5467 5468 5418
f 5418 5417 5467
f 5468 5469 5419
f 5419 5418 5468
f 5469 5470 5420
f 5420 5419 5469
f 5470 5471 5421
f 5421 5420 5470
f 5471 5472 5422
f 5422 5421 5471
f 5472 5473 5423
f 5423 5422 5472
f 5473 5474 5424
f 5424 5423 5473
f 5474 5475 5425
f 5425 5424 5474
f 5475 5476 5426
f 5426 5425 5475
f 5476 5477 5427
f 5427 5426 5476
f 5477 5478 5428
f 5428 5427 5477
f 5478 5479 5429
f 5429 5428 5478
f 5479 5480 5430
f 5430 5429 5479
f 5480 5481 5431
f 5431 5430 5480
f 5481 5482 5432
f 5432 5431 5481
f 5482 5483 5433
f 5433 5432 5482
f 5483 5484 5434
f 5434 5433 5483
f 5484 5485 5435
f 5435 5434 5484
f 5485 5486 5436
f 5436 5435 5485
f 5486 5487 5437
f 5437 5436 5486
f 5487 5488 5438
f 5438 5437 5487
f 5488 5489 5439
f 5439 5438 5488
f 5489 5490 5440
f 5440 5439 5489
f 5490 5491 5441
f 5441 5440 5490
f 5491 5492 5442
f 5442 5441 5491
f 5492 5493 5443
f 5443 5442 5492
f 5493 5494 5444
f 5444 5443 5493
f 5494 5495 5445
f 5445 5444 5494
f 5495 5496 5446
f 5446 5445 5495
f 5496 5497 5447
f 5447 5446 5496
f 5497 5498 5448
f 5448 5447 5497
f 5498 5499 5449
f 5449 5448 5498
f 5499 5500 5450
f 5450 5449 5499
f 5500 5451 5401
f 5401 5450 5500
f 5501 5502 5452
f 5452 5451 5501
f 5502 5503 5453
f 5453 5452 5502
f 5503 5504 5454
f 5454 5453 5503
f 5504 5505 5455
f 5455 5454 5504
f 5505 5506 5456
f 5456 5455 5505
f 5506 5507 5457
f 5457 5456 5506
f 5507 5508 5458
f 5458 5457 5507
f 5508 5509 5459
f 5459 5458 5508
f 5509 5510 5460
f 5460 5459 5509
f 5510 5511 5461
f 5461 5460 5510
f 5511 5512 5462
f 5462 5461 5511
f 5512 5513 5463
f 5463 5462 5512
f 5513 5514 5464
f 5464 5463 5513
f 5514 5515 5465
f 5465 5464 5514
f 5515 5516 5466
f 5466 5465 5515
f 5516 5517 5467
f 5467 5466 5516
f 5517 5518 5468
f 5468 5467 5517
f 5518 5519 5469
f 5469 5468 5518
f 5519 5520 5470
f 5470 5469 5519
f 5520 5521 5471
f 5471 5470 5520
f 5521 5522 5472
f 5472 5471 5521
f 5522 5523 5473
f 5473 5472 5522
f 5523 5524 5474
f 5474 5473 5523
f 5524 5525 5475
f 5475 5474 5524
f 5525 5526 5476
f 5476 5475 5525
f 5526 5527 5477
f 5477 5476 5526
f 5527 5528 5478
f 5478 5477 5527
f 5528 5529 5479
f 5479 5478 5528
f 5529 5530 5480
f 5480 5479 5529
f 5530 5531 5481
f 5481 5480 5530
f 5531 5532 5482
f 5482 5481 5531
f 5532 5533 5483
f 5483 5482 5532
f 5533 5534 5484
f 5484 5483 5533
f 5534 5535 5485
f 5485 5484 5534
f 5535 5536 5486
f 5486 5485 5535
f 5536 5537 5487
f 5487 5486 5536
f 5537 5538 5488
f 5488 5487 5537
f 5538 5539 5489
f 5489 5488 5538
f 5539 5540 5490
f 5490 5489 5539
f 5540 5541 5491
f 5491 5490 5540
f 5541 5542 5492
f 5492 5491 5541
f 5542 5543 5493
f 5493 5492 5542
f 5543 5544 5494
f 5494 5493 5543
f 5544 5545 5495
f 5495 5494 5544
f 5545 5546 5496
f 5496 5495 5545
f 5546 5547 5497
f 5497 5496 5546
f 5547 5548 5498
f 5498 5497 5547
f 5548 5549 5499
f 5499 5498 5548
f 5549 5550 5500
f 5500 5499 5549
f 5550 5501 5451
f 5451 5500 5550
f 5551 5552 5502
f 5502 5501 5551
f 5552 5553 5503
f 5503 5502 5552
f 5553 5554 5504
f 5504 5503 5553
f 5554 5555 5505
f 5505 5504 5554
f 5555 5556 5506
f 5506 5505 5555
f 5556 5557 5507
f 5507 5506 5556
f 5557 5558 5508
f 5508 5507 5557
f 5558 5559 5509
f 5509 5508 5558
f 5559 5560 5510
f 5510 5509 5559
f 5560 5561 5511
f 5511 5510 5560
f 5561 5562 5512
f 5512 5511 5561
f 5562 5563 5513
f 5513 5512 5562
f 5563 5564 5514
f 5514 5513 5563
f 5564 5565 5515
f 5515 5514 5564
f 5565 5566 5516
f 5516 5515 5565
f 5566 5567 5517
f 5517 5516 5566
f 5567 5568 5518
f 5518 5517 5567
f 5568 5569 5519
f 5519 5518 5568
f 5569 5570 5520
f 5520 5519 5569
f 5570 5571 5521
f 5521 5520 5570
f 5571 5572 5522
f 5522 5521 5571
f 5572 5573 5523
f 5523 5522 5572
f 5573 5574 5524
f 5524 5523 5573
f 5574 5575 5525
f 5525 5524 5574
f 5575 5576 5526
f 5526 5525 5575
f 5576 5577 5527
f 5527 5526 5576
f 5577 5578 5528
f 5528 5527 5577
f 5578 5579 5529
f 5529 5528 5578
f 5579 5580 5530
f 5530 5529 5579
f 5580 5581 5531
f 5531 5530 5580
f 5581 5582 5532
f 5532 5531 5581
f 5582 5583 5533
f 5533 5532 5582
f 5583 5584 5534
f 5534 5533 5583
f 5584 5585 5535
f 5535 5534 5584
f 5585 5586 5536
f 5536 5535 5585
f 5586 5587 5537
f 5537 5536 5586
f 5587 5588 5538
f 5538 5537 5587
f 5588 5589 5539
f 5539 5538 5588
f 5589 5590 5540
f 5540 5539 5589
f 5590 5591 5541
f 5541 5540 5590
f 5591 5592 5542
f 5542 5541 5591
f 5592 5593 5543
f 5543 5542 5592
f 5593 5594 5544
f 5544 5543 5593
f 5594 5595 5545
f 5545 5544 5594
f 5595 5596 5546
f 5546 5545 5595
f 5596 5597 5547
f 5547 5546 5596
f 5597 5598 5548
f 5548 5547 5597
f 5598 5599 5549
f 5549 5548 5598
f 5599 5600 5550
f 5550 5549 5599
f 5600 5551 5501
f 5501 5550 5600
f 5601 5602 5552
f 5552 5551 5601
f 5602 5603 5553
f 5553 5552 5602
f 5603 5604 5554
f 5554 5553 5603
f 5604 5605 5555
f 5555 5554 5604
f 5605 5606 5556
f 5556 5555 5605
f 5606 5607 5557
f 5557 5556 5606
f 5607 5608 5558
f 5558 5557 5607
f 5608 5609 5559
f 5559 5558 5608
f 5609 5610 5560
f 5560 5559 5609
f 5610 5611 5561
f 5561 5560 5610
f 5611 5612 5562
f 5562 5561 5611
f 5612 5613 5563
f 5563 5562 5612
f 5613 5614 5564
f 5564 5563 5613
f 5614 5615 5565
f 5565 5564 5614
f 5615 5616 5566
f 5566 5565 5615
f 5616 5617 5567
f 5567 5566 5616
f 5617 5618 5568
f 5568 5567 5617
f 5618 5619 5569
f 5569 5568 5618
f 5619 5620 5570
f 5570 5569 5619
f 5620 5621 5571
f 5571 5570 5620
f 5621 5622 5572
f 5572 5571 5621
f 5622 5623 5573
f 5573 5572 5622
f 5623 5624 5574
f 5574 5573 5623
f 5624 5625 5575
f 5575 5574 5624
f 5625 5626 5576
f 5576 5575 5625
f 5626 5627 5577
f 5577 5576 5626
f 5627 5628 5578
f 5578 5577 5627
f 5628 5629 5579
f 5579 5578 5628
f 5629 5630 5580
f 5580 5579 5629
f 5630 5631 5581
f 5581 5580 5630
f 5631 5632 5582
f 5582 5581 5631
f 5632 5633 5583
f 5583 5582 5632
f 5633 5634 5584
f 5584 5583 5633
f 5634 5635 5585
f 5585 5584 5634
f 5635 5636 5586
f 5586 5585 5635
f 5636 5637 5587
f 5587 5586 5636
f 5637 5638 5588
f 5588 5587 5637
f 5638 5639 5589
f 5589 5588 5638
f 5639 5640 5590
f 5590 5589 5639
f 5640 5641 5591
f 5591 5590 5640
f 5641 5642 5592
f 5592 5591 5641
f 5642 5643 5593
f 5593 5592 5642
f 5643 5644 5594
f 5594 5593 5643
f 5644 5645 5595
f 5595 5594 5644
f 5645 5646 5596
f 5596 5595 5645
f 5646 5647 5597
f 5597 5596 5646
f 5647 5648 5598
f 5598 5597 5647
f 5648 5649 5599
f 5599 5598 5648
f 5649 5650 5600
f 5600 5599 5649
f 5650 5601 5551
f 5551 5600 5650
f 5651 5652 5602
f 5602 5601 5651
f 5652 5653 5603
f 5603 5602 5652
f 5653 5654 5604
f 5604 5603 5653
f 5654 5655 5605
f 5605 5604 5654
f 5655 5656 5606
f 5606 5605 5655
f 5656 5657 5607
f 5607 5606 5656
f 5657 5658 5608
f 5608 5607 5657
f 5658 5659 5609
f 5609 5608 5658
f 5659 5660 5610
f 5610 5609 5659
f 5660 5661 5611
f 5611 5610 5660
f 5661 5662 5612
f 5612 5611 5661
f 5662 5663 5613
f 5613 5612 5662
f 5663 5664 5614
f 5614 5613 5663
f 5664 5665 5615
f 5615 5614 5664
f 5665 5666 5616
f 5616 5615 5665
f 5666 5667 5617
f 5617 5616 5666
f 5667 5668 5618
f 5618 5617 5667
f 5668 5669 5619
f 5619 5618 5668
f 5669 5670 5620
f 5620 5619 5669
f 5670 5671 5621
f 5621 5620 5670
f 5671 5672 5622
f 5622 5621 5671
f 5672 5673 5623
f 5623 5622 5672
f 5673 5674 5624
f 5624 5623 5673
f 5674 5675 5625
f 5625 5624 5674
f 5675 5676 5626
f 5626 5625 5675
f 5676 5677 5627
f 5627 5626 5676
f 5677 5678 5628
f 5628 5627 5677
f 5678 5679 5629
f 5629 5628 5678
f 5679 5680 5630
f 5630 5629 5679
f 5680 5681 5631
f 5631 5630 5680
f 5681 5682 5632
f 5632 5631 5681
f 5682 5683 5633
f 5633 5632 5682
f 5683 5684 5634
f 5634 5633 5683
f 5684 5685 5635
f 5635 5634 5684
f 5685 5686 5636
f 5636 5635 5685
f 5686 5687 5637
f 5637 5636 5686
f 5687 5688 5638
f 5638 5637 5687
f 5688 5689 5639
f 5639 5638 5688
f 5689 5690 5640
f 5640 5639 5689
f 5690 5691 5641
f 5641 5640 5690
f 5691 5692 5642
f 5642 5641 5691
f 5692 5693 5643
f 5643 5642 5692
f 5693 5694 5644
f 5644 5643 5693
f 5694 5695 5645
f 5645 5644 5694
f 5695 5696 5646
f 5646 5645 5695
f 5696 5697 5647
f 5647 5646 5696
f 5697 5698 5648
f 5648 5647 5697
f 5698 5699 5649
f 5649 5648 5698
f 5699 5700 5650
f 5650 5649 5699
f 5700 5651 5601
f 5601 5650 5700
f 5701 5702 5652
f 5652 5651 5701
f 5702 5703 5653
f 5653 5652 5702
f 5703 5704 5654
f 5654 5653 5703
f 5704 5705 5655
f 5655 5654 5704
f 5705 5706 5656
f 5656 5655 5705
f 5706 5707 5657
f 5657 5656 5706
f 5707 5708 5658
f 5658 5657 5707
f 5708 5709 5659
f 5659 5658 5708
f 5709 5710 5660
f 5660 5659 5709
f 5710 5711 5661
f 5661 5660 5710
f 5711 5712 5662
f 5662 5661 5711
f 5712 5713 5663
f 5663 5662 5712
f 5713 5714 5664
f 5664 5663 5713
f 5714 5715 5665
f 5665 5664 5714
f 5715 5716 5666
f 5666 5665 5715
f 5716 5717 5667
f 5667 5666 5716
f 5717 5718 5668
f 5668 5667 5717
f 5718 5719 5669
f 5669 5668 5718
f 5719 5720 5670
f 5670 5669 5719
f 5720 5721 5671
f 5671 5670 5720
f 5721 5722 5672
f 5672 5671 5721
f 5722 5723 5673
f 5673 5672 5722
f 5723 5724 5674
f 5674 5673 5723
f 5724 5725 5675
f 5675 5674 5724
f 5725 5726 5676
f 5676 5675 5725
f 5726 5727 5677
f 5677 5676 5726
f 5727 5728 5678
f 5678 5677 5727
f 5728 5729 5679
f 5679 5678 5728
f 5729 5730 5680
f 5680 5679 5729
f 5730 5731 5681
f 5681 5680 5730
f 5731 5732 5682
f 5682 5681 5731
f 5732 5733 5683
f 5683 5682 5732
f 5733 5734 5684
f 5684 5683 5733
f 5734 5735 5685
f 5685 5684 5734
f 5735 5736 5686
f 5686 5685 5735
f 5736 5737 5687
f 5687 5686 5736
f 5737 5738 5688
f 5688 5687 5737
f 5738 5739 5689
f 5689 5688 5738
f 5739 5740 5690
f 5690 5689 5739
f 5740 5741 5691
f 5691 5690 5740
f 5741 5742 5692
f 5692 5691 5741
f 5742 5743 5693
f 5693 5692 5742
f 5743 5744 5694
f 5694 5693 5743
f 5744 5745 5695
f 5695 5694 5744
f 5745 5746 5696
f 5696 5695 5745
f 5746 5747 5697
f 5697 5696 5746
f 5747 5748 5698
f 5698 5697 5747
f 5748 5749 5699
f 5699 5698 5748
f 5749 5750 5700
f 5700 5699 5749
f 5750 5701 5651
f 5651 5700 5750
f 5751 5752 5702
f 5702 5701 5751
f 5752 5753 5703
f 5703 5702 5752
f 5753 5754 5704
f 5704 5703 5753
f 5754 5755 5705
f 5705 5704 5754
f 5755 5756 5706
f 5706 5705 5755
f 5756 5757 5707
f 5707 5706 5756
f 5757 5758 5708
f 5708 5707 5757
f 5758 5759 5709
f 5709 5708 5758
f 5759 5760 5710
f 5710 5709 5759
f 5760 5761 5711
f 5711 5710 5760
f 5761 5762 5712
f 5712 5711 5761
f 5762 5763 5713
f 5713 5712 5762
f 5763 5764 5714
f 5714 5713 5763
f 5764 5765 5715
f 5715 5714 5764
f 5765 5766 5716
f 5716 5715 5765
f 5766 5767 5717
f 5717 5716 5766
f 5767 5768 5718
f 5718 5717 5767
f 5768 5769 5719
f 5719 5718 5768
f 5769 5770 5720
f 5720 5719 5769
f 5770 5771 5721
f 5721 5720 5770
f 5771 5772 5722
f 5722 5721 5771
f 5772 5773 5723
f 5723 5722 5772
f 5773 5774 5724
f 5724 5723 5773
f 5774 5775 5725
f 5725 5724 5774
f 5775 5776 5726
f 5726 5725 5775
f 5776 5777 5727
f 5727 5726 5776
f 5777 5778 5728
f 5728 5727 5777
f 5778 5779 5729
f 5729 5728 5778
f 5779 5780 5730
f 5730 5729 5779
f 5780 5781 5731
f 5731 5730 5780
f 5781 5782 5732
f 5732 5731 5781
f 5782 5783 5733
f 5733 5732 5782
f 5783 5784 5734
f 5734 5733 5783
f 5784 5785 5735
f 5735 5734 5784
f 5785 5786 5736
f 5736 5735 5785
f 5786 5787 5737
f 5737 5736 5786
f 5787 5788 5738
f 5738 5737 5787
f 5788 5789 5739
f 5739 5738 5788
f 5789 5790 5740
f 5740 5739 5789
f 5790 5791 5741
f 5741 5740 5790
f 5791 5792 5742
f 5742 5741 5791
f 5792 5793 5743
f 5743 5742 5792
f 5793 5794 5744
f 5744 5743 5793
f 5794 5795 5745
f 5745 5744 5794
f 5795 5796 5746
f 5746 5745 5795
f 5796 5797 5747
f 5747 5746 5796
f 5797 5798 5748
f 5748 5747 5797
f 5798 5799 5749
f 5749 5748 5798
f 5799 5800 5750
f 5750 5749 5799
f 5800 5751 5701
f 5701 5750 5800
f 5801 5802 5852
f 5852 5851 5801
f 5802 5803 5853
f 5853 5852 5802
f 5803 5804 5854
f 5854 5853 5803
f 5804 5805 5855
f 5855 5854 5804
f 5805 5806 5856
f 5856 5855 5805
f 5806 5807 5857
f 5857 5856 5806
f 5807 5808 5858
f 5858 5857 5807
f 5808 5809 5859
f 5859 5858 5808
f 5809 5810 5860
f 5860 5859 5809
f 5810 5811 5861
f 5861 5860 5810
f 5811 5812 5862
f 5862 5861 5811
f 5812 5813 5863
f 5863 5862 5812
f 5813 5814 5864
f 5864 5863 5813
f 5814 5815 5865
f 5865 5864 5814
f 5815 5816 5866
f 5866 5865 5815
f 5816 5817 5867
f 5867 5866 5816
f 5817 5818 5868
f 5868 5867 5817
f 5818 5819 5869
f 5869 5868 5818
f 5819 5820 5870
f 5870 5869 5819
f 5820 5821 5871
f 5871 5870 5820
f 5821 5822 5872
f 5872 5871 5821
f 5822 5823 5873
f 5873 5872 5822
f 5823 5824 5874
f 5874 5873 5823
f 5824 5825 5875
f 5875 5874 5824
f 5825 5826 5876
f 5876 5875 5825
f 5826 5827 5877
f 5877 5876 5826
f 5827 5828 5878
f 5878 5877 5827
f 5828 5829 5879
f 5879 5878 5828
f 5829 5830 5880
f 5880 5879 5829
f 5830 5831 5881
f 5881 5880 5830
f 5831 5832 5882
f 5882 5881 5831
f 5832 5833 5883
f 5883 5882 5832
f 5833 5834 5884
f 5884 5883 5833
f 5834 5835 5885
f 5885 5884 5834
f 5835 5836 5886
f 5886 5885 5835
f 5836 5837 5887
f 5887 5886 5836
f 5837 5838 5888
f 5888 5887 5837
f 5838 5839 5889
f 5889 5888 5838
f 5839 5840 5890
f 5890 5889 5839
f 5840 5841 5891
f 5891 5890 5840
f 5841 5842 5892
f 5892 5891 5841
f 5842 5843 5893
f 5893 5892 5842
f 5843 5844 5894
f 5894 5893 5843
f 5844 5845 5895
f 5895 5894 5844
f 5845 5846 5896
f 5896 5895 5845
f 5846 5847 5897
f 5897 5896 5846
f 5847 5848 5898
f 5898 5897 5847
f 5848 5849 5899
f 5899 5898 5848
f 5849 5850 5900
f 5900 5899 5849
f 5850 5801 5851
f 5851 5900 5850
f 5851 5852 5902
f 5902 5901 5851
f 5852 5853 5903
f 5903 5902 5852
f 5853 5854 5904
f 5904 5903 5853
f 5854 5855 5905
f 5905 5904 5854
f 5855 5856 5906
f 5906 5905 5855
f 5856 5857 5907
f 5907 5906 5856
f 5857 5858 5908
f 5908 5907 5857
f 5858 5859 5909
f 5909 5908 5858
f 5859 5860 5910
f 5910 5909 5859
f 5860 5861 5911
f 5911 5910 5860
f 5861 5862 5912
f 5912 5911 5861
f 5862 5863 5913
f 5913 5912 5862
f 5863 5864 5914
f 5914 5913 5863
f 5864 5865 5915
f 5915 5914 5864
f 5865 5866 5916
f 5916 5915 5865
f 5866 5867 5917
f 5917 5916 5866
f 5867 5868 5918
f 5918 5917 5867
f 5868 5869 5919
f 5919 5918 5868
f 5869 5870 5920
f 5920 5919 5869
f 5870 5871 5921
f 5921 5920 5870
f 5871 5872 5922
f 5922 5921 5871
f 5872 5873 5923
f 5923 5922 5872
f 5873 5874 5924
f 5924 5923 5873
f 5874 5875 5925
f 5925 5924 5874
f 5875 5876 5926
f 5926 5925 5875
f 5876 5877 5927
f 5927 5926 5876
f 5877 5878 5928
f 5928 5927 5877
f 5878 5879 5929
f 5929 5928 5878
f 5879 5880 5930
f 5930 5929 5879
f 5880 5881 5931
f 5931 5930 5880
f 5881 5882 5932
f 5932 5931 5881
f 5882 5883 5933
f 5933 5932 5882
f 5883 5884 5934
f 5934 5933 5883
f 5884 5885 5935
f 5935 5934 5884
f 5885 5886 5936
f 5936 5935 5885
f 5886 5887 5937
f 5937 5936 5886
f 5887 5888 5938
f 5938 5937 5887
f 5888 5889 5939
f 5939 5938 5888
f 5889 5890 5940
f 5940 5939 5889
f 5890 5891 5941
f 5941 5940 5890
f 5891 5892 5942
f 5942 5941 5891
f 5892 5893 5943
f 5943 5942 5892
f 5893 5894 5944
f 5944 5943 5893
f 5894 5895 5945
f 5945 5944 5894
f 5895 5896 5946
f 5946 5945 5895
f 5896 5897 5947
f 5947 5946 5896
f 5897 5898 5948
f 5948 5947 5897
f 5898 5899 5949
f 5949 5948 5898
f 5899 5900 5950
f 5950 5949 5899
f 5900 5851 5901
f 5901 5950 5900
f 5901 5902 5952
f 5952 5951 5901
f 5902 5903 5953
f 5953 5952 5902
f 5903 5904 5954
f 5954 5953 5903
f 5904 5905 5955
f 5955 5954 5904
f 5905 5906 5956
f 5956 5955 5905
f 5906 5907 5957
f 5957 5956 5906
f 5907 5908 5958
f 5958 5957 5907
f 5908 5909 5959
f 5959 5958 5908
f 5909 5910 5960
f 5960 5959 5909
f 5910 5911 5961
f 5961 5960 5910
f 5911 5912 5962
f 5962 5961 5911
f 5912 5913 5963
f 5963 5962 5912
f 5913 5914 5964
f 5964 5963 5913
f 5914 5915 5965
f 5965 5964 5914
f 5915 5916 5966
f 5966 5965 5915
f 5916 5917 5967
f 5967 5966 5916
f 5917 5918 5968
f 5968 5967 5917
f 5918 5919 5969
f 5969 5968 5918
f 5919 5920 5970
f 5970 5969 5919
f 5920 5921 5971
f 5971 5970 5920
f 5921 5922 5972
f 5972 5971 5921
f 5922 5923 5973
f 5973 5972 5922
f 5923 5924 5974
f 5974 5973 5923
f 5924 5925 5975
f 5975 5974 5924
f 5925 5926 5976
f 5976 5975 5925
f 5926 5927 5977
f 5977 5976 5926
f 5927 5928 5978
f 5978 5977 5927
f 5928 5929 5979
f 5979 5978 5928
f 5929 5930 5980
f 5980 5979 5929
f 5930 5931 5981
f 5981 5980 5930
f 5931 5932 5982
f 5982 5981 5931
f 5932 5933 5983
f 5983 5982 5932
f 5933 5934 5984
f 5984 5983 5933
f 5934 5935 5985
f 5985 5984 5934
f 5935 5936 5986
f 5986 5985 5935
f 5936 5937 5987
f 5987 5986 5936
f 5937 5938 5988
f 5988 5987 5937
f 5938 5939 5989
f 5989 5988 5938
f 5939 5940 5990
f 5990 5989 5939
f 5940 5941 5991
f 5991 5990 5940
f 5941 5942 5992
f 5992 5991 5941
f 5942 5943 5993
f 5993 5992 5942
f 5943 5944 5994
f 5994 5993 5943
f 5944 5945 5995
f 5995 5994 5944
f 5945 5946 5996
f 5996 5995 5945
f 5946 5947 5997
f 5997 5996 5946
f 5947 5948 5998
f 5998 5997 5947
f 5948 5949 5999
f 5999 5998 5948
f 5949 5950 6000
f 6000 5999 5949
f 5950 5901 5951
f 5951 6000 5950
f 5951 5952 6002
f 6002 6001 5951
f 5952 5953 6003
f 6003 6002 5952
f 5953 5954 6004
f 6004 6003 5953
f 5954 5955 6005
f 6005 6004 5954
f 5955 5956 6006
f 6006 6005 5955
f 5956 5957 6007
f 6007 6006 5956
f 5957 5958 6008
f 6008 6007 5957
f 5958 5959 6009
f 6009 6008 5958
f 5959 5960 6010
f 6010 6009 5959
f 5960 5961 6011
f 6011 6010 5960
f 5961 5962 6012
f 6012 6011 5961
f 5962 5963 6013
f 6013 6012 5962
f 5963 5964 6014
f 6014 6013 5963
f 5964 5965 6015
f 6015 6014 5964
f 5965 5966 6016
f 6016 6015 5965
f 5966 5967 6017
f 6017 6016 5966
f 5967 5968 6018
f 6018 6017 5967
f 5968 5969 6019
f 6019 6018 5968
f 5969 5970 6020
f 6020 6019 5969
f 5970 5971 6021
f 6021 6020 5970
f 5971 5972 6022
f 6022 6021 5971
f 5972 5973 6023
f 6023 6022 5972
f 5973 5974 6024
f 6024 6023 5973
f 5974 5975 6025
f 6025 6024 5974
f 5975 5976 6026
f 6026 6025 5975
f 5976 5977 6027
f 6027 6026 5976
f 5977 5978 6028
f 6028 6027 5977
f 5978 5979 6029
f 6029 6028 5978
f 5979 5980 6030
f 6030 6029 5979
f 5980 5981 6031
f 6031 6030 5980
f 5981 5982 6032
f 6032 6031 5981
f 5982 5983 6033
f 6033 6032 5982
f 5983 5984 6034
f 6034 6033 5983
f 5984 5985 6035
f 6035 6034 5984
f 5985 5986 6036
f 6036 6035 5985
f 5986 5987 6037
f 6037 6036 5986
f 5987 5988 6038
f 6038 6037 5987
f 5988 5989 6039
f 6039 6038 5988
f 5989 5990 6040
f 6040 6039 5989
f 5990 5991 6041
f 6041 6040 5990
f 5991 5992 6042
f 6042 6041 5991
f 5992 5993 6043
f 6043 6042 5992
f 5993 5994 6044
f 6044 6043 5993
f 5994 5995 6045
f 6045 6044 5994
f 5995 5996 6046
f 6046 6045 5995
f 5996 5997 6047
f 6047 6046 5996
f 5997 5998 6048
f 6048 6047 5997
f 5998 5999 6049
f 6049 6048 5998
f 5999 6000 6050
f 6050 6049 5999
f 6000 5951 6001
f 6001 6050 6000
f 6001 6002 6052
f 6052 6051 6001
f 6002 6003 6053
f 6053 6052 6002
f 6003 6004 6054
f 6054 6053 6003
f 6004 6005 6055
f 6055 6054 6004
f 6005 6006 6056
f 6056 6055 6005
f 6006 6007 6057
f 6057 6056 6006
f 6007 6008 6058
f 6058 6057 6007
f 6008 6009 6059
f 6059 6058 6008
f 6009 6010 6060
f 6060 6059 6009
f 6010 6011 6061
f 6061 6060 6010
f 6011 6012 6062
f 6062 6061 6011
f 6012 6013 6063
f 6063 6062 6012
f 6013 6014 6064
f 6064 6063 6013
f 6014 6015 6065
f 6065 6064 6014
f 6015 6016 6066
f 6066 6065 6015
f 6016 6017 6067
f 6067 6066 6016
f 6017 6018 6068
f 6068 6067 6017
f 6018 6019 6069
f 6069 6068 6018
f 6019 6020 6070
f 6070 6069 6019
f 6020 6021 6071
f 6071 6070 6020
f 6021 6022 6072
f 6072 6071 6021
f 6022 6023 6073
f 6073 6072 6022
f 6023 6024 6074
f 6074 6073 6023
f 6024 6025 6075
f 6075 6074 6024
f 6025 6026 6076
f 6076 6075 6025
f 6026 6027 6077
f 6077 6076 6026
f 6027 6028 6078
f 6078 6077 6027
f 6028 6029 6079
f 6079 6078 6028
f 6029 6030 6080
f 6080 6079 6029
f 6030 6031 6081
f 6081 6080 6030
f 6031 6032 6082
f 6082 6081 6031
f 6032 6033 6083
f 6083 6082 6032
f 6033 6034 6084
f 6084 6083 6033
f 6034 6035 6085
f 6085 6084 6034
f 6035 6036 6086
f 6086 6085 6035
f 6036 6037 6087
f 6087 6086 6036
f 6037 6038 6088
f 6088 6087 6037
f 6038 6039 6089
f 6089 6088 6038
f 6039 6040 6090
f 6090 6089 6039
f 6040 6041 6091
f 6091 6090 6040
f 6041 6042 6092
f 6092 6091 6041
f 6042 6043 6093
f 6093 6092 6042
f 6043 6044 6094
f 6094 6093 6043
f 6044 6045 6095
f 6095 6094 6044
f 6045 6046 6096
f 6096 6095 6045
f 6046 6047 6097
f 6097 6096 6046
f 6047 6048 6098
f 6098 6097 6047
f 6048 6049 6099
f 6099 6098 6048
f 6049 6050 6100
f 6100 6099 6049
f 6050 6001 6051
f 6051 6100 6050
f 6051 6052 6102
f 6102 6101 6051
f 6052 6053 6103
f 6103 6102 6052
f 6053 6054 6104
f 6104 6103 6053
f 6054 6055 6105
f 6105 6104 6054
f 6055 6056 6106
f 6106 6105 6055
f 6056 6057 6107
f 6107 6106 6056
f 6057 6058 6108
f 6108 6107 6057
f 6058 6059 6109
f 6109 6108 6058
f 6059 6060 6110
f 6110 6109 6059
f 6060 6061 6111
f 6111 6110 6060
f 6061 6062 6112
f 6112 6111 6061
f 6062 6063 6113
f 6113 6112 6062
f 6063 6064 6114
f 6114 6113 6063
f 6064 6065 6115
f 6115 6114 6064
f 6065 6066 6116
f 6116 6115 6065
f 6066 6067 6117
f 6117 6116 6066
f 6067 6068 6118
f 6118 6117 6067
f 6068 6069 6119
f 6119 6118 6068
f 6069 6070 6120
f 6120 6119 6069
f 6070 6071 6121
f 6121 6120 6070
f 6071 6072 6122
f 6122 6121 6071
f 6072 6073 6123
f 6123 6122 6072
f 6073 6074 6124
f 6124 6123 6073
f 6074 6075 6125
f 6125 6124 6074
f 6075 6076 6126
f 6126 6125 6075
f 6076 6077 6127
f 6127 6126 6076
f 6077 6078 6128
f 6128 6127 6077
f 6078 6079 6129
f 6129 6128 6078
f 6079 6080 6130
f 6130 6129 6079
f 6080 6081 6131
f 6131 6130 6080
f 6081 6082 6132
f 6132 6131 6081
f 6082 6083 6133
f 6133 6132 6082
f 6083 6084 6134
f 6134 6133 6083
f 6084 6085 6135
f 6135 6134 6084
f 6085 6086 6136
f 6136 6135 6085
f 6086 6087 6137
f 6137 6136 6086
f 6087 6088 6138
f 6138 6137 6087
f 6088 6089 6139
f 6139 6138 6088
f 6089 6090 6140
f 6140 6139 6089
f 6090 6091 6141
f 6141 6140 6090
f 6091 6092 6142
f 6142 6141 6091
f 6092 6093 6143
f 6143 6142 6092
f 6093 6094 6144
f 6144 6143 6093
f 6094 6095 6145
f 6145 6144 6094
f 6095 6096 6146
f 6146 6145 6095
f 6096 6097 6147
f 6147 6146 6096
f 6097 6098 6148
f 6148 6147 6097
f 6098 6099 6149
f 6149 6148 6098
f 6099 6100 6150
f 6150 6149 6099
f 6100 6051 6101
f 6101 6150 6100
f 6101 6102 6152
f 6152 6151 6101
f 6102 6103 6153
f 6153 6152 6102
f 6103 6104 6154
f 6154 6153 6103
f 6104 6105 6155
f 6155 6154 6104
f 6105 6106 6156
f 6156 6155 6105
f 6106 6107 6157
f 6157 6156 6106
f 6107 6108 6158
f 6158 6157 6107
f 6108 6109 6159
f 6159 6158 6108
f 6109 6110 6160
f 6160 6159 6109
f 6110 6111 6161
f 6161 6160 6110
f 6111 6112 6162
f 6162 6161 6111
f 6112 6113 6163
f 6163 6162 6112
f 6113 6114 6164
f 6164 6163 6113
f 6114 6115 6165
f 6165 6164 6114
f 6115 6116 6166
f 6166 6165 6115
f 6116 6117 6167
f 6167 6166 6116
f 6117 6118 6168
f 6168 6167 6117
f 6118 6119 6169
f 6169 6168 6118
f 6119 6120 6170
f 6170 6169 6119
f 6120 6121 6171
f 6171 6170 6120
f 6121 6122 6172
f 6172 6171 6121
f 6122 6123 6173
f 6173 6172 6122
f 6123 6124 6174
f 6174 6173 6123
f 6124 6125 6175
f 6175 6174 6124
f 6125 6126 6176
f 6176 6175 6125
f 6126 6127 6177
f 6177 6176 6126
f 6127 6128 6178
f 6178 6177 6127
f 6128 6129 6179
f 6179 6178 6128
f 6129 6130 6180
f 6180 6179 6129
f 6130 6131 6181
f 6181 6180 6130
f 6131 6132 6182
f 6182 6181 6131
f 6132 6133 6183
f 6183 6182 6132
f 6133 6134 6184
f 6184 6183 6133
f 6134 6135 6185
f 6185 6184 6134
f 6135 6136 6186
f 6186 6185 6135
f 6136 6137 6187
f 6187 6186 6136
f 6137 6138 6188
f 6188 6187 6137
f 6138 6139 6189
f 6189 6188 6138
f 6139 6140 6190
f 6190 6189 6139
f 6140 6141 6191
f 6191 6190 6140
f 6141 6142 6192
f 6192 6191 6141
f 6142 6143 6193
f 6193 6192 6142
f 6143 6144 6194
f 6194 6193 6143
f 6144 6145 6195
f 6195 6194 6144
f 6145 6146 6196
f 6196 6195 6145
f 6146 6147 6197
f 6197 6196 6146
f 6147 6148 6198
f 6198 6197 6147
f 6148 6149 6199
f 6199 6198 6148
f 6149 6150 6200
f 6200 6199 6149
f 6150 6101 6151
f 6151 6200 6150
f 6151 6152 6202
f 6202 6201 6151
f 6152 6153 6203
f 6203 6202 6152
f 6153 6154 6204
f 6204 6203 6153
f 6154 6155 6205
f 6205 6204 6154
f 6155 6156 6206
f 6206 6205 6155
f 6156 6157 6207
f 6207 6206 6156
f 6157 6158 6208
f 6208 6207 6157
f 6158 6159 6209
f 6209 6208 6158
f 6159 6160 6210
f 6210 6209 6159
f 6160 6161 6211
f 6211 6210 6160
f 6161 6162 6212
f 6212 6211 6161
f 6162 6163 6213
f 6213 6212 6162
f 6163 6164 6214
f 6214 6213 6163
f 6164 6165 6215
f 6215 6214 6164
f 6165 6166 6216
f 6216 6215 6165
f 6166 6167 6217
f 6217 6216 6166
f 6167 6168 6218
f 6218 6217 6167
f 6168 6169 6219
f 6219 6218 6168
f 6169 6170 6220
f 6220 6219 6169
f 6170 6171 6221
f 6221 6220 6170
f 6171 6172 6222
f 6222 6221 6171
f 6172 6173 6223
f 6223 6222 6172
f 6173 6174 6224
f 6224 6223 6173
f 6174 6175 6225
f 6225 6224 6174
f 6175 6176 6226
f 6226 6225 6175
f 6176 6177 6227
f 6227 6226 6176
f 6177 6178 6228
f 6228 6227 6177
f 6178 6179 6229
f 6229 6228 6178
f 6179 6180 6230
f 6230 6229 6179
f 6180 6181 6231
f 6231 6230 6180
f 6181 6182 6232
f 6232 6231 6181
f 6182 6183 6233
f 6233 6232 6182
f 6183 6184 6234
f 6234 6233 6183
f 6184 6185 6235
f 6235 6234 6184
f 6185 6186 6236
f 6236 6235 6185
f 6186 6187 6237
f 6237 6236 6186
f 6187 6188 6238
f 6238 6237 6187
f 6188 6189 6239
f 6239 6238 6188
f 6189 6190 6240
f 6240 6239 6189
f 6190 6191 6241
f 6241 6240 6190
f 6191 6192 6242
f 6242 6241 6191
f 6192 6193 6243
f 6243 6242 6192
f 6193 6194 6244
f 6244 6243 6193
f 6194 6195 6245
f 6245 6244 6194
f 6195 6196 6246
f 6246 6245 6195
f 6196 6197 6247
f 6247 6246 6196
f 6197 6198 6248
f 6248 6247 6197
f 6198 6199 6249
f 6249 6248 6198
f 6199 6200 6250
f 6250 6249 6199
f 6200 6151 6201
f 6201 6250 6200
f 6201 6202 6252
f 6252 6251 6201
f 6202 6203 6253
f 6253 6252 6202
f 6203 6204 6254
f 6254 6253 6203
f 6204 6205 6255
f 6255 6254 6204
f 6205 6206 6256
f 6256 6255 6205
f 6206 6207 6257
f 6257 6256 6206
f 6207 6208 6258
f 6258 6257 6207
f 6208 6209 6259
f 6259 6258 6208
f 6209 6210 6260
f 6260 6259 6209
f 6210 6211 6261
f 6261 6260 6210
f 6211 6212 6262
f 6262 6261 6211
f 6212 6213 6263
f 6263 6262 6212
f 6213 6214 6264
f 6264 6263 6213
f 6214 6215 6265
f 6265 6264 6214
f 6215 6216 6266
f 6266 6265 6215
f 6216 6217 6267
f 6267 6266 6216
f 6217 6218 6268
f 6268 6267 6217
f 6218 6219 6269
f 6269 6268 6218
f 6219 6220 6270
f 6270 6269 6219
f 6220 6221 6271
f 6271 6270 6220
f 6221 6222 6272
f 6272 6271 6221
f 6222 6223 6273
f 6273 6272 6222
f 6223 6224 6274
f 6274 6273 6223
f 6224 6225 6275
f 6275 6274 6224
f 6225 6226 6276
f 6276 6275 6225
f 6226 6227 6277
f 6277 6276 6226
f 6227 6228 6278
f 6278 6277 6227
f 6228 6229 6279
f 6279 6278 6228
f 6229 6230 6280
f 6280 6279 6229
f 6230 6231 6281
f 6281 6280 6230
f 6231 6232 6282
f 6282 6281 6231
f 6232 6233 6283
f 6283 6282 6232
f 6233 6234 6284
f 6284 6283 6233
f 6234 6235 6285
f 6285 6284 6234
f 6235 6236 6286
f 6286 6285 6235
f 6236 6237 6287
f 6287 6286 6236
f 6237 6238 6288
f 6288 6287 6237
f 6238 6239 6289
f 6289 6288 6238
f 6239 6240 6290
f 6290 6289 6239
f 6240 6241 6291
f 6291 6290 6240
f 6241 6242 6292
f 6292 6291 6241
f 6242 6243 6293
f 6293 6292 6242
f 6243 6244 6294
f 6294 6293 6243
f 6244 6245 6295
f 6295 6294 6244
f 6245 6246 6296
f 6296 6295 6245
f 6246 6247 6297
f 6297 6296 6246
f 6247 6248 6298
f 6298 6297 6247
f 6248 6249 6299
f 6299 6298 6248
f 6249 6250 6300
f 6300 6299 6249
f 6250 6201 6251
f 6251 6300 6250
f 6251 6252 6302
f 6302 6301 6251
f 6252 6253 6303
f 6303 6302 6252
f 6253 6254 6304
f 6304 6303 6253
f 6254 6255 6305
f 6305 6304 6254
f 6255 6256 6306
f 6306 6305 6255
f 6256 6257 6307
f 6307 6306 6256
f 6257 6258 6308
f 6308 6307 6257
f 6258 6259 6309
f 6309 6308 6258
f 6259 6260 6310
f 6310 6309 6259
f 6260 6261 6311
f 6311 6310 6260
f 6261 6262 6312
f 6312 6311 6261
f 6262 6263 6313
f 6313 6312 6262
f 6263 6264 6314
f 6314 6313 6263
f 6264 6265 6315
f 6315 6314 6264
f 6265 6266 6316
f 6316 6315 6265
f 6266 6267 6317
f 6317 6316 6266
f 6267 6268 6318
f 6318 6317 6267
f 6268 6269 6319
f 6319 6318 6268
f 6269 6270 6320
f 6320 6319 6269
f 6270 6271 6321
f 6321 6320 6270
f 6271 6272 6322
f 6322 6321 6271
f 6272 6273 6323
f 6323 6322 6272
f 6273 6274 6324
f 6324 6323 6273
f 6274 6275 6325
f 6325 6324 6274
f 6275 6276 6326
f 6326 6325 6275
f 6276 6277 6327
f 6327 6326 6276
f 6277 6278 6328
f 6328 6327 6277
f 6278 6279 6329
f 6329 6328 6278
f 6279 6280 6330
f 6330 6329 6279
f 6280 6281 6331
f 6331 6330 6280
f 6281 6282 6332
f 6332 6331 6281
f 6282 6283 6333
f 6333 6332 6282
f 6283 6284 6334
f 6334 6333 6283
f 6284 6285 6335
f 6335 6334 6284
f 6285 6286 6336
f 6336 6335 6285
f 6286 6287 6337
f 6337 6336 6286
f 6287 6288 6338
f 6338 6337 6287
f 6288 6289 6339
f 6339 6338 6288
f 6289 6290 6340
f 6340 6339 6289
f 6290 6291 6341
f 6341 6340 6290
f 6291 6292 6342
f 6342 6341 6291
f 6292 6293 6343
f 6343 6342 6292
f 6293 6294 6344
f 6344 6343 6293
f 6294 6295 6345
f 6345 6344 6294
f 6295 6296 6346
f 6346 6345 6295
f 6296 6297 6347
f 6347 6346 6296
f 6297 6298 6348
f 6348 6347 6297
f 6298 6299 6349
f 6349 6348 6298
f 6299 6300 6350
f 6350 6349 6299
f 6300 6251 6301
f 6301 6350 6300
f 6301 6302 6352
f 6352 6351 6301
f 6302 6303 6353
f 6353 6352 6302
f 6303 6304 6354
f 6354 6353 6303
f 6304 6305 6355
f 6355 6354 6304
f 6305 6306 6356
f 6356 6355 6305
f 6306 6307 6357
f 6357 6356 6306
f 6307 6308 6358
f 6358 6357 6307
f 6308 6309 6359
f 6359 6358 6308
f 6309 6310 6360
f 6360 6359 6309
f 6310 6311 6361
f 6361 6360 6310
f 6311 6312 6362
f 6362 6361 6311
f 6312 6313 6363
f 6363 6362 6312
f 6313 6314 6364
f 6364 6363 6313
f 6314 6315 6365
f 6365 6364 6314
f 6315 6316 6366
f 6366 6365 6315
f 6316 6317 6367
f 6367 6366 6316
f 6317 6318 6368
f 6368 6367 6317
f 6318 6319 6369
f 6369 6368 6318
f 6319 6320 6370
f 6370 6369 6319
f 6320 6321 6371
f 6371 6370 6320
f 6321 6322 6372
f 6372 6371 6321
f 6322 6323 6373
f 6373 6372 6322
f 6323 6324 6374
f 6374 6373 6323
f 6324 6325 6375
f 6375 6374 6324
f 6325 6326 6376
f 6376 6375 6325
f 6326 6327 6377
f 6377 6376 6326
f 6327 6328 6378
f 6378 6377 6327
f 6328 6329 6379
f 6379 6378 6328
f 6329 6330 6380
f 6380 6379 6329
f 6330 6331 6381
f 6381 6380 6330
f 6331 6332 6382
f 6382 6381 6331
f 6332 6333 6383
f 6383 6382 6332
f 6333 6334 6384
f 6384 6383 6333
f 6334 6335 6385
f 6385 6384 6334
f 6335 6336 6386
f 6386 6385 6335
f 6336 6337 6387
f 6387 6386 6336
f 6337 6338 6388
f 6388 6387 6337
f 6338 6339 6389
f 6389 6388 6338
f 6339 6340 6390
f 6390 6389 6339
f 6340 6341 6391
f 6391 6390 6340
f 6341 6342 6392
f 6392 6391 6341
f 6342 6343 6393
f 6393 6392 6342
f 6343 6344 6394
f 6394 6393 6343
f 6344 6345 6395
f 6395 6394 6344
f 6345 6346 6396
f 6396 6395 6345
f 6346 6347 6397
f 6397 6396 6346
f 6347 6348 6398
f 6398 6397 6347
f 6348 6349 6399
f 6399 6398 6348
f 6349 6350 6400
f 6400 6399 6349
f 6350 6301 6351
f 6351 6400 6350
f 6351 6352 6402
f 6402 6401 6351
f 6352 6353 6403
f 6403 6402 6352
f 6353 6354 6404
f 6404 6403 6353
f 6354 6355 6405
f 6405 6404 6354
f 6355 6356 6406
f 6406 6405 6355
f 6356 6357 6407
f 6407 6406 6356
f 6357 6358 6408
f 6408 6407 6357
f 6358 6359 6409
f 6409 6408 6358
f 6359 6360 6410
f 6410 6409 6359
f 6360 6361 6411
f 6411 6410 6360
f 6361 6362 6412
f 6412 6411 6361
f 6362 6363 6413
f 6413 6412 6362
f 6363 6364 6414
f 6414 6413 6363
f 6364 6365 6415
f 6415 6414 6364
f 6365 6366 6416
f 6416 6415 6365
f 6366 6367 6417
f 6417 6416 6366
f 6367 6368 6418
f 6418 6417 6367
f 6368 6369 6419
f 6419 6418 6368
f 6369 6370 6420
f 6420 6419 6369
f 6370 6371 6421
f 6421 6420 6370
f 6371 6372 6422
f 6422 6421 6371
f 6372 6373 6423
f 6423 6422 6372
f 6373 6374 6424
f 6424 6423 6373
f 6374 6375 6425
f 6425 6424 6374
f 6375 6376 6426
f 6426 6425 6375
f 6376 6377 6427
f 6427 6426 6376
f 6377 6378 6428
f 6428 6427 6377
f 6378 6379 6429
f 6429 6428 6378
f 6379 6380 6430
f 6430 6429 6379
f 6380 6381 6431
f 6431 6430 6380
f 6381 6382 6432
f 6432 6431 6381
f 6382 6383 6433
f 6433 6432 6382
f 6383 6384 6434
f 6434 6433 6383
f 6384 6385 6435
f 6435 6434 6384
f 6385 6386 6436
f 6436 6435 6385
f 6386 6387 6437
f 6437 6436 6386
f 6387 6388 6438
f 6438 6437 6387
f 6388 6389 6439
f 6439 6438 6388
f 6389 6390 6440
f 6440 6439 6389
f 6390 6391 6441
f 6441 6440 6390
f 6391 6392 6442
f 6442 6441 6391
f 6392 6393 6443
f 6443 6442 6392
f 6393 6394 6444
f 6444 6443 6393
f 6394 6395 6445
f 6445 6444 6394
f 6395 6396 6446
f 6446 6445 6395
f 6396 6397 6447
f 6447 6446 6396
f 6397 6398 6448
f 6448 6447 6397
f 6398 6399 6449
f 6449 6448 6398
f 6399 6400 6450
f 6450 6449 6399
f 6400 6351 6401
f 6401 6450 6400
f 6401 6402 6452
f 6452 6451 6401
f 6402 6403 6453
f 6453 6452 6402
f 6403 6404 6454
f 6454 6453 6403
f 6404 6405 6455
f 6455 6454 6404
f 6405 6406 6456
f 6456 6455 6405
f 6406 6407 6457
f 6457 6456 6406
f 6407 6408 6458
f 6458 6457 6407
f 6408 6409 6459
f 6459 6458 6408
f 6409 6410 6460
f 6460 6459 6409
f 6410 6411 6461
f 6461 6460 6410
f 6411 6412 6462
f 6462 6461 6411
f 6412 6413 6463
f 6463 6462 6412
f 6413 6414 6464
f 6464 6463 6413
f 6414 6415 6465
f 6465 6464 6414
f 6415 6416 6466
f 6466 6465 6415
f 6416 6417 6467
f 6467 6466 6416
f 6417 6418 6468
f 6468 6467 6417
f 6418 6419 6469
f 6469 6468 6418
f 6419 6420 6470
f 6470 6469 6419
f 6420 6421 6471
f 6471 6470 6420
f 6421 6422 6472
f 6472 6471 6421
f 6422 6423 6473
f 6473 6472 6422
f 6423 6424 6474
f 6474 6473 6423
f 6424 6425 6475
f 6475 6474 6424
f 6425 6426 6476
f 6476 6475 6425
f 6426 6427 6477
f 6477 6476 6426
f 6427 6428 6478
f 6478 6477 6427
f 6428 6429 6479
f 6479 6478 6428
f 6429 6430 6480
f 6480 6479 6429
f 6430 6431 6481
f 6481 6480 6430
f 6431 6432 6482
f 6482 6481 6431
f 6432 6433 6483
f 6483 6482 6432
f 6433 6434 6484
f 6484 6483 6433
f 6434 6435 6485
f 6485 6484 6434
f 6435 6436 6486
f 6486 6485 6435
f 6436 6437 6487
f 6487 6486 6436
f 6437 6438 6488
f 6488 6487 6437
f 6438 6439 6489
f 6489 6488 6438
f 6439 6440 6490
f 6490 6489 6439
f 6440 6441 6491
f 6491 6490 6440
f 6441 6442 6492
f 6492 6491 6441
f 6442 6443 6493
f 6493 6492 6442
f 6443 6444 6494
f 6494 6493 6443
f 6444 6445 6495
f 6495 6494 6444
f 6445 6446 6496
f 6496 6495 6445
f 6446 6447 6497
f 6497 6496 6446
f 6447 6448 6498
f 6498 6497 6447
f 6448 6449 6499
f 6499 6498 6448
f 6449 6450 6500
f 6500 6499 6449
f 6450 6401 6451
f 6451 6500 6450
f 6451 6452 6502
f 6502 6501 6451
f 6452 6453 6503
f 6503 6502 6452
f 6453 6454 6504
f 6504 6503 6453
f 6454 6455 6505
f 6505 6504 6454
f 6455 6456 6506
f 6506 6505 6455
f 6456 6457 6507
f 6507 6506 6456
f 6457 6458 6508
f 6508 6507 6457
f 6458 6459 6509
f 6509 6508 6458
f 6459 6460 6510
f 6510 6509 6459
f 6460 6461 6511
f 6511 6510 6460
f 6461 6462 6512
f 6512 6511 6461
f 6462 6463 6513
f 6513 6512 6462
f 6463 6464 6514
f 6514 6513 6463
f 6464 6465 6515
f 6515 6514 6464
f 6465 6466 6516
f 6516 6515 6465
f 6466 6467 6517
f 6517 6516 6466
f 6467 6468 6518
f 6518 6517 6467
f 6468 6469 6519
f 6519 6518 6468
f 6469 6470 6520
f 6520 6519 6469
f 6470 6471 6521
f 6521 6520 6470
f 6471 6472 6522
f 6522 6521 6471
f 6472 6473 6523
f 6523 6522 6472
f 6473 6474 6524
f 6524 6523 6473
f 6474 6475 6525
f 6525 6524 6474
f 6475 6476 6526
f 6526 6525 6475
f 6476 6477 6527
f 6527 6526 6476
f 6477 6478 6528
f 6528 6527 6477
f 6478 6479 6529
f 6529 6528 6478
f 6479 6480 6530
f 6530 6529 6479
f 6480 6481 6531
f 6531 6530 6480
f 6481 6482 6532
f 6532 6531 6481
f 6482 6483 6533
f 6533 6532 6482
f 6483 6484 6534
f 6534 6533 6483
f 6484 6485 6535
f 6535 6534 6484
f 6485 6486 6536
f 6536 6535 6485
f 6486 6487 6537
f 6537 6536 6486
f 6487 6488 6538
f 6538 6537 6487
f 6488 6489 6539
f 6539 6538 6488
f 6489 6490 6540
f 6540 6539 6489
f 6490 6491 6541
f 6541 6540 6490
f 6491 6492 6542
f 6542 6541 6491
f 6492 6493 6543
f 6543 6542 6492
f 6493 6494 6544
f 6544 6543 6493
f 6494 6495 6545
f 6545 6544 6494
f 6495 6496 6546
f 6546 6545 6495
f 6496 6497 6547
f 6547 6546 6496
f 6497 6498 6548
f 6548 6547 6497
f 6498 6499 6549
f 6549 6548 6498
f 6499 6500 6550
f 6550 6549 6499
f 6500 6451 6501
f 6501 6550 6500
f 6501 6502 6552
f 6552 6551 6501
f 6502 6503 6553
f 6553 6552 6502
f 6503 6504 6554
f 6554 6553 6503
f 6504 6505 6555
f 6555 6554 6504
f 6505 6506 6556
f 6556 6555 6505
f 6506 6507 6557
f 6557 6556 6506
f 6507 6508 6558
f 6558 6557 6507
f 6508 6509 6559
f 6559 6558 6508
f 6509 6510 6560
f 6560 6559 6509
f 6510 6511 6561
f 6561 6560 6510
f 6511 6512 6562
f 6562 6561 6511
f 6512 6513 6563
f 6563 6562 6512
f 6513 6514 6564
f 6564 6563 6513
f 6514 6515 6565
f 6565 6564 6514
f 6515 6516 6566
f 6566 6565 6515
f 6516 6517 6567
f 6567 6566 6516
f 6517 6518 6568
f 6568 6567 6517
f 6518 6519 6569
f 6569 6568 6518
f 6519 6520 6570
f 6570 6569 6519
f 6520 6521 6571
f 6571 6570 6520
f 6521 6522 6572
f 6572 6571 6521
f 6522 6523 6573
f 6573 6572 6522
f 6523 6524 6574
f 6574 6573 6523
f 6524 6525 6575
f 6575 6574 6524
f 6525 6526 6576
f 6576 6575 6525
f 6526 6527 6577
f 6577 6576 6526
f 6527 6528 6578
f 6578 6577 6527
f 6528 6529 6579
f 6579 6578 6528
f 6529 6530 6580
f 6580 6579 6529
f 6530 6531 6581
f 6581 6580 6530
f 6531 6532 6582
f 6582 6581 6531
f 6532 6533 6583
f 6583 6582 6532
f 6533 6534 6584
f 6584 6583 6533
f 6534 6535 6585
f 6585 6584 6534
f 6535 6536 6586
f 6586 6585 6535
f 6536 6537 6587
f 6587 6586 6536
f 6537 6538 6588
f 6588 6587 6537
f 6538 6539 6589
f 6589 6588 6538
f 6539 6540 6590
f 6590 6589 6539
f 6540 6541 6591
f 6591 6590 6540
f 6541 6542 6592
f 6592 6591 6541
f 6542 6543 6593
f 6593 6592 6542
f 6543 6544 6594
f 6594 6593 6543
f 6544 6545 6595
f 6595 6594 6544
f 6545 6546 6596
f 6596 6595 6545
f 6546 6547 6597
f 6597 6596 6546
f 6547 6548 6598
f 6598 6597 6547
f 6548 6549 6599
f 6599 6598 6548
f 6549 6550 6600
f 6600 6599 6549
f 6550 6501 6551
f 6551 6600 6550
f 6551 6552 6602
f 6602 6601 6551
f 6552 6553 6603
f 6603 6602 6552
f 6553 6554 6604
f 6604 6603 6553
f 6554 6555 6605
f 6605 6604 6554
f 6555 6556 6606
f 6606 6605 6555
f 6556 6557 6607
f 6607 6606 6556
f 6557 6558 6608
f 6608 6607 6557
f 6558 6559 6609
f 6609 6608 6558
f 6559 6560 6610
f 6610 6609 6559
f 6560 6561 6611
f 6611 6610 6560
f 6561 6562 6612
f 6612 6611 6561
f 6562 6563 6613
f 6613 6612 6562
f 6563 6564 6614
f 6614 6613 6563
f 6564 6565 6615
f 6615 6614 6564
f 6565 6566 6616
f 6616 6615 6565
f 6566 6567 6617
f 6617 6616 6566
f 6567 6568 6618
f 6618 6617 6567
f 6568 6569 6619
f 6619 6618 6568
f 6569 6570 6620
f 6620 6619 6569
f 6570 6571 6621
f 6621 6620 6570
f 6571 6572 6622
f 6622 6621 6571
f 6572 6573 6623
f 6623 6622 6572
f 6573 6574 6624
f 6624 6623 6573
f 6574 6575 6625
f 6625 6624 6574
f 6575 6576 6626
f 6626 6625 6575
f 6576 6577 6627
f 6627 6626 6576
f 6577 6578 6628
f 6628 6627 6577
f 6578 6579 6629
f 6629 6628 6578
f 6579 6580 6630
f 6630 6629 6579
f 6580 6581 6631
f 6631 6630 6580
f 6581 6582 6632
f 6632 6631 6581
f 6582 6583 6633
f 6633 6632 6582
f 6583 6584 6634
f 6634 6633 6583
f 6584 6585 6635
f 6635 6634 6584
f 6585 6586 6636
f 6636 6635 6585
f 6586 6587 6637
f 6637 6636 6586
f 6587 6588 6638
f 6638 6637 6587
f 6588 6589 6639
f 6639 6638 6588
f 6589 6590 6640
f 6640 6639 6589
f 6590 6591 6641
f 6641 6640 6590
f 6591 6592 6642
f 6642 6641 6591
f 6592 6593 6643
f 6643 6642 6592
f 6593 6594 6644
f 6644 6643 6593
f 6594 6595 6645
f 6645 6644 6594
f 6595 6596 6646
f 6646 6645 6595
f 6596 6597 6647
f 6647 6646 6596
f 6597 6598 6648
f 6648 6647 6597
f 6598 6599 6649
f 6649 6648 6598
f 6599 6600 6650
f 6650 6649 6599
f 6600 6551 6601
f 6601 6650 6600
f 6601 6602 6652
f 6652 6651 6601
f 6602 6603 6653
f 6653 6652 6602
f 6603 6604 6654
f 6654 6653 6603
f 6604 6605 6655
f 6655 6654 6604
f 6605 6606 6656
f 6656 6655 6605
f 6606 6607 6657
f 6657 6656 6606
f 6607 6608 6658
f 6658 6657 6607
f 6608 6609 6659
f 6659 6658 6608
f 6609 6610 6660
f 6660 6659 6609
f 6610 6611 6661
f 6661 6660 6610
f 6611 6612 6662
f 6662 6661 6611
f 6612 6613 6663
f 6663 6662 6612
f 6613 6614 6664
f 6664 6663 6613
f 6614 6615 6665
f 6665 6664 6614
f 6615 6616 6666
f 6666 6665 6615
f 6616 6617 6667
f 6667 6666 6616
f 6617 6618 6668
f 6668 6667 6617
f 6618 6619 6669
f 6669 6668 6618
f 6619 6620 6670
f 6670 6669 6619
f 6620 6621 6671
f 6671 6670 6620
f 6621 6622 6672
f 6672 6671 6621
f 6622 6623 6673
f 6673 6672 6622
f 6623 6624 6674
f 6674 6673 6623
f 6624 6625 6675
f 6675 6674 6624
f 6625 6626 6676
f 6676 6675 6625
f 6626 6627 6677
f 6677 6676 6626
f 6627 6628 6678
f 6678 6677 6627
f 6628 6629 6679
f 6679 6678 6628
f 6629 6630 6680
f 6680 6679 6629
f 6630 6631 6681
f 6681 6680 6630
f 6631 6632 6682
f 6682 6681 6631
f 6632 6633 6683
f 6683 6682 6632
f 6633 6634 6684
f 6684 6683 6633
f 6634 6635 6685
f 6685 6684 6634
f 6635 6636 6686
f 6686 6685 6635
f 6636 6637 6687
f 6687 6686 6636
f 6637 6638 6688
f 6688 6687 6637
f 6638 6639 6689
f 6689 6688 6638
f 6639 6640 6690
f 6690 6689 6639
f 6640 6641 6691
f 6691 6690 6640
f 6641 6642 6692
f 6692 6691 6641
f 6642 6643 6693
f 6693 6692 6642
f 6643 6644 6694
f 6694 6693 6643
f 6644 6645 6695
f 6695 6694 6644
f 6645 6646 6696
f 6696 6695 6645
f 6646 6647 6697
f 6697 6696 6646
f 6647 6648 6698
f 6698 6697 6647
f 6648 6649 6699
f 6699 6698 6648
f 6649 6650 6700
f 6700 6699 6649
f 6650 6601 6651
f 6651 6700 6650
f 6651 6652 6702
f 6702 6701 6651
f 6652 6653 6703
f 6703 6702 6652
f 6653 6654 6704
f 6704 6703 6653
f 6654 6655 6705
f 6705 6704 6654
f 6655 6656 6706
f 6706 6705 6655
f 6656 6657 6707
f 6707 6706 6656
f 6657 6658 6708
f 6708 6707 6657
f 6658 6659 6709
f 6709 6708 6658
f 6659 6660 6710
f 6710 6709 6659
f 6660 6661 6711
f 6711 6710 6660
f 6661 6662 6712
f 6712 6711 6661
f 6662 6663 6713
f 6713 6712 6662
f 6663 6664 6714
f 6714 6713 6663
f 6664 6665 6715
f 6715 6714 6664
f 6665 6666 6716
f 6716 6715 6665
f 6666 6667 6717
f 6717 6716 6666
f 6667 6668 6718
f 6718 6717 6667
f 6668 6669 6719
f 6719 6718 6668
f 6669 6670 6720
f 6720 6719 6669
f 6670 6671 6721
f 6721 6720 6670
f 6671 6672 6722
f 6722 6721 6671
f 6672 6673 6723
f 6723 6722 6672
f 6673 6674 6724
f 6724 6723 6673
f 6674 6675 6725
f 6725 6724 6674
f 6675 6676 6726
f 6726 6725 6675
f 6676 6677 6727
f 6727 6726 6676
f 6677 6678 6728
f 6728 6727 6677
f 6678 6679 6729
f 6729 6728 6678
f 6679 6680 6730
f 6730 6729 6679
f 6680 6681 6731
f 6731 6730 6680
f 6681 6682 6732
f 6732 6731 6681
f 6682 6683 6733
f 6733 6732 6682
f 6683 6684 6734
f 6734 6733 6683
f 6684 6685 6735
f 6735 6734 6684
f 6685 6686 6736
f 6736 6735 6685
f 6686 6687 6737
f 6737 6736 6686
f 6687 6688 6738
f 6738 6737 6687
f 6688 6689 6739
f 6739 6738 6688
f 6689 6690 6740
f 6740 6739 6689
f 6690 6691 6741
f 6741 6740 6690
f 6691 6692 6742
f 6742 6741 6691
f 6692 6693 6743
f 6743 6742 6692
f 6693 6694 6744
f 6744 6743 6693
f 6694 6695 6745
f 6745 6744 6694
f 6695 6696 6746
f 6746 6745 6695
f 6696 6697 6747
f 6747 6746 6696
f 6697 6698 6748
f 6748 6747 6697
f 6698 6699 6749
f 6749 6748 6698
f 6699 6700 6750
f 6750 6749 6699
f 6700 6651 6701
f 6701 6750 6700
f 6701 6702 6752
f 6752 6751 6701
f 6702 6703 6753
f 6753 6752 6702
f 6703 6704 6754
f 6754 6753 6703
f 6704 6705 6755
f 6755 6754 6704
f 6705 6706 6756
f 6756 6755 6705
f 6706 6707 6757
f 6757 6756 6706
f 6707 6708 6758
f 6758 6757 6707
f 6708 6709 6759
f 6759 6758 6708
f 6709 6710 6760
f 6760 6759 6709
f 6710 6711 6761
f 6761 6760 6710
f 6711 6712 6762
f 6762 6761 6711
f 6712 6713 6763
f 6763 6762 6712
f 6713 6714 6764
f 6764 6763 6713
f 6714 6715 6765
f 6765 6764 6714
f 6715 6716 6766
f 6766 6765 6715
f 6716 6717 6767
f 6767 6766 6716
f 6717 6718 6768
f 6768 6767 6717
f 6718 6719 6769
f 6769 6768 6718
f 6719 6720 6770
f 6770 6769 6719
f 6720 6721 6771
f 6771 6770 6720
f 6721 6722 6772
f 6772 6771 6721
f 6722 6723 6773
f 6773 6772 6722
f 6723 6724 6774
f 6774 6773 6723
f 6724 6725 6775
f 6775 6774 6724
f 6725 6726 6776
f 6776 6775 6725
f 6726 6727 6777
f 6777 6776 6726
f 6727 6728 6778
f 6778 6777 6727
f 6728 6729 6779
f 6779 6778 6728
f 6729 6730 6780
f 6780 6779 6729
f 6730 6731 6781
f 6781 6780 6730
f 6731 6732 6782
f 6782 6781 6731
f 6732 6733 6783
f 6783 6782 6732
f 6733 6734 6784
f 6784 6783 6733
f 6734 6735 6785
f 6785 6784 6734
f 6735 6736 6786
f 6786 6785 6735
f 6736 6737 6787
f 6787 6786 6736
f 6737 6738 6788
f 6788 6787 6737
f 6738 6739 6789
f 6789 6788 6738
f 6739 6740 6790
f 6790 6789 6739
f 6740 6741 6791
f 6791 6790 6740
f 6741 6742 6792
f 6792 6791 6741
f 6742 6743 6793
f 6793 6792 6742
f 6743 6744 6794
f 6794 6793 6743
f 6744 6745 6795
f 6795 6794 6744
f 6745 6746 6796
f 6796 6795 6745
f 6746 6747 6797
f 6797 6796 6746
f 6747 6748 6798
f 6798 6797 6747
f 6748 6749 6799
f 6799 6798 6748
f 6749 6750 6800
f 6800 6799 6749
f 6750 6701 6751
f 6751 6800 6750
f 6751 6752 6802
f 6802 6801 6751
f 6752 6753 6803
f 6803 6802 6752
f 6753 6754 6804
f 6804 6803 6753
f 6754 6755 6805
f 6805 6804 6754
f 6755 6756 6806
f 6806 6805 6755
f 6756 6757 6807
f 6807 6806 6756
f 6757 6758 6808
f 6808 6807 6757
f 6758 6759 6809
f 6809 6808 6758
f 6759 6760 6810
f 6810 6809 6759
f 6760 6761 6811
f 6811 6810 6760
f 6761 6762 6812
f 6812 6811 6761
f 6762 6763 6813
f 6813 6812 6762
f 6763 6764 6814
f 6814 6813 6763
f 6764 6765 6815
f 6815 6814 6764
f 6765 6766 6816
f 6816 6815 6765
f 6766 6767 6817
f 6817 6816 6766
f 6767 6768 6818
f 6818 6817 6767
f 6768 6769 6819
f 6819 6818 6768
f 6769 6770 6820
f 6820 6819 6769
f 6770 6771 6821
f 6821 6820 6770
f 6771 6772 6822
f 6822 6821 6771
f 6772 6773 6823
f 6823 6822 6772
f 6773 6774 6824
f 6824 6823 6773
f 6774 6775 6825
f 6825 6824 6774
f 6775 6776 6826
f 6826 6825 6775
f 6776 6777 6827
f 6827 6826 6776
f 6777 6778 6828
f 6828 6827 6777
f 6778 6779 6829
f 6829 6828 6778
f 6779 6780 6830
f 6830 6829 6779
f 6780 6781 6831
f 6831 6830 6780
f 6781 6782 6832
f 6832 6831 6781
f 6782 6783 6833
f 6833 6832 6782
f 6783 6784 6834
f 6834 6833 6783
f 6784 6785 6835
f 6835 6834 6784
f 6785 6786 6836
f 6836 6835 6785
f 6786 6787 6837
f 6837 6836 6786
f 6787 6788 6838
f 6838 6837 6787
f 6788 6789 6839
f 6839 6838 6788
f 6789 6790 6840
f 6840 6839 6789
f 6790 6791 6841
f 6841 6840 6790
f 6791 6792 6842
f 6842 6841 6791
f 6792 6793 6843
f 6843 6842 6792
f 6793 6794 6844
f 6844 6843 6793
f 6794 6795 6845
f 6845 6844 6794
f 6795 6796 6846
f 6846 6845 6795
f 6796 6797 6847
f 6847 6846 6796
f 6797 6798 6848
f 6848 6847 6797
f 6798 6799 6849
f 6849 6848 6798
f 6799 6800 6850
f 6850 6849 6799
f 6800 6751 6801
f 6801 6850 6800
f 6801 6802 6852
f 6852 6851 6801
f 6802 6803 6853
f 6853 6852 6802
f 6803 6804 6854
f 6854 6853 6803
f 6804 6805 6855
f 6855 6854 6804
f 6805 6806 6856
f 6856 6855 6805
f 6806 6807 6857
f 6857 6856 6806
f 6807 6808 6858
f 6858 6857 6807
f 6808 6809 6859
f 6859 6858 6808
f 6809 6810 6860
f 6860 6859 6809
f 6810 6811 6861
f 6861 6860 6810
f 6811 6812 6862
f 6862 6861 6811
f 6812 6813 6863
f 6863 6862 6812
f 6813 6814 6864
f 6864 6863 6813
f 6814 6815 6865
f 6865 6864 6814
f 6815 6816 6866
f 6866 6865 6815
f 6816 6817 6867
f 6867 6866 6816
f 6817 6818 6868
f 6868 6867 6817
f 6818 6819 6869
f 6869 6868 6818
f 6819 6820 6870
f 6870 6869 6819
f 6820 6821 6871
f 6871 6870 6820
f 6821 6822 6872
f 6872 6871 6821
f 6822 6823 6873
f 6873 6872 6822
f 6823 6824 6874
f 6874 6873 6823
f 6824 6825 6875
f 6875 6874 6824
f 6825 6826 6876
f 6876 6875 6825
f 6826 6827 6877
f 6877 6876 6826
f 6827 6828 6878
f 6878 6877 6827
f 6828 6829 6879
f 6879 6878 6828
f 6829 6830 6880
f 6880 6879 6829
f 6830 6831 6881
f 6881 6880 6830
f 6831 6832 6882
f 6882 6881 6831
f 6832 6833 6883
f 6883 6882 6832
f 6833 6834 6884
f 6884 6883 6833
f 6834 6835 6885
f 6885 6884 6834
f 6835 6836 6886
f 6886 6885 6835
f 6836 6837 6887
f 6887 6886 6836
f 6837 6838 6888
f 6888 6887 6837
f 6838 6839 6889
f 6889 6888 6838
f 6839 6840 6890
f 6890 6889 6839
f 6840 6841 6891
f 6891 6890 6840
f 6841 6842 6892
f 6892 6891 6841
f 6842 6843 6893
f 6893 6892 6842
f 6843 6844 6894
f 6894 6893 6843
f 6844 6845 6895
f 6895 6894 6844
f 6845 6846 6896
f 6896 6895 6845
f 6846 6847 6897
f 6897 6896 6846
f 6847 6848 6898
f 6898 6897 6847
f 6848 6849 6899
f 6899 6898 6848
f 6849 6850 6900
f 6900 6899 6849
f 6850 6801 6851
f 6851 6900 6850
f 6851 6852 6902
f 6902 6901 6851
f 6852 6853 6903
f 6903 6902 6852
f 6853 6854 6904
f 6904 6903 6853
f 6854 6855 6905
f 6905 6904 6854
f 6855 6856 6906
f 6906 6905 6855
f 6856 6857 6907
f 6907 6906 6856
f 6857 6858 6908
f 6908 6907 6857
f 6858 6859 6909
f 6909 6908 6858
f 6859 6860 6910
f 6910 6909 6859
f 6860 6861 6911
f 6911 6910 6860
f 6861 6862 6912
f 6912 6911 6861
f 6862 6863 6913
f 6913 6912 6862
f 6863 6864 6914
f 6914 6913 6863
f 6864 6865 6915
f 6915 6914 6864
f 6865 6866 6916
f 6916 6915 6865
f 6866 6867 6917
f 6917 6916 6866
f 6867 6868 6918
f 6918 6917 6867
f 6868 6869 6919
f 6919 6918 6868
f 6869 6870 6920
f 6920 6919 6869
f 6870 6871 6921
f 6921 6920 6870
f 6871 6872 6922
f 6922 6921 6871
f 6872 6873 6923
f 6923 6922 6872
f 6873 6874 6924
f 6924 6923 6873
f 6874 6875 6925
f 6925 6924 6874
f 6875 6876 6926
f 6926 6925 6875
f 6876 6877 6927
f 6927 6926 6876
f 6877 6878 6928
f 6928 6927 6877
f 6878 6879 6929
f 6929 6928 6878
f 6879 6880 6930
f 6930 6929 6879
f 6880 6881 6931
f 6931 6930 6880
f 6881 6882 6932
f 6932 6931 6881
f 6882 6883 6933
f 6933 6932 6882
f 6883 6884 6934
f 6934 6933 6883
f 6884 6885 6935
f 6935 6934 6884
f 6885 6886 6936
f 6936 6935 6885
f 6886 6887 6937
f 6937 6936 6886
f 6887 6888 6938
f 6938 6937 6887
f 6888 6889 6939
f 6939 6938 6888
f 6889 6890 6940
f 6940 6939 6889
f 6890 6891 6941
f 6941 6940 6890
f 6891 6892 6942
f 6942 6941 6891
f 6892 6893 6943
f 6943 6942 6892
f 6893 6894 6944
f 6944 6943 6893
f 6894 6895 6945
f 6945 6944 6894
f 6895 6896 6946
f 6946 6945 6895
f 6896 6897 6947
f 6947 6946 6896
f 6897 6898 6948
f 6948 6947 6897
f 6898 6899 6949
f 6949 6948 6898
f 6899 6900 6950
f 6950 6949 6899
f 6900 6851 6901
f 6901 6950 6900
f 6901 6902 6952
f 6952 6951 6901
f 6902 6903 6953
f 6953 6952 6902
f 6903 6904 6954
f 6954 6953 6903
f 6904 6905 6955
f 6955 6954 6904
f 6905 6906 6956
f 6956 6955 6905
f 6906 6907 6957
f 6957 6956 6906
f 6907 6908 6958
f 6958 6957 6907
f 6908 6909 6959
f 6959 6958 6908
f 6909 6910 6960
f 6960 6959 6909
f 6910 6911 6961
f 6961 6960 6910
f 6911 6912 6962
f 6962 6961 6911
f 6912 6913 6963
f 6963 6962 6912
f 6913 6914 6964
f 6964 6963 6913
f 6914 6915 6965
f 6965 6964 6914
f 6915 6916 6966
f 6966 6965 6915
f 6916 6917 6967
f 6967 6966 6916
f 6917 6918 6968
f 6968 6967 6917
f 6918 6919 6969
f 6969 6968 6918
f 6919 6920 6970
f 6970 6969 6919
f 6920 6921 6971
f 6971 6970 6920
f 6921 6922 6972
f 6972 6971 6921
f 6922 6923 6973
f 6973 6972 6922
f 6923 6924 6974
f 6974 6973 6923
f 6924 6925 6975
f 6975 6974 6924
f 6925 6926 6976
f 6976 6975 6925
f 6926 6927 6977
f 6977 6976 6926
f 6927 6928 6978
f 6978 6977 6927
f 6928 6929 6979
f 6979 6978 6928
f 6929 6930 6980
f 6980 6979 6929
f 6930 6931 6981
f 6981 6980 6930
f 6931 6932 6982
f 6982 6981 6931
f 6932 6933 6983
f 6983 6982 6932
f 6933 6934 6984
f 6984 6983 6933
f 6934 6935 6985
f 6985 6984 6934
f 6935 6936 6986
f 6986 6985 6935
f 6936 6937 6987
f 6987 6986 6936
f 6937 6938 6988
f 6988 6987 6937
f 6938 6939 6989
f 6989 6988 6938
f 6939 6940 6990
f 6990 6989 6939
f 6940 6941 6991
f 6991 6990 6940
f 6941 6942 6992
f 6992 6991 6941
f 6942 6943 6993
f 6993 6992 6942
f 6943 6944 6994
f 6994 6993 6943
f 6944 6945 6995
f 6995 6994 6944
f 6945 6946 6996
f 6996 6995 6945
f 6946 6947 6997
f 6997 6996 6946
f 6947 6948 6998
f 6998 6997 6947
f 6948 6949 6999
f 6999 6998 6948
f 6949 6950 7000
f 7000 6999 6949
f 6950 6901 6951
f 6951 7000 6950
f 6951 6952 7002
f 7002 7001 6951
f 6952 6953 7003
f 7003 7002 6952
f 6953 6954 7004
f 7004 7003 6953
f 6954 6955 7005
f 7005 7004 6954
f 6955 6956 7006
f 7006 7005 6955
f 6956 6957 7007
f 7007 7006 6956
f 6957 6958 7008
f 7008 7007 6957
f 6958 6959 7009
f 7009 7008 6958
f 6959 6960 7010
f 7010 7009 6959
f 6960 6961 7011
f 7011 7010 6960
f 6961 6962 7012
f 7012 7011 6961
f 6962 6963 7013
f 7013 7012 6962
f 6963 6964 7014
f 7014 7013 6963
f 6964 6965 7015
f 7015 7014 6964
f 6965 6966 7016
f 7016 7015 6965
f 6966 6967 7017
f 7017 7016 6966
f 6967 6968 7018
f 7018 7017 6967
f 6968 6969 7019
f 7019 7018 6968
f 6969 6970 7020
f 7020 7019 6969
f 6970 6971 7021
f 7021 7020 6970
f 6971 6972 7022
f 7022 7021 6971
f 6972 6973 7023
f 7023 7022 6972
f 6973 6974 7024
f 7024 7023 6973
f 6974 6975 7025
f 7025 7024 6974
f 6975 6976 7026
f 7026 7025 6975
f 6976 6977 7027
f 7027 7026 6976
f 6977 6978 7028
f 7028 7027 6977
f 6978 6979 7029
f 7029 7028 6978
f 6979 6980 7030
f 7030 7029 6979
f 6980 6981 7031
f 7031 7030 6980
f 6981 6982 7032
f 7032 7031 6981
f 6982 6983 7033
f 7033 7032 6982
f 6983 6984 7034
f 7034 7033 6983
f 6984 6985 7035
f 7035 7034 6984
f 6985 6986 7036
f 7036 7035 6985
f 6986 6987 7037
f 7037 7036 6986
f 6987 6988 7038
f 7038 7037 6987
f 6988 6989 7039
f 7039 7038 6988
f 6989 6990 7040
f 7040 7039 6989
f 6990 6991 7041
f 7041 7040 6990
f 6991 6992 7042
f 7042 7041 6991
f 6992 6993 7043
f 7043 7042 6992
f 6993 6994 7044
f 7044 7043 6993
f 6994 6995 7045
f 7045 7044 6994
f 6995 6996 7046
f 7046 7045 6995
f 6996 6997 7047
f 7047 7046 6996
f 6997 6998 7048
f 7048 7047 6997
f 6998 6999 7049
f 7049 7048 6998
f 6999 7000 7050
f 7050 7049 6999
f 7000 6951 7001
f 7001 7050 7000
f 7001 7002 7052
f 7052 7051 7001
f 7002 7003 7053
f 7053 7052 7002
f 7003 7004 7054
f 7054 7053 7003
f 7004 7005 7055
f 7055 7054 7004
f 7005 7006 7056
f 7056 7055 7005
f 7006 7007 7057
f 7057 7056 7006
f 7007 7008 7058
f 7058 7057 7007
f 7008 7009 7059
f 7059 7058 7008
f 7009 7010 7060
f 7060 7059 7009
f 7010 7011 7061
f 7061 7060 7010
f 7011 7012 7062
f 7062 7061 7011
f 7012 7013 7063
f 7063 7062 7012
f 7013 7014 7064
f 7064 7063 7013
f 7014 7015 7065
f 7065 7064 7014
f 7015 7016 7066
f 7066 7065 7015
f 7016 7017 7067
f 7067 7066 7016
f 7017 7018 7068
f 7068 7067 7017
f 7018 7019 7069
f 7069 7068 7018
f 7019 7020 7070
f 7070 7069 7019
f 7020 7021 7071
f 7071 7070 7020
f 7021 7022 7072
f 7072 7071 7021
f 7022 7023 7073
f 7073 7072 7022
f 7023 7024 7074
f 7074 7073 7023
f 7024 7025 7075
f 7075 7074 7024
f 7025 7026 7076
f 7076 7075 7025
f 7026 7027 7077
f 7077 7076 7026
f 7027 7028 7078
f 7078 7077 7027
f 7028 7029 7079
f 7079 7078 7028
f 7029 7030 7080
f 7080 7079 7029
f 7030 7031 7081
f 7081 7080 7030
f 7031 7032 7082
f 7082 7081 7031
f 7032 7033 7083
f 7083 7082 7032
f 7033 7034 7084
f 7084 7083 7033
f 7034 7035 7085
f 7085 7084 7034
f 7035 7036 7086
f 7086 7085 7035
f 7036 7037 7087
f 7087 7086 7036
f 7037 7038 7088
f 7088 7087 7037
f 7038 7039 7089
f 7089 7088 7038
f 7039 7040 7090
f 7090 7089 7039
f 7040 7041 7091
f 7091 7090 7040
f 7041 7042 7092
f 7092 7091 7041
f 7042 7043 7093
f 7093 7092 7042
f 7043 7044 7094
f 7094 7093 7043
f 7044 7045 7095
f 7095 7094 7044
f 7045 7046 7096
f 7096 7095 7045
f 7046 7047 7097
f 7097 7096 7046
f 7047 7048 7098
f 7098 7097 7047
f 7048 7049 7099
f 7099 7098 7048
f 7049 7050 7100
f 7100 7099 7049
f 7050 7001 7051
f 7051 7100 7050
f 7051 7052 7102
f 7102 7101 7051
f 7052 7053 7103
f 7103 7102 7052
f 7053 7054 7104
f 7104 7103 7053
f 7054 7055 7105
f 7105 7104 7054
f 7055 7056 7106
f 7106 7105 7055
f 7056 7057 7107
f 7107 7106 7056
f 7057 7058 7108
f 7108 7107 7057
f 7058 7059 7109
f 7109 7108 7058
f 7059 7060 7110
f 7110 7109 7059
f 7060 7061 7111
f 7111 7110 7060
f 7061 7062 7112
f 7112 7111 7061
f 7062 7063 7113
f 7113 7112 7062
f 7063 7064 7114
f 7114 7113 7063
f 7064 7065 7115
f 7115 7114 7064
f 7065 7066 7116
f 7116 7115 7065
f 7066 7067 7117
f 7117 7116 7066
f 7067 7068 7118
f 7118 7117 7067
f 7068 7069 7119
f 7119 7118 7068
f 7069 7070 7120
f 7120 7119 7069
f 7070 7071 7121
f 7121 7120 7070
f 7071 7072 7122
f 7122 7121 7071
f 7072 7073 7123
f 7123 7122 7072
f 7073 7074 7124
f 7124 7123 7073
f 7074 7075 7125
f 7125 7124 7074
f 7075 7076 7126
f 7126 7125 7075
f 7076 7077 7127
f 7127 7126 7076
f 7077 7078 7128
f 7128 7127 7077
f 7078 7079 7129
f 7129 7128 7078
f 7079 7080 7130
f 7130 7129 7079
f 7080 7081 7131
f 7131 7130 7080
f 7081 7082 7132
f 7132 7131 7081
f 7082 7083 7133
f 7133 7132 7082
f 7083 7084 7134
f 7134 7133 7083
f 7084 7085 7135
f 7135 7134 7084
f 7085 7086 7136
f 7136 7135 7085
f 7086 7087 7137
f 7137 7136 7086
f 7087 7088 7138
f 7138 7137 7087
f 7088 7089 7139
f 7139 7138 7088
f 7089 7090 7140
f 7140 7139 7089
f 7090 7091 7141
f 7141 7140 7090
f 7091 7092 7142
f 7142 7141 7091
f 7092 7093 7143
f 7143 7142 7092
f 7093 7094 7144
f 7144 7143 7093
f 7094 7095 7145
f 7145 7144 7094
f 7095 7096 7146
f 7146 7145 7095
f 7096 7097 7147
f 7147 7146 7096
f 7097 7098 7148
f 7148 7147 7097
f 7098 7099 7149
f 7149 7148 7098
f 7099 7100 7150
f 7150 7149 7099
f 7100 7051 7101
f 7101 7150 7100
f 7101 7102 7152
f 7152 7151 7101
f 7102 7103 7153
f 7153 7152 7102
f 7103 7104 7154
f 7154 7153 7103
f 7104 7105 7155
f 7155 7154 7104
f 7105 7106 7156
f 7156 7155 7105
f 7106 7107 7157
f 7157 7156 7106
f 7107 7108 7158
f 7158 7157 7107
f 7108 7109 7159
f 7159 7158 7108
f 7109 7110 7160
f 7160 7159 7109
f 7110 7111 7161
f 7161 7160 7110
f 7111 7112 7162
f 7162 7161 7111
f 7112 7113 7163
f 7163 7162 7112
f 7113 7114 7164
f 7164 7163 7113
f 7114 7115 7165
f 7165 7164 7114
f 7115 7116 7166
f 7166 7165 7115
f 7116 7117 7167
f 7167 7166 7116
f 7117 7118 7168
f 7168 7167 7117
f 7118 7119 7169
f 7169 7168 7118
f 7119 7120 7170
f 7170 7169 7119
f 7120 7121 7171
f 7171 7170 7120
f 7121 7122 7172
f 7172 7171 7121
f 7122 7123 7173
f 7173 7172 7122
f 7123 7124 7174
f 7174 7173 7123
f 7124 7125 7175
f 7175 7174 7124
f 7125 7126 7176
f 7176 7175 7125
f 7126 7127 7177
f 7177 7176 7126
f 7127 7128 7178
f 7178 7177 7127
f 7128 7129 7179
f 7179 7178 7128
f 7129 7130 7180
f 7180 7179 7129
f 7130 7131 7181
f 7181 7180 7130
f 7131 7132 7182
f 7182 7181 7131
f 7132 7133 7183
f 7183 7182 7132
f 7133 7134 7184
f 7184 7183 7133
f 7134 7135 7185
f 7185 7184 7134
f 7135 7136 7186
f 7186 7185 7135
f 7136 7137 7187
f 7187 7186 7136
f 7137 7138 7188
f 7188 7187 7137
f 7138 7139 7189
f 7189 7188 7138
f 7139 7140 7190
f 7190 7189 7139
f 7140 7141 7191
f 7191 7190 7140
f 7141 7142 7192
f 7192 7191 7141
f 7142 7143 7193
f 7193 7192 7142
f 7143 7144 7194
f 7194 7193 7143
f 7144 7145 7195
f 7195 7194 7144
f 7145 7146 7196
f 7196 7195 7145
f 7146 7147 7197
f 7197 7196 7146
f 7147 7148 7198
f 7198 7197 7147
f 7148 7149 7199
f 7199 7198 7148
f 7149 7150 7200
f 7200 7199 7149
f 7150 7101 7151
f 7151 7200 7150
f 7151 7152 7202
f 7202 7201 7151
f 7152 7153 7203
f 7203 7202 7152
f 7153 7154 7204
f 7204 7203 7153
f 7154 7155 7205
f 7205 7204 7154
f 7155 7156 7206
f 7206 7205 7155
f 7156 7157 7207
f 7207 7206 7156
f 7157 7158 7208
f 7208 7207 7157
f 7158 7159 7209
f 7209 7208 7158
f 7159 7160 7210
f 7210 7209 7159
f 7160 7161 7211
f 7211 7210 7160
f 7161 7162 7212
f 7212 7211 7161
f 7162 7163 7213
f 7213 7212 7162
f 7163 7164 7214
f 7214 7213 7163
f 7164 7165 7215
f 7215 7214 7164
f 7165 7166 7216
f 7216 7215 7165
f 7166 7167 7217
f 7217 7216 7166
f 7167 7168 7218
f 7218 7217 7167
f 7168 7169 7219
f 7219 7218 7168
f 7169 7170 7220
f 7220 7219 7169
f 7170 7171 7221
f 7221 7220 7170
f 7171 7172 7222
f 7222 7221 7171
f 7172 7173 7223
f 7223 7222 7172
f 7173 7174 7224
f 7224 7223 7173
f 7174 7175 7225
f 7225 7224 7174
f 7175 7176 7226
f 7226 7225 7175
f 7176 7177 7227
f 7227 7226 7176
f 7177 7178 7228
f 7228 7227 7177
f 7178 7179 7229
f 7229 7228 7178
f 7179 7180 7230
f 7230 7229 7179
f 7180 7181 7231
f 7231 7230 7180
f 7181 7182 7232
f 7232 7231 7181
f 7182 7183 7233
f 7233 7232 7182
f 7183 7184 7234
f 7234 7233 7183
f 7184 7185 7235
f 7235 7234 7184
f 7185 7186 7236
f 7236 7235 7185
f 7186 7187 7237
f 7237 7236 7186
f 7187 7188 7238
f 7238 7237 7187
f 7188 7189 7239
f 7239 7238 7188
f 7189 7190 7240
f 7240 7239 7189
f 7190 7191 7241
f 7241 7240 7190
f 7191 7192 7242
f 7242 7241 7191
f 7192 7193 7243
f 7243 7242 7192
f 7193 7194 7244
f 7244 7243 7193
f 7194 7195 7245
f 7245 7244 7194
f 7195 7196 7246
f 7246 7245 7195
f 7196 7197 7247
f 7247 7246 7196
f 7197 7198 7248
f 7248 7247 7197
f 7198 7199 7249
f 7249 7248 7198
f 7199 7200 7250
f 7250 7249 7199
f 7200 7151 7201
f 7201 7250 7200
f 7201 7202 7252
f 7252 7251 7201
f 7202 7203 7253
f 7253 7252 7202
f 7203 7204 7254
f 7254 7253 7203
f 7204 7205 7255
f 7255 7254 7204
f 7205 7206 7256
f 7256 7255 7205
f 7206 7207 7257
f 7257 7256 7206
f 7207 7208 7258
f 7258 7257 7207
f 7208 7209 7259
f 7259 7258 7208
f 7209 7210 7260
f 7260 7259 7209
f 7210 7211 7261
f 7261 7260 7210
f 7211 7212 7262
f 7262 7261 7211
f 7212 7213 7263
f 7263 7262 7212
f 7213 7214 7264
f 7264 7263 7213
f 7214 7215 7265
f 7265 7264 7214
f 7215 7216 7266
f 7266 7265 7215
f 7216 7217 7267
f 7267 7266 7216
f 7217 7218 7268
f 7268 7267 7217
f 7218 7219 7269
f 7269 7268 7218
f 7219 7220 7270
f 7270 7269 7219
f 7220 7221 7271
f 7271 7270 7220
f 7221 7222 7272
f 7272 7271 7221
f 7222 7223 7273
f 7273 7272 7222
f 7223 7224 7274
f 7274 7273 7223
f 7224 7225 7275
f 7275 7274 7224
f 7225 7226 7276
f 7276 7275 7225
f 7226 7227 7277
f 7277 7276 7226
f 7227 7228 7278
f 7278 7277 7227
f 7228 7229 7279
f 7279 7278 7228
f 7229 7230 7280
f 7280 7279 7229
f 7230 7231 7281
f 7281 7280 7230
f 7231 7232 7282
f 7282 7281 7231
f 7232 7233 7283
f 7283 7282 7232
f 7233 7234 7284
f 7284 7283 7233
f 7234 7235 7285
f 7285 7284 7234
f 7235 7236 7286
f 7286 7285 7235
f 7236 7237 7287
f 7287 7286 7236
f 7237 7238 7288
f 7288 7287 7237
f 7238 7239 7289
f 7289 7288 7238
f 7239 7240 7290
f 7290 7289 7239
f 7240 7241 7291
f 7291 7290 7240
f 7241 7242 7292
f 7292 7291 7241
f 7242 7243 7293
f 7293 7292 7242
f 7243 7244 7294
f 7294 7293 7243
f 7244 7245 7295
f 7295 7294 7244
f 7245 7246 7296
f 7296 7295 7245
f 7246 7247 7297
f 7297 7296 7246
f 7247 7248 7298
f 7298 7297 7247
f 7248 7249 7299
f 7299 7298 7248
f 7249 7250 7300
f 7300 7299 7249
f 7250 7201 7251
f 7251 7300 7250
f 7251 7252 7302
f 7302 7301 7251
f 7252 7253 7303
f 7303 7302 7252
f 7253 7254 7304
f 7304 7303 7253
f 7254 7255 7305
f 7305 7304 7254
f 7255 7256 7306
f 7306 7305 7255
f 7256 7257 7307
f 7307 7306 7256
f 7257 7258 7308
f 7308 7307 7257
f 7258 7259 7309
f 7309 7308 7258
f 7259 7260 7310
f 7310 7309 7259
f 7260 7261 7311
f 7311 7310 7260
f 7261 7262 7312
f 7312 7311 7261
f 7262 7263 7313
f 7313 7312 7262
f 7263 7264 7314
f 7314 7313 7263
f 7264 7265 7315
f 7315 7314 7264
f 7265 7266 7316
f 7316 7315 7265
f 7266 7267 7317
f 7317 7316 7266
f 7267 7268 7318
f 7318 7317 7267
f 7268 7269 7319
f 7319 7318 7268
f 7269 7270 7320
f 7320 7319 7269
f 7270 7271 7321
f 7321 7320 7270
f 7271 7272 7322
f 7322 7321 7271
f 7272 7273 7323
f 7323 7322 7272
f 7273 7274 7324
f 7324 7323 7273
f 7274 7275 7325
f 7325 7324 7274
f 7275 7276 7326
f 7326 7325 7275
f 7276 7277 7327
f 7327 7326 7276
f 7277 7278 7328
f 7328 7327 7277
f 7278 7279 7329
f 7329 7328 7278
f 7279 7280 7330
f 7330 7329 7279
f 7280 7281 7331
f 7331 7330 7280
f 7281 7282 7332
f 7332 7331 7281
f 7282 7283 7333
f 7333 7332 7282
f 7283 7284 7334
f 7334 7333 7283
f 7284 7285 7335
f 7335 7334 7284
f 7285 7286 7336
f 7336 7335 7285
f 7286 7287 7337
f 7337 7336 7286
f 7287 7288 7338
f 7338 7337 7287
f 7288 7289 7339
f 7339 7338 7288
f 7289 7290 7340
f 7340 7339 7289
f 7290 7291 7341
f 7341 7340 7290
f 7291 7292 7342
f 7342 7341 7291
f 7292 7293 7343
f 7343 7342 7292
f 7293 7294 7344
f 7344 7343 7293
f 7294 7295 7345
f 7345 7344 7294
f 7295 7296 7346
f 7346 7345 7295
f 7296 7297 7347
f 7347 7346 7296
f 7297 7298 7348
f 7348 7347 7297
f 7298 7299 7349
f 7349 7348 7298
f 7299 7300 7350
f 7350 7349 7299
f 7300 7251 7301
f 7301 7350 7300
f 7301 7302 7352
f 7352 7351 7301
f 7302 7303 7353
f 7353 7352 7302
f 7303 7304 7354
f 7354 7353 7303
f 7304 7305 7355
f 7355 7354 7304
f 7305 7306 7356
f 7356 7355 7305
f 7306 7307 7357
f 7357 7356 7306
f 7307 7308 7358
f 7358 7357 7307
f 7308 7309 7359
f 7359 7358 7308
f 7309 7310 7360
f 7360 7359 7309
f 7310 7311 7361
f 7361 7360 7310
f 7311 7312 7362
f 7362 7361 7311
f 7312 7313 7363
f 7363 7362 7312
f 7313 7314 7364
f 7364 7363 7313
f 7314 7315 7365
f 7365 7364 7314
f 7315 7316 7366
f 7366 7365 7315
f 7316 7317 7367
f 7367 7366 7316
f 7317 7318 7368
f 7368 7367 7317
f 7318 7319 7369
f 7369 7368 7318
f 7319 7320 7370
f 7370 7369 7319
f 7320 7321 7371
f 7371 7370 7320
f 7321 7322 7372
f 7372 7371 7321
f 7322 7323 7373
f 7373 7372 7322
f 7323 7324 7374
f 7374 7373 7323
f 7324 7325 7375
f 7375 7374 7324
f 7325 7326 7376
f 7376 7375 7325
f 7326 7327 7377
f 7377 7376 7326
f 7327 7328 7378
f 7378 7377 7327
f 7328 7329 7379
f 7379 7378 7328
f 7329 7330 7380
f 7380 7379 7329
f 7330 7331 7381
f 7381 7380 7330
f 7331 7332 7382
f 7382 7381 7331
f 7332 7333 7383
f 7383 7382 7332
f 7333 7334 7384
f 7384 7383 7333
f 7334 7335 7385
f 7385 7384 7334
f 7335 7336 7386
f 7386 7385 7335
f 7336 7337 7387
f 7387 7386 7336
f 7337 7338 7388
f 7388 7387 7337
f 7338 7339 7389
f 7389 7388 7338
f 7339 7340 7390
f 7390 7389 7339
f 7340 7341 7391
f 7391 7390 7340
f 7341 7342 7392
f 7392 7391 7341
f 7342 7343 7393
f 7393 7392 7342
f 7343 7344 7394
f 7394 7393 7343
f 7344 7345 7395
f 7395 7394 7344
f 7345 7346 7396
f 7396 7395 7345
f 7346 7347 7397
f 7397 7396 7346
f 7347 7348 7398
f 7398 7397 7347
f 7348 7349 7399
f 7399 7398 7348
f 7349 7350 7400
f 7400 7399 7349
f 7350 7301 7351
f 7351 7400 7350
f 7351 7352 7402
f 7402 7401 7351
f 7352 7353 7403
f 7403 7402 7352
f 7353 7354 7404
f 7404 7403 7353
f 7354 7355 7405
f 7405 7404 7354
f 7355 7356 7406
f 7406 7405 7355
f 7356 7357 7407
f 7407 7406 7356
f 7357 7358 7408
f 7408 7407 7357
f 7358 7359 7409
f 7409 7408 7358
f 7359 7360 7410
f 7410 7409 7359
f 7360 7361 7411
f 7411 7410 7360
f 7361 7362 7412
f 7412 7411 7361
f 7362 7363 7413
f 7413 7412 7362
f 7363 7364 7414
f 7414 7413 7363
f 7364 7365 7415
f 7415 7414 7364
f 7365 7366 7416
f 7416 7415 7365
f 7366 7367 7417
f 7417 7416 7366
f 7367 7368 7418
f 7418 7417 7367
f 7368 7369 7419
f 7419 7418 7368
f 7369 7370 7420
f 7420 7419 7369
f 7370 7371 7421
f 7421 7420 7370
f 7371 7372 7422
f 7422 7421 7371
f 7372 7373 7423
f 7423 7422 7372
f 7373 7374 7424
f 7424 7423 7373
f 7374 7375 7425
f 7425 7424 7374
f 7375 7376 7426
f 7426 7425 7375
f 7376 7377 7427
f 7427 7426 7376
f 7377 7378 7428
f 7428 7427 7377
f 7378 7379 7429
f 7429 7428 7378
f 7379 7380 7430
f 7430 7429 7379
f 7380 7381 7431
f 7431 7430 7380
f 7381 7382 7432
f 7432 7431 7381
f 7382 7383 7433
f 7433 7432 7382
f 7383 7384 7434
f 7434 7433 7383
f 7384 7385 7435
f 7435 7434 7384
f 7385 7386 7436
f 7436 7435 7385
f 7386 7387 7437
f 7437 7436 7386
f 7387 7388 7438
f 7438 7437 7387
f 7388 7389 7439
f 7439 7438 7388
f 7389 7390 7440
f 7440 7439 7389
f 7390 7391 7441
f 7441 7440 7390
f 7391 7392 7442
f 7442 7441 7391
f 7392 7393 7443
f 7443 7442 7392
f 7393 7394 7444
f 7444 7443 7393
f 7394 7395 7445
f 7445 7444 7394
f 7395 7396 7446
f 7446 7445 7395
f 7396 7397 7447
f 7447 7446 7396
f 7397 7398 7448
f 7448 7447 7397
f 7398 7399 7449
f 7449 7448 7398
f 7399 7400 7450
f 7450 7449 7399
f 7400 7351 7401
f 7401 7450 7400
f 7401 7402 7452
f 7452 7451 7401
f 7402 7403 7453
f 7453 7452 7402
f 7403 7404 7454
f 7454 7453 7403
f 7404 7405 7455
f 7455 7454 7404
f 7405 7406 7456
f 7456 7455 7405
f 7406 7407 7457
f 7457 7456 7406
f 7407 7408 7458
f 7458 7457 7407
f 7408 7409 7459
f 7459 7458 7408
f 7409 7410 7460
f 7460 7459 7409
f 7410 7411 7461
f 7461 7460 7410
f 7411 7412 7462
f 7462 7461 7411
f 7412 7413 7463
f 7463 7462 7412
f 7413 7414 7464
f 7464 7463 7413
f 7414 7415 7465
f 7465 7464 7414
f 7415 7416 7466
f 7466 7465 7415
f 7416 7417 7467
f 7467 7466 7416
f 7417 7418 7468
f 7468 7467 7417
f 7418 7419 7469
f 7469 7468 7418
f 7419 7420 7470
f 7470 7469 7419
f 7420 7421 7471
f 7471 7470 7420
f 7421 7422 7472
f 7472 7471 7421
f 7422 7423 7473
f 7473 7472 7422
f 7423 7424 7474
f 7474 7473 7423
f 7424 7425 7475
f 7475 7474 7424
f 7425 7426 7476
f 7476 7475 7425
f 7426 7427 7477
f 7477 7476 7426
f 7427 7428 7478
f 7478 7477 7427
f 7428 7429 7479
f 7479 7478 7428
f 7429 7430 7480
f 7480 7479 7429
f 7430 7431 7481
f 7481 7480 7430
f 7431 7432 7482
f 7482 7481 7431
f 7432 7433 7483
f 7483 7482 7432
f 7433 7434 7484
f 7484 7483 7433
f 7434 7435 7485
f 7485 7484 7434
f 7435 7436 7486
f 7486 7485 7435
f 7436 7437 7487
f 7487 7486 7436
f 7437 7438 7488
f 7488 7487 7437
f 7438 7439 7489
f 7489 7488 7438
f 7439 7440 7490
f 7490 7489 7439
f 7440 7441 7491
f 7491 7490 7440
f 7441 7442 7492
f 7492 7491 7441
f 7442 7443 7493
f 7493 7492 7442
f 7443 7444 7494
f 7494 7493 7443
f 7444 7445 7495
f 7495 7494 7444
f 7445 7446 7496
f 7496 7495 7445
f 7446 7447 7497
f 7497 7496 7446
f 7447 7448 7498
f 7498 7497 7447
f 7448 7449 7499
f 7499 7498 7448
f 7449 7450 7500
f 7500 7499 7449
f 7450 7401 7451
f 7451 7500 7450
f 7451 7452 7502
f 7502 7501 7451
f 7452 7453 7503
f 7503 7502 7452
f 7453 7454 7504
f 7504 7503 7453
f 7454 7455 7505
f 7505 7504 7454
f 7455 7456 7506
f 7506 7505 7455
f 7456 7457 7507
f 7507 7506 7456
f 7457 7458 7508
f 7508 7507 7457
f 7458 7459 7509
f 7509 7508 7458
f 7459 7460 7510
f 7510 7509 7459
f 7460 7461 7511
f 7511 7510 7460
f 7461 7462 7512
f 7512 7511 7461
f 7462 7463 7513
f 7513 7512 7462
f 7463 7464 7514
f 7514 7513 7463
f 7464 7465 7515
f 7515 7514 7464
f 7465 7466 7516
f 7516 7515 7465
f 7466 7467 7517
f 7517 7516 7466
f 7467 7468 7518
f 7518 7517 7467
f 7468 7469 7519
f 7519 7518 7468
f 7469 7470 7520
f 7520 7519 7469
f 7470 7471 7521
f 7521 7520 7470
f 7471 7472 7522
f 7522 7521 7471
f 7472 7473 7523
f 7523 7522 7472
f 7473 7474 7524
f 7524 7523 7473
f 7474 7475 7525
f 7525 7524 7474
f 7475 7476 7526
f 7526 7525 7475
f 7476 7477 7527
f 7527 7526 7476
f 7477 7478 7528
f 7528 7527 7477
f 7478 7479 7529
f 7529 7528 7478
f 7479 7480 7530
f 7530 7529 7479
f 7480 7481 7531
f 7531 7530 7480
f 7481 7482 7532
f 7532 7531 7481
f 7482 7483 7533
f 7533 7532 7482
f 7483 7484 7534
f 7534 7533 7483
f 7484 7485 7535
f 7535 7534 7484
f 7485 7486 7536
f 7536 7535 7485
f 7486 7487 7537
f 7537 7536 7486
f 7487 7488 7538
f 7538 7537 7487
f 7488 7489 7539
f 7539 7538 7488
f 7489 7490 7540
f 7540 7539 7489
f 7490 7491 7541
f 7541 7540 7490
f 7491 7492 7542
f 7542 7541 7491
f 7492 7493 7543
f 7543 7542 7492
f 7493 7494 7544
f 7544 7543 7493
f 7494 7495 7545
f 7545 7544 7494
f 7495 7496 7546
f 7546 7545 7495
f 7496 7497 7547
f 7547 7546 7496
f 7497 7498 7548
f 7548 7547 7497
f 7498 7499 7549
f 7549 7548 7498
f 7499 7500 7550
f 7550 7549 7499
f 7500 7451 7501
f 7501 7550 7500
f 7501 7502 7552
f 7552 7551 7501
f 7502 7503 7553
f 7553 7552 7502
f 7503 7504 7554
f 7554 7553 7503
f 7504 7505 7555
f 7555 7554 7504
f 7505 7506 7556
f 7556 7555 7505
f 7506 7507 7557
f 7557 7556 7506
f 7507 7508 7558
f 7558 7557 7507
f 7508 7509 7559
f 7559 7558 7508
f 7509 7510 7560
f 7560 7559 7509
f 7510 7511 7561
f 7561 7560 7510
f 7511 7512 7562
f 7562 7561 7511
f 7512 7513 7563
f 7563 7562 7512
f 7513 7514 7564
f 7564 7563 7513
f 7514 7515 7565
f 7565 7564 7514
f 7515 7516 7566
f 7566 7565 7515
f 7516 7517 7567
f 7567 7566 7516
f 7517 7518 7568
f 7568 7567 7517
f 7518 7519 7569
f 7569 7568 7518
f 7519 7520 7570
f 7570 7569 7519
f 7520 7521 7571
f 7571 7570 7520
f 7521 7522 7572
f 7572 7571 7521
f 7522 7523 7573
f 7573 7572 7522
f 7523 7524 7574
f 7574 7573 7523
f 7524 7525 7575
f 7575 7574 7524
f 7525 7526 7576
f 7576 7575 7525
f 7526 7527 7577
f 7577 7576 7526
f 7527 7528 7578
f 7578 7577 7527
f 7528 7529 7579
f 7579 7578 7528
f 7529 7530 7580
f 7580 7579 7529
f 7530 7531 7581
f 7581 7580 7530
f 7531 7532 7582
f 7582 7581 7531
f 7532 7533 7583
f 7583 7582 7532
f 7533 7534 7584
f 7584 7583 7533
f 7534 7535 7585
f 7585 7584 7534
f 7535 7536 7586
f 7586 7585 7535
f 7536 7537 7587
f 7587 7586 7536
f 7537 7538 7588
f 7588 7587 7537
f 7538 7539 7589
f 7589 7588 7538
f 7539 7540 7590
f 7590 7589 7539
f 7540 7541 7591
f 7591 7590 7540
f 7541 7542 7592
f 7592 7591 7541
f 7542 7543 7593
f 7593 7592 7542
f 7543 7544 7594
f 7594 7593 7543
f 7544 7545 7595
f 7595 7594 7544
f 7545 7546 7596
f 7596 7595 7545
f 7546 7547 7597
f 7597 7596 7546
f 7547 7548 7598
f 7598 7597 7547
f 7548 7549 7599
f 7599 7598 7548
f 7549 7550 7600
f 7600 7599 7549
f 7550 7501 7551
f 7551 7600 7550
f 7551 7552 7602
f 7602 7601 7551
f 7552 7553 7603
f 7603 7602 7552
f 7553 7554 7604
f 7604 7603 7553
f 7554 7555 7605
f 7605 7604 7554
f 7555 7556 7606
f 7606 7605 7555
f 7556 7557 7607
f 7607 7606 7556
f 7557 7558 7608
f 7608 7607 7557
f 7558 7559 7609
f 7609 7608 7558
f 7559 7560 7610
f 7610 7609 7559
f 7560 7561 7611
f 7611 7610 7560
f 7561 7562 7612
f 7612 7611 7561
f 7562 7563 7613
f 7613 7612 7562
f 7563 7564 7614
f 7614 7613 7563
f 7564 7565 7615
f 7615 7614 7564
f 7565 7566 7616
f 7616 7615 7565
f 7566 7567 7617
f 7617 7616 7566
f 7567 7568 7618
f 7618 7617 7567
f 7568 7569 7619
f 7619 7618 7568
f 7569 7570 7620
f 7620 7619 7569
f 7570 7571 7621
f 7621 7620 7570
f 7571 7572 7622
f 7622 7621 7571
f 7572 7573 7623
f 7623 7622 7572
f 7573 7574 7624
f 7624 7623 7573
f 7574 7575 7625
f 7625 7624 7574
f 7575 7576 7626
f 7626 7625 7575
f 7576 7577 7627
f 7627 7626 7576
f 7577 7578 7628
f 7628 7627 7577
f 7578 7579 7629
f 7629 7628 7578
f 7579 7580 7630
f 7630 7629 7579
f 7580 7581 7631
f 7631 7630 7580
f 7581 7582 7632
f 7632 7631 7581
f 7582 7583 7633
f 7633 7632 7582
f 7583 7584 7634
f 7634 7633 7583
f 7584 7585 7635
f 7635 7634 7584
f 7585 7586 7636
f 7636 7635 7585
f 7586 7587 7637
f 7637 7636 7586
f 7587 7588 7638
f 7638 7637 7587
f 7588 7589 7639
f 7639 7638 7588
f 7589 7590 7640
f 7640 7639 7589
f 7590 7591 7641
f 7641 7640 7590
f 7591 7592 7642
f 7642 7641 7591
f 7592 7593 7643
f 7643 7642 7592
f 7593 7594 7644
f 7644 7643 7593
f 7594 7595 7645
f 7645 7644 7594
f 7595 7596 7646
f 7646 7645 7595
f 7596 7597 7647
f 7647 7646 7596
f 7597 7598 7648
f 7648 7647 7597
f 7598 7599 7649
f 7649 7648 7598
f 7599 7600 7650
f 7650 7649 7599
f 7600 7551 7601
f 7601 7650 7600
f 7601 7602 7652
f 7652 7651 7601
f 7602 7603 7653
f 7653 7652 7602
f 7603 7604 7654
f 7654 7653 7603
f 7604 7605 7655
f 7655 7654 7604
f 7605 7606 7656
f 7656 7655 7605
f 7606 7607 7657
f 7657 7656 7606
f 7607 7608 7658
f 7658 7657 7607
f 7608 7609 7659
f 7659 7658 7608
f 7609 7610 7660
f 7660 7659 7609
f 7610 7611 7661
f 7661 7660 7610
f 7611 7612 7662
f 7662 7661 7611
f 7612 7613 7663
f 7663 7662 7612
f 7613 7614 7664
f 7664 7663 7613
f 7614 7615 7665
f 7665 7664 7614
f 7615 7616 7666
f 7666 7665 7615
f 7616 7617 7667
f 7667 7666 7616
f 7617 7618 7668
f 7668 7667 7617
f 7618 7619 7669
f 7669 7668 7618
f 7619 7620 7670
f 7670 7669 7619
f 7620 7621 7671
f 7671 7670 7620
f 7621 7622 7672
f 7672 7671 7621
f 7622 7623 7673
f 7673 7672 7622
f 7623 7624 7674
f 7674 7673 7623
f 7624 7625 7675
f 7675 7674 7624
f 7625 7626 7676
f 7676 7675 7625
f 7626 7627 7677
f 7677 7676 7626
f 7627 7628 7678
f 7678 7677 7627
f 7628 7629 7679
f 7679 7678 7628
f 7629 7630 7680
f 7680 7679 7629
f 7630 7631 7681
f 7681 7680 7630
f 7631 7632 7682
f 7682 7681 7631
f 7632 7633 7683
f 7683 7682 7632
f 7633 7634 7684
f 7684 7683 7633
f 7634 7635 7685
f 7685 7684 7634
f 7635 7636 7686
f 7686 7685 7635
f 7636 7637 7687
f 7687 7686 7636
f 7637 7638 7688
f 7688 7687 7637
f 7638 7639 7689
f 7689 7688 7638
f 7639 7640 7690
f 7690 7689 7639
f 7640 7641 7691
f 7691 7690 7640
f 7641 7642 7692
f 7692 7691 7641
f 7642 7643 7693
f 7693 7692 7642
f 7643 7644 7694
f 7694 7693 7643
f 7644 7645 7695
f 7695 7694 7644
f 7645 7646 7696
f 7696 7695 7645
f 7646 7647 7697
f 7697 7696 7646
f 7647 7648 7698
f 7698 7697 7647
f 7648 7649 7699
f 7699 7698 7648
f 7649 7650 7700
f 7700 7699 7649
f 7650 7601 7651
f 7651 7700 7650
f 7651 7652 7702
f 7702 7701 7651
f 7652 7653 7703
f 7703 7702 7652
f 7653 7654 7704
f 7704 7703 7653
f 7654 7655 7705
f 7705 7704 7654
f 7655 7656 7706
f 7706 7705 7655
f 7656 7657 7707
f 7707 7706 7656
f 7657 7658 7708
f 7708 7707 7657
f 7658 7659 7709
f 7709 7708 7658
f 7659 7660 7710
f 7710 7709 7659
f 7660 7661 7711
f 7711 7710 7660
f 7661 7662 7712
f 7712 7711 7661
f 7662 7663 7713
f 7713 7712 7662
f 7663 7664 7714
f 7714 7713 7663
f 7664 7665 7715
f 7715 7714 7664
f 7665 7666 7716
f 7716 7715 7665
f 7666 7667 7717
f 7717 7716 7666
f 7667 7668 7718
f 7718 7717 7667
f 7668 7669 7719
f 7719 7718 7668
f 7669 7670 7720
f 7720 7719 7669
f 7670 7671 7721
f 7721 7720 7670
f 7671 7672 7722
f 7722 7721 7671
f 7672 7673 7723
f 7723 7722 7672
f 7673 7674 7724
f 7724 7723 7673
f 7674 7675 7725
f 7725 7724 7674
f 7675 7676 7726
f 7726 7725 7675
f 7676 7677 7727
f 7727 7726 7676
f 7677 7678 7728
f 7728 7727 7677
f 7678 7679 7729
f 7729 7728 7678
f 7679 7680 7730
f 7730 7729 7679
f 7680 7681 7731
f 7731 7730 7680
f 7681 7682 7732
f 7732 7731 7681
f 7682 7683 7733
f 7733 7732 7682
f 7683 7684 7734
f 7734 7733 7683
f 7684 7685 7735
f 7735 7734 7684
f 7685 7686 7736
f 7736 7735 7685
f 7686 7687 7737
f 7737 7736 7686
f 7687 7688 7738
f 7738 7737 7687
f 7688 7689 7739
f 7739 7738 7688
f 7689 7690 7740
f 7740 7739 7689
f 7690 7691 7741
f 7741 7740 7690
f 7691 7692 7742
f 7742 7741 7691
f 7692 7693 7743
f 7743 7742 7692
f 7693 7694 7744
f 7744 7743 7693
f 7694 7695 7745
f 7745 7744 7694
f 7695 7696 7746
f 7746 7745 7695
f 7696 7697 7747
f 7747 7746 7696
f 7697 7698 7748
f 7748 7747 7697
f 7698 7699 7749
f 7749 7748 7698
f 7699 7700 7750
f 7750 7749 7699
f 7700 7651 7701
f 7701 7750 7700
f 7701 7702 7752
f 7752 7751 7701
f 7702 7703 7753
f 7753 7752 7702
f 7703 7704 7754
f 7754 7753 7703
f 7704 7705 7755
f 7755 7754 7704
f 7705 7706 7756
f 7756 7755 7705
f 7706 7707 7757
f 7757 7756 7706
f 7707 7708 7758
f 7758 7757 7707
f 7708 7709 7759
f 7759 7758 7708
f 7709 7710 7760
f 7760 7759 7709
f 7710 7711 7761
f 7761 7760 7710
f 7711 7712 7762
f 7762 7761 7711
f 7712 7713 7763
f 7763 7762 7712
f 7713 7714 7764
f 7764 7763 7713
f 7714 7715 7765
f 7765 7764 7714
f 7715 7716 7766
f 7766 7765 7715
f 7716 7717 7767
f 7767 7766 7716
f 7717 7718 7768
f 7768 7767 7717
f 7718 7719 7769
f 7769 7768 7718
f 7719 7720 7770
f 7770 7769 7719
f 7720 7721 7771
f 7771 7770 7720
f 7721 7722 7772
f 7772 7771 7721
f 7722 7723 7773
f 7773 7772 7722
f 7723 7724 7774
f 7774 7773 7723
f 7724 7725 7775
f 7775 7774 7724
f 7725 7726 7776
f 7776 7775 7725
f 7726 7727 7777
f 7777 7776 7726
f 7727 7728 7778
f 7778 7777 7727
f 7728 7729 7779
f 7779 7778 7728
f 7729 7730 7780
f 7780 7779 7729
f 7730 7731 7781
f 7781 7780 7730
f 7731 7732 7782
f 7782 7781 7731
f 7732 7733 7783
f 7783 7782 7732
f 7733 7734 7784
f 7784 7783 7733
f 7734 7735 7785
f 7785 7784 7734
f 7735 7736 7786
f 7786 7785 7735
f 7736 7737 7787
f 7787 7786 7736
f 7737 7738 7788
f 7788 7787 7737
f 7738 7739 7789
f 7789 7788 7738
f 7739 7740 7790
f 7790 7789 7739
f 7740 7741 7791
f 7791 7790 7740
f 7741 7742 7792
f 7792 7791 7741
f 7742 7743 7793
f 7793 7792 7742
f 7743 7744 7794
f 7794 7793 7743
f 7744 7745 7795
f 7795 7794 7744
f 7745 7746 7796
f 7796 7795 7745
f 7746 7747 7797
f 7797 7796 7746
f 7747 7748 7798
f 7798 7797 7747
f 7748 7749 7799
f 7799 7798 7748
f 7749 7750 7800
f 7800 7799 7749
f 7750 7701 7751
f 7751 7800 7750
f 7751 7752 7802
f 7802 7801 7751
f 7752 7753 7803
f 7803 7802 7752
f 7753 7754 7804
f 7804 7803 7753
f 7754 7755 7805
f 7805 7804 7754
f 7755 7756 7806
f 7806 7805 7755
f 7756 7757 7807
f 7807 7806 7756
f 7757 7758 7808
f 7808 7807 7757
f 7758 7759 7809
f 7809 7808 7758
f 7759 7760 7810
f 7810 7809 7759
f 7760 7761 7811
f 7811 7810 7760
f 7761 7762 7812
f 7812 7811 7761
f 7762 7763 7813
f 7813 7812 7762
f 7763 7764 7814
f 7814 7813 7763
f 7764 7765 7815
f 7815 7814 7764
f 7765 7766 7816
f 7816 7815 7765
f 7766 7767 7817
f 7817 7816 7766
f 7767 7768 7818
f 7818 7817 7767
f 7768 7769 7819
f 7819 7818 7768
f 7769 7770 7820
f 7820 7819 7769
f 7770 7771 7821
f 7821 7820 7770
f 7771 7772 7822
f 7822 7821 7771
f 7772 7773 7823
f 7823 7822 7772
f 7773 7774 7824
f 7824 7823 7773
f 7774 7775 7825
f 7825 7824 7774
f 7775 7776 7826
f 7826 7825 7775
f 7776 7777 7827
f 7827 7826 7776
f 7777 7778 7828
f 7828 7827 7777
f 7778 7779 7829
f 7829 7828 7778
f 7779 7780 7830
f 7830 7829 7779
f 7780 7781 7831
f 7831 7830 7780
f 7781 7782 7832
f 7832 7831 7781
f 7782 7783 7833
f 7833 7832 7782
f 7783 7784 7834
f 7834 7833 7783
f 7784 7785 7835
f 7835 7834 7784
f 7785 7786 7836
f 7836 7835 7785
f 7786 7787 7837
f 7837 7836 7786
f 7787 7788 7838
f 7838 7837 7787
f 7788 7789 7839
f 7839 7838 7788
f 7789 7790 7840
f 7840 7839 7789
f 7790 7791 7841
f 7841 7840 7790
f 7791 7792 7842
f 7842 7841 7791
f 7792 7793 7843
f 7843 7842 7792
f 7793 7794 7844
f 7844 7843 7793
f 7794 7795 7845
f 7845 7844 7794
f 7795 7796 7846
f 7846 7845 7795
f 7796 7797 7847
f 7847 7846 7796
f 7797 7798 7848
f 7848 7847 7797
f 7798 7799 7849
f 7849 7848 7798
f 7799 7800 7850
f 7850 7849 7799
f 7800 7751 7801
f 7801 7850 7800
f 7801 7802 7852
f 7852 7851 7801
f 7802 7803 7853
f 7853 7852 7802
f 7803 7804 7854
f 7854 7853 7803
f 7804 7805 7855
f 7855 7854 7804
f 7805 7806 7856
f 7856 7855 7805
f 7806 7807 7857
f 7857 7856 7806
f 7807 7808 7858
f 7858 7857 7807
f 7808 7809 7859
f 7859 7858 7808
f 7809 7810 7860
f 7860 7859 7809
f 7810 7811 7861
f 7861 7860 7810
f 7811 7812 7862
f 7862 7861 7811
f 7812 7813 7863
f 7863 7862 7812
f 7813 7814 7864
f 7864 7863 7813
f 7814 7815 7865
f 7865 7864 7814
f 7815 7816 7866
f 7866 7865 7815
f 7816 7817 7867
f 7867 7866 7816
f 7817 7818 7868
f 7868 7867 7817
f 7818 7819 7869
f 7869 7868 7818
f 7819 7820 7870
f 7870 7869 7819
f 7820 7821 7871
f 7871 7870 7820
f 7821 7822 7872
f 7872 7871 7821
f 7822 7823 7873
f 7873 7872 7822
f 7823 7824 7874
f 7874 7873 7823
f 7824 7825 7875
f 7875 7874 7824
f 7825 7826 7876
f 7876 7875 7825
f 7826 7827 7877
f 7877 7876 7826
f 7827 7828 7878
f 7878 7877 7827
f 7828 7829 7879
f 7879 7878 7828
f 7829 7830 7880
f 7880 7879 7829
f 7830 7831 7881
f 7881 7880 7830
f 7831 7832 7882
f 7882 7881 7831
f 7832 7833 7883
f 7883 7882 7832
f 7833 7834 7884
f 7884 7883 7833
f 7834 7835 7885
f 7885 7884 7834
f 7835 7836 7886
f 7886 7885 7835
f 7836 7837 7887
f 7887 7886 7836
f 7837 7838 7888
f 7888 7887 7837
f 7838 7839 7889
f 7889 7888 7838
f 7839 7840 7890
f 7890 7889 7839
f 7840 7841 7891
f 7891 7890 7840
f 7841 7842 7892
f 7892 7891 7841
f 7842 7843 7893
f 7893 7892 7842
f 7843 7844 7894
f 7894 7893 7843
f 7844 7845 7895
f 7895 7894 7844
f 7845 7846 7896
f 7896 7895 7845
f 7846 7847 7897
f 7897 7896 7846
f 7847 7848 7898
f 7898 7897 7847
f 7848 7849 7899
f 7899 7898 7848
f 7849 7850 7900
f 7900 7899 7849
f 7850 7801 7851
f 7851 7900 7850
f 7851 7852 7902
f 7902 7901 7851
f 7852 7853 7903
f 7903 7902 7852
f 7853 7854 7904
f 7904 7903 7853
f 7854 7855 7905
f 7905 7904 7854
f 7855 7856 7906
f 7906 7905 7855
f 7856 7857 7907
f 7907 7906 7856
f 7857 7858 7908
f 7908 7907 7857
f 7858 7859 7909
f 7909 7908 7858
f 7859 7860 7910
f 7910 7909 7859
f 7860 7861 7911
f 7911 7910 7860
f 7861 7862 7912
f 7912 7911 7861
f 7862 7863 7913
f 7913 7912 7862
f 7863 7864 7914
f 7914 7913 7863
f 7864 7865 7915
f 7915 7914 7864
f 7865 7866 7916
f 7916 7915 7865
f 7866 7867 7917
f 7917 7916 7866
f 7867 7868 7918
f 7918 7917 7867
f 7868 7869 7919
f 7919 7918 7868
f 7869 7870 7920
f 7920 7919 7869
f 7870 7871 7921
f 7921 7920 7870
f 7871 7872 7922
f 7922 7921 7871
f 7872 7873 7923
f 7923 7922 7872
f 7873 7874 7924
f 7924 7923 7873
f 7874 7875 7925
f 7925 7924 7874
f 7875 7876 7926
f 7926 7925 7875
f 7876 7877 7927
f 7927 7926 7876
f 7877 7878 7928
f 7928 7927 7877
f 7878 7879 7929
f 7929 7928 7878
f 7879 7880 7930
f 7930 7929 7879
f 7880 7881 7931
f 7931 7930 7880
f 7881 7882 7932
f 7932 7931 7881
f 7882 7883 7933
f 7933 7932 7882
f 7883 7884 7934
f 7934 7933 7883
f 7884 7885 7935
f 7935 7934 7884
f 7885 7886 7936
f 7936 7935 7885
f 7886 7887 7937
f 7937 7936 7886
f 7887 7888 7938
f 7938 7937 7887
f 7888 7889 7939
f 7939 7938 7888
f 7889 7890 7940
f 7940 7939 7889
f 7890 7891 7941
f 7941 7940 7890
f 7891 7892 7942
f 7942 7941 7891
f 7892 7893 7943
f 7943 7942 7892
f 7893 7894 7944
f 7944 7943 7893
f 7894 7895 7945
f 7945 7944 7894
f 7895 7896 7946
f 7946 7945 7895
f 7896 7897 7947
f 7947 7946 7896
f 7897 7898 7948
f 7948 7947 7897
f 7898 7899 7949
f 7949 7948 7898
f 7899 7900 7950
f 7950 7949 7899
f 7900 7851 7901
f 7901 7950 7900
f 7901 7902 7952
f 7952 7951 7901
f 7902 7903 7953
f 7953 7952 7902
f 7903 7904 7954
f 7954 7953 7903
f 7904 7905 7955
f 7955 7954 7904
f 7905 7906 7956
f 7956 7955 7905
f 7906 7907 7957
f 7957 7956 7906
f 7907 7908 7958
f 7958 7957 7907
f 7908 7909 7959
f 7959 7958 7908
f 7909 7910 7960
f 7960 7959 7909
f 7910 7911 7961
f 7961 7960 7910
f 7911 7912 7962
f 7962 7961 7911
f 7912 7913 7963
f 7963 7962 7912
f 7913 7914 7964
f 7964 7963 7913
f 7914 7915 7965
f 7965 7964 7914
f 7915 7916 7966
f 7966 7965 7915
f 7916 7917 7967
f 7967 7966 7916
f 7917 7918 7968
f 7968 7967 7917
f 7918 7919 7969
f 7969 7968 7918
f 7919 7920 7970
f 7970 7969 7919
f 7920 7921 7971
f 7971 7970 7920
f 7921 7922 7972
f 7972 7971 7921
f 7922 7923 7973
f 7973 7972 7922
f 7923 7924 7974
f 7974 7973 7923
f 7924 7925 7975
f 7975 7974 7924
f 7925 7926 7976
f 7976 7975 7925
f 7926 7927 7977
f 7977 7976 7926
f 7927 7928 7978
f 7978 7977 7927
f 7928 7929 7979
f 7979 7978 7928
f 7929 7930 7980
f 7980 7979 7929
f 7930 7931 7981
f 7981 7980 7930
f 7931 7932 7982
f 7982 7981 7931
f 7932 7933 7983
f 7983 7982 7932
f 7933 7934 7984
f 7984 7983 7933
f 7934 7935 7985
f 7985 7984 7934
f 7935 7936 7986
f 7986 7985 7935
f 7936 7937 7987
f 7987 7986 7936
f 7937 7938 7988
f 7988 7987 7937
f 7938 7939 7989
f 7989 7988 7938
f 7939 7940 7990
f 7990 7989 7939
f 7940 7941 7991
f 7991 7990 7940
f 7941 7942 7992
f 7992 7991 7941
f 7942 7943 7993
f 7993 7992 7942
f 7943 7944 7994
f 7994 7993 7943
f 7944 7945 7995
f 7995 7994 7944
f 7945 7946 7996
f 7996 7995 7945
f 7946 7947 7997
f 7997 7996 7946
f 7947 7948 7998
f 7998 7997 7947
f 7948 7949 7999
f 7999 7998 7948
f 7949 7950 8000
f 8000 7999 7949
f 7950 7901 7951
f 7951 8000 7950
f 7951 7952 8002
f 8002 8001 7951
f 7952 7953 8003
f 8003 8002 7952
f 7953 7954 8004
f 8004 8003 7953
f 7954 7955 8005
f 8005 8004 7954
f 7955 7956 8006
f 8006 8005 7955
f 7956 7957 8007
f 8007 8006 7956
f 7957 7958 8008
f 8008 8007 7957
f 7958 7959 8009
f 8009 8008 7958
f 7959 7960 8010
f 8010 8009 7959
f 7960 7961 8011
f 8011 8010 7960
f 7961 7962 8012
f 8012 8011 7961
f 7962 7963 8013
f 8013 8012 7962
f 7963 7964 8014
f 8014 8013 7963
f 7964 7965 8015
f 8015 8014 7964
f 7965 7966 8016
f 8016 8015 7965
f 7966 7967 8017
f 8017 8016 7966
f 7967 7968 8018
f 8018 8017 7967
f 7968 7969 8019
f 8019 8018 7968
f 7969 7970 8020
f 8020 8019 7969
f 7970 7971 8021
f 8021 8020 7970
f 7971 7972 8022
f 8022 8021 7971
f 7972 7973 8023
f 8023 8022 7972
f 7973 7974 8024
f 8024 8023 7973
f 7974 7975 8025
f 8025 8024 7974
f 7975 7976 8026
f 8026 8025 7975
f 7976 7977 8027
f 8027 8026 7976
f 7977 7978 8028
f 8028 8027 7977
f 7978 7979 8029
f 8029 8028 7978
f 7979 7980 8030
f 8030 8029 7979
f 7980 7981 8031
f 8031 8030 7980
f 7981 7982 8032
f 8032 8031 7981
f 7982 7983 8033
f 8033 8032 7982
f 7983 7984 8034
f 8034 8033 7983
f 7984 7985 8035
f 8035 8034 7984
f 7985 7986 8036
f 8036 8035 7985
f 7986 7987 8037
f 8037 8036 7986
f 7987 7988 8038
f 8038 8037 7987
f 7988 7989 8039
f 8039 8038 7988
f 7989 7990 8040
f 8040 8039 7989
f 7990 7991 8041
f 8041 8040 7990
f 7991 7992 8042
f 8042 8041 7991
f 7992 7993 8043
f 8043 8042 7992
f 7993 7994 8044
f 8044 8043 7993
f 7994 7995 8045
f 8045 8044 7994
f 7995 7996 8046
f 8046 8045 7995
f 7996 7997 8047
f 8047 8046 7996
f 7997 7998 8048
f 8048 8047 7997
f 7998 7999 8049
f 8049 8048 7998
f 7999 8000 8050
f 8050 8049 7999
f 8000 7951 8001
f 8001 8050 8000
f 8001 8002 8052
f 8052 8051 8001
f 8002 8003 8053
f 8053 8052 8002
f 8003 8004 8054
f 8054 8053 8003
f 8004 8005 8055
f 8055 8054 8004
f 8005 8006 8056
f 8056 8055 8005
f 8006 8007 8057
f 8057 8056 8006
f 8007 8008 8058
f 8058 8057 8007
f 8008 8009 8059
f 8059 8058 8008
f 8009 8010 8060
f 8060 8059 8009
f 8010 8011 8061
f 8061 8060 8010
f 8011 8012 8062
f 8062 8061 8011
f 8012 8013 8063
f 8063 8062 8012
f 8013 8014 8064
f 8064 8063 8013
f 8014 8015 8065
f 8065 8064 8014
f 8015 8016 8066
f 8066 8065 8015
f 8016 8017 8067
f 8067 8066 8016
f 8017 8018 8068
f 8068 8067 8017
f 8018 8019 8069
f 8069 8068 8018
f 8019 8020 8070
f 8070 8069 8019
f 8020 8021 8071
f 8071 8070 8020
f 8021 8022 8072
f 8072 8071 8021
f 8022 8023 8073
f 8073 8072 8022
f 8023 8024 8074
f 8074 8073 8023
f 8024 8025 8075
f 8075 8074 8024
f 8025 8026 8076
f 8076 8075 8025
f 8026 8027 8077
f 8077 8076 8026
f 8027 8028 8078
f 8078 8077 8027
f 8028 8029 8079
f 8079 8078 8028
f 8029 8030 8080
f 8080 8079 8029
f 8030 8031 8081
f 8081 8080 8030
f 8031 8032 8082
f 8082 8081 8031
f 8032 8033 8083
f 8083 8082 8032
f 8033 8034 8084
f 8084 8083 8033
f 8034 8035 8085
f 8085 8084 8034
f 8035 8036 8086
f 8086 8085 8035
f 8036 8037 8087
f 8087 8086 8036
f 8037 8038 8088
f 8088 8087 8037
f 8038 8039 8089
f 8089 8088 8038
f 8039 8040 8090
f 8090 8089 8039
f 8040 8041 8091
f 8091 8090 8040
f 8041 8042 8092
f 8092 8091 8041
f 8042 8043 8093
f 8093 8092 8042
f 8043 8044 8094
f 8094 8093 8043
f 8044 8045 8095
f 8095 8094 8044
f 8045 8046 8096
f 8096 8095 8045
f 8046 8047 8097
f 8097 8096 8046
f 8047 8048 8098
f 8098 8097 8047
f 8048 8049 8099
f 8099 8098 8048
f 8049 8050 8100
f 8100 8099 8049
f 8050 8001 8051
f 8051 8100 8050
f 8051 8052 8102
f 8102 8101 8051
f 8052 8053 8103
f 8103 8102 8052
f 8053 8054 8104
f 8104 8103 8053
f 8054 8055 8105
f 8105 8104 8054
f 8055 8056 8106
f 8106 8105 8055
f 8056 8057 8107
f 8107 8106 8056
f 8057 8058 8108
f 8108 8107 8057
f 8058 8059 8109
f 8109 8108 8058
f 8059 8060 8110
f 8110 8109 8059
f 8060 8061 8111
f 8111 8110 8060
f 8061 8062 8112
f 8112 8111 8061
f 8062 8063 8113
f 8113 8112 8062
f 8063 8064 8114
f 8114 8113 8063
f 8064 8065 8115
f 8115 8114 8064
f 8065 8066 8116
f 8116 8115 8065
f 8066 8067 8117
f 8117 8116 8066
f 8067 8068 8118
f 8118 8117 8067
f 8068 8069 8119
f 8119 8118 8068
f 8069 8070 8120
f 8120 8119 8069
f 8070 8071 8121
f 8121 8120 8070
f 8071 8072 8122
f 8122 8121 8071
f 8072 8073 8123
f 8123 8122 8072
f 8073 8074 8124
f 8124 8123 8073
f 8074 8075 8125
f 8125 8124 8074
f 8075 8076 8126
f 8126 8125 8075
f 8076 8077 8127
f 8127 8126 8076
f 8077 8078 8128
f 8128 8127 8077
f 8078 8079 8129
f 8129 8128 8078
f 8079 8080 8130
f 8130 8129 8079
f 8080 8081 8131
f 8131 8130 8080
f 8081 8082 8132
f 8132 8131 8081
f 8082 8083 8133
f 8133 8132 8082
f 8083 8084 8134
f 8134 8133 8083
f 8084 8085 8135
f 8135 8134 8084
f 8085 8086 8136
f 8136 8135 8085
f 8086 8087 8137
f 8137 8136 8086
f 8087 8088 8138
f 8138 8137 8087
f 8088 8089 8139
f 8139 8138 8088
f 8089 8090 8140
f 8140 8139 8089
f 8090 8091 8141
f 8141 8140 8090
f 8091 8092 8142
f 8142 8141 8091
f 8092 8093 8143
f 8143 8142 8092
f 8093 8094 8144
f 8144 8143 8093
f 8094 8095 8145
f 8145 8144 8094
f 8095 8096 8146
f 8146 8145 8095
f 8096 8097 8147
f 8147 8146 8096
f 8097 8098 8148
f 8148 8147 8097
f 8098 8099 8149
f 8149 8148 8098
f 8099 8100 8150
f 8150 8149 8099
f 8100 8051 8101
f 8101 8150 8100
f 8101 8102 8152
f 8152 8151 8101
f 8102 8103 8153
f 8153 8152 8102
f 8103 8104 8154
f 8154 8153 8103
f 8104 8105 8155
f 8155 8154 8104
f 8105 8106 8156
f 8156 8155 8105
f 8106 8107 8157
f 8157 8156 8106
f 8107 8108 8158
f 8158 8157 8107
f 8108 8109 8159
f 8159 8158 8108
f 8109 8110 8160
f 8160 8159 8109
f 8110 8111 8161
f 8161 8160 8110
f 8111 8112 8162
f 8162 8161 8111
f 8112 8113 8163
f 8163 8162 8112
f 8113 8114 8164
f 8164 8163 8113
f 8114 8115 8165
f 8165 8164 8114
f 8115 8116 8166
f 8166 8165 8115
f 8116 8117 8167
f 8167 8166 8116
f 8117 8118 8168
f 8168 8167 8117
f 8118 8119 8169
f 8169 8168 8118
f 8119 8120 8170
f 8170 8169 8119
f 8120 8121 8171
f 8171 8170 8120
f 8121 8122 8172
f 8172 8171 8121
f 8122 8123 8173
f 8173 8172 8122
f 8123 8124 8174
f 8174 8173 8123
f 8124 8125 8175
f 8175 8174 8124
f 8125 8126 8176
f 8176 8175 8125
f 8126 8127 8177
f 8177 8176 8126
f 8127 8128 8178
f 8178 8177 8127
f 8128 8129 8179
f 8179 8178 8128
f 8129 8130 8180
f 8180 8179 8129
f 8130 8131 8181
f 8181 8180 8130
f 8131 8132 8182
f 8182 8181 8131
f 8132 8133 8183
f 8183 8182 8132
f 8133 8134 8184
f 8184 8183 8133
f 8134 8135 8185
f 8185 8184 8134
f 8135 8136 8186
f 8186 8185 8135
f 8136 8137 8187
f 8187 8186 8136
f 8137 8138 8188
f 8188 8187 8137
f 8138 8139 8189
f 8189 8188 8138
f 8139 8140 8190
f 8190 8189 8139
f 8140 8141 8191
f 8191 8190 8140
f 8141 8142 8192
f 8192 8191 8141
f 8142 8143 8193
f 8193 8192 8142
f 8143 8144 8194
f 8194 8193 8143
f 8144 8145 8195
f 8195 8194 8144
f 8145 8146 8196
f 8196 8195 8145
f 8146 8147 8197
f 8197 8196 8146
f 8147 8148 8198
f 8198 8197 8147
f 8148 8149 8199
f 8199 8198 8148
f 8149 8150 8200
f 8200 8199 8149
f 8150 8101 8151
f 8151 8200 8150
f 8151 8152 8202
f 8202 8201 8151
f 8152 8153 8203
f 8203 8202 8152
f 8153 8154 8204
f 8204 8203 8153
f 8154 8155 8205
f 8205 8204 8154
f 8155 8156 8206
f 8206 8205 8155
f 8156 8157 8207
f 8207 8206 8156
f 8157 8158 8208
f 8208 8207 8157
f 8158 8159 8209
f 8209 8208 8158
f 8159 8160 8210
f 8210 8209 8159
f 8160 8161 8211
f 8211 8210 8160
f 8161 8162 8212
f 8212 8211 8161
f 8162 8163 8213
f 8213 8212 8162
f 8163 8164 8214
f 8214 8213 8163
f 8164 8165 8215
f 8215 8214 8164
f 8165 8166 8216
f 8216 8215 8165
f 8166 8167 8217
f 8217 8216 8166
f 8167 8168 8218
f 8218 8217 8167
f 8168 8169 8219
f 8219 8218 8168
f 8169 8170 8220
f 8220 8219 8169
f 8170 8171 8221
f 8221 8220 8170
f 8171 8172 8222
f 8222 8221 8171
f 8172 8173 8223
f 8223 8222 8172
f 8173 8174 8224
f 8224 8223 8173
f 8174 8175 8225
f 8225 8224 8174
f 8175 8176 8226
f 8226 8225 8175
f 8176 8177 8227
f 8227 8226 8176
f 8177 8178 8228
f 8228 8227 8177
f 8178 8179 8229
f 8229 8228 8178
f 8179 8180 8230
f 8230 8229 8179
f 8180 8181 8231
f 8231 8230 8180
f 8181 8182 8232
f 8232 8231 8181
f 8182 8183 8233
f 8233 8232 8182
f 8183 8184 8234
f 8234 8233 8183
f 8184 8185 8235
f 8235 8234 8184
f 8185 8186 8236
f 8236 8235 8185
f 8186 8187 8237
f 8237 8236 8186
f 8187 8188 8238
f 8238 8237 8187
f 8188 8189 8239
f 8239 8238 8188
f 8189 8190 8240
f 8240 8239 8189
f 8190 8191 8241
f 8241 8240 8190
f 8191 8192 8242
f 8242 8241 8191
f 8192 8193 8243
f 8243 8242 8192
f 8193 8194 8244
f 8244 8243 8193
f 8194 8195 8245
f 8245 8244 8194
f 8195 8196 8246
f 8246 8245 8195
f 8196 8197 8247
f 8247 8246 8196
f 8197 8198 8248
f 8248 8247 8197
f 8198 8199 8249
f 8249 8248 8198
f 8199 8200 8250
f 8250 8249 8199
f 8200 8151 8201
f 8201 8250 8200
f 8201 8202 8252
f 8252 8251 8201
f 8202 8203 8253
f 8253 8252 8202
f 8203 8204 8254
f 8254 8253 8203
f 8204 8205 8255
f 8255 8254 8204
f 8205 8206 8256
f 8256 8255 8205
f 8206 8207 8257
f 8257 8256 8206
f 8207 8208 8258
f 8258 8257 8207
f 8208 8209 8259
f 8259 8258 8208
f 8209 8210 8260
f 8260 8259 8209
f 8210 8211 8261
f 8261 8260 8210
f 8211 8212 8262
f 8262 8261 8211
f 8212 8213 8263
f 8263 8262 8212
f 8213 8214 8264
f 8264 8263 8213
f 8214 8215 8265
f 8265 8264 8214
f 8215 8216 8266
f 8266 8265 8215
f 8216 8217 8267
f 8267 8266 8216
f 8217 8218 8268
f 8268 8267 8217
f 8218 8219 8269
f 8269 8268 8218
f 8219 8220 8270
f 8270 8269 8219
f 8220 8221 8271
f 8271 8270 8220
f 8221 8222 8272
f 8272 8271 8221
f 8222 8223 8273
f 8273 8272 8222
f 8223 8224 8274
f 8274 8273 8223
f 8224 8225 8275
f 8275 8274 8224
f 8225 8226 8276
f 8276 8275 8225
f 8226 8227 8277
f 8277 8276 8226
f 8227 8228 8278
f 8278 8277 8227
f 8228 8229 8279
f 8279 8278 8228
f 8229 8230 8280
f 8280 8279 8229
f 8230 8231 8281
f 8281 8280 8230
f 8231 8232 8282
f 8282 8281 8231
f 8232 8233 8283
f 8283 8282 8232
f 8233 8234 8284
f 8284 8283 8233
f 8234 8235 8285
f 8285 8284 8234
f 8235 8236 8286
f 8286 8285 8235
f 8236 8237 8287
f 8287 8286 8236
f 8237 8238 8288
f 8288 8287 8237
f 8238 8239 8289
f 8289 8288 8238
f 8239 8240 8290
f 8290 8289 8239
f 8240 8241 8291
f 8291 8290 8240
f 8241 8242 8292
f 8292 8291 8241
f 8242 8243 8293
f 8293 8292 8242
f 8243 8244 8294
f 8294 8293 8243
f 8244 8245 8295
f 8295 8294 8244
f 8245 8246 8296
f 8296 8295 8245
f 8246 8247 8297
f 8297 8296 8246
f 8247 8248 8298
f 8298 8297 8247
f 8248 8249 8299
f 8299 8298 8248
f 8249 8250 8300
f 8300 8299 8249
f 8250 8201 8251
f 8251 8300 8250
f 8251 8252 8302
f 8302 8301 8251
f 8252 8253 8303
f 8303 8302 8252
f 8253 8254 8304
f 8304 8303 8253
f 8254 8255 8305
f 8305 8304 8254
f 8255 8256 8306
f 8306 8305 8255
f 8256 8257 8307
f 8307 8306 8256
f 8257 8258 8308
f 8308 8307 8257
f 8258 8259 8309
f 8309 8308 8258
f 8259 8260 8310
f 8310 8309 8259
f 8260 8261 8311
f 8311 8310 8260
f 8261 8262 8312
f 8312 8311 8261
f 8262 8263 8313
f 8313 8312 8262
f 8263 8264 8314
f 8314 8313 8263
f 8264 8265 8315
f 8315 8314 8264
f 8265 8266 8316
f 8316 8315 8265
f 8266 8267 8317
f 8317 8316 8266
f 8267 8268 8318
f 8318 8317 8267
f 8268 8269 8319
f 8319 8318 8268
f 8269 8270 8320
f 8320 8319 8269
f 8270 8271 8321
f 8321 8320 8270
f 8271 8272 8322
f 8322 8321 8271
f 8272 8273 8323
f 8323 8322 8272
f 8273 8274 8324
f 8324 8323 8273
f 8274 8275 8325
f 8325 8324 8274
f 8275 8276 8326
f 8326 8325 8275
f 8276 8277 8327
f 8327 8326 8276
f 8277 8278 8328
f 8328 8327 8277
f 8278 8279 8329
f 8329 8328 8278
f 8279 8280 8330
f 8330 8329 8279
f 8280 8281 8331
f 8331 8330 8280
f 8281 8282 8332
f 8332 8331 8281
f 8282 8283 8333
f 8333 8332 8282
f 8283 8284 8334
f 8334 8333 8283
f 8284 8285 8335
f 8335 8334 8284
f 8285 8286 8336
f 8336 8335 8285
f 8286 8287 8337
f 8337 8336 8286
f 8287 8288 8338
f 8338 8337 8287
f 8288 8289 8339
f 8339 8338 8288
f 8289 8290 8340
f 8340 8339 8289
f 8290 8291 8341
f 8341 8340 8290
f 8291 8292 8342
f 8342 8341 8291
f 8292 8293 8343
f 8343 8342 8292
f 8293 8294 8344
f 8344 8343 8293
f 8294 8295 8345
f 8345 8344 8294
f 8295 8296 8346
f 8346 8345 8295
f 8296 8297 8347
f 8347 8346 8296
f 8297 8298 8348
f 8348 8347 8297
f 8298 8299 8349
f 8349 8348 8298
f 8299 8300 8350
f 8350 8349 8299
f 8300 8251 8301
f 8301 8350 8300
f 8301 8302 8352
f 8352 8351 8301
f 8302 8303 8353
f 8353 8352 8302
f 8303 8304 8354
f 8354 8353 8303
f 8304 8305 8355
f 8355 8354 8304
f 8305 8306 8356
f 8356 8355 8305
f 8306 8307 8357
f 8357 8356 8306
f 8307 8308 8358
f 8358 8357 8307
f 8308 8309 8359
f 8359 8358 8308
f 8309 8310 8360
f 8360 8359 8309
f 8310 8311 8361
f 8361 8360 8310
f 8311 8312 8362
f 8362 8361 8311
f 8312 8313 8363
f 8363 8362 8312
f 8313 8314 8364
f 8364 8363 8313
f 8314 8315 8365
f 8365 8364 8314
f 8315 8316 8366
f 8366 8365 8315
f 8316 8317 8367
f 8367 8366 8316
f 8317 8318 8368
f 8368 8367 8317
f 8318 8319 8369
f 8369 8368 8318
f 8319 8320 8370
f 8370 8369 8319
f 8320 8321 8371
f 8371 8370 8320
f 8321 8322 8372
f 8372 8371 8321
f 8322 8323 8373
f 8373 8372 8322
f 8323 8324 8374
f 8374 8373 8323
f 8324 8325 8375
f 8375 8374 8324
f 8325 8326 8376
f 8376 8375 8325
f 8326 8327 8377
f 8377 8376 8326
f 8327 8328 8378
f 8378 8377 8327
f 8328 8329 8379
f 8379 8378 8328
f 8329 8330 8380
f 8380 8379 8329
f 8330 8331 8381
f 8381 8380 8330
f 8331 8332 8382
f 8382 8381 8331
f 8332 8333 8383
f 8383 8382 8332
f 8333 8334 8384
f 8384 8383 8333
f 8334 8335 8385
f 8385 8384 8334
f 8335 8336 8386
f 8386 8385 8335
f 8336 8337 8387
f 8387 8386 8336
f 8337 8338 8388
f 8388 8387 8337
f 8338 8339 8389
f 8389 8388 8338
f 8339 8340 8390
f 8390 8389 8339
f 8340 8341 8391
f 8391 8390 8340
f 8341 8342 8392
f 8392 8391 8341
f 8342 8343 8393
f 8393 8392 8342
f 8343 8344 8394
f 8394 8393 8343
f 8344 8345 8395
f 8395 8394 8344
f 8345 8346 8396
f 8396 8395 8345
f 8346 8347 8397
f 8397 8396 8346
f 8347 8348 8398
f 8398 8397 8347
f 8348 8349 8399
f 8399 8398 8348
f 8349 8350 8400
f 8400 8399 8349
f 8350 8301 8351
f 8351 8400 8350
f 8351 8352 8402
f 8402 8401 8351
f 8352 8353 8403
f 8403 8402 8352
f 8353 8354 8404
f 8404 8403 8353
f 8354 8355 8405
f 8405 8404 8354
f 8355 8356 8406
f 8406 8405 8355
f 8356 8357 8407
f 8407 8406 8356
f 8357 8358 8408
f 8408 8407 8357
f 8358 8359 8409
f 8409 8408 8358
f 8359 8360 8410
f 8410 8409 8359
f 8360 8361 8411
f 8411 8410 8360
f 8361 8362 8412
f 8412 8411 8361
f 8362 8363 8413
f 8413 8412 8362
f 8363 8364 8414
f 8414 8413 8363
f 8364 8365 8415
f 8415 8414 8364
f 8365 8366 8416
f 8416 8415 8365
f 8366 8367 8417
f 8417 8416 8366
f 8367 8368 8418
f 8418 8417 8367
f 8368 8369 8419
f 8419 8418 8368
f 8369 8370 8420
f 8420 8419 8369
f 8370 8371 8421
f 8421 8420 8370
f 8371 8372 8422
f 8422 8421 8371
f 8372 8373 8423
f 8423 8422 8372
f 8373 8374 8424
f 8424 8423 8373
f 8374 8375 8425
f 8425 8424 8374
f 8375 8376 8426
f 8426 8425 8375
f 8376 8377 8427
f 8427 8426 8376
f 8377 8378 8428
f 8428 8427 8377
f 8378 8379 8429
f 8429 8428 8378
f 8379 8380 8430
f 8430 8429 8379
f 8380 8381 8431
f 8431 8430 8380
f 8381 8382 8432
f 8432 8431 8381
f 8382 8383 8433
f 8433 8432 8382
f 8383 8384 8434
f 8434 8433 8383
f 8384 8385 8435
f 8435 8434 8384
f 8385 8386 8436
f 8436 8435 8385
f 8386 8387 8437
f 8437 8436 8386
f 8387 8388 8438
f 8438 8437 8387
f 8388 8389 8439
f 8439 8438 8388
f 8389 8390 8440
f 8440 8439 8389
f 8390 8391 8441
f 8441 8440 8390
f 8391 8392 8442
f 8442 8441 8391
f 8392 8393 8443
f 8443 8442 8392
f 8393 8394 8444
f 8444 8443 8393
f 8394 8395 8445
f 8445 8444 8394
f 8395 8396 8446
f 8446 8445 8395
f 8396 8397 8447
f 8447 8446 8396
f 8397 8398 8448
f 8448 8447 8397
f 8398 8399 8449
f 8449 8448 8398
f 8399 8400 8450
f 8450 8449 8399
f 8400 8351 8401
f 8401 8450 8400
f 8401 8402 8452
f 8452 8451 8401
f 8402 8403 8453
f 8453 8452 8402
f 8403 8404 8454
f 8454 8453 8403
f 8404 8405 8455
f 8455 8454 8404
f 8405 8406 8456
f 8456 8455 8405
f 8406 8407 8457
f 8457 8456 8406
f 8407 8408 8458
f 8458 8457 8407
f 8408 8409 8459
f 8459 8458 8408
f 8409 8410 8460
f 8460 8459 8409
f 8410 8411 8461
f 8461 8460 8410
f 8411 8412 8462
f 8462 8461 8411
f 8412 8413 8463
f 8463 8462 8412
f 8413 8414 8464
f 8464 8463 8413
f 8414 8415 8465
f 8465 8464 8414
f 8415 8416 8466
f 8466 8465 8415
f 8416 8417 8467
f 8467 8466 8416
f 8417 8418 8468
f 8468 8467 8417
f 8418 8419 8469
f 8469 8468 8418
f 8419 8420 8470
f 8470 8469 8419
f 8420 8421 8471
f 8471 8470 8420
f 8421 8422 8472
f 8472 8471 8421
f 8422 8423 8473
f 8473 8472 8422
f 8423 8424 8474
f 8474 8473 8423
f 8424 8425 8475
f 8475 8474 8424
f 8425 8426 8476
f 8476 8475 8425
f 8426 8427 8477
f 8477 8476 8426
f 8427 8428 8478
f 8478 8477 8427
f 8428 8429 8479
f 8479 8478 8428
f 8429 8430 8480
f 8480 8479 8429
f 8430 8431 8481
f 8481 8480 8430
f 8431 8432 8482
f 8482 8481 8431
f 8432 8433 8483
f 8483 8482 8432
f 8433 8434 8484
f 8484 8483 8433
f 8434 8435 8485
f 8485 8484 8434
f 8435 8436 8486
f 8486 8485 8435
f 8436 8437 8487
f 8487 8486 8436
f 8437 8438 8488
f 8488 8487 8437
f 8438 8439 8489
f 8489 8488 8438
f 8439 8440 8490
f 8490 8489 8439
f 8440 8441 8491
f 8491 8490 8440
f 8441 8442 8492
f 8492 8491 8441
f 8442 8443 8493
f 8493 8492 8442
f 8443 8444 8494
f 8494 8493 8443
f 8444 8445 8495
f 8495 8494 8444
f 8445 8446 8496
f 8496 8495 8445
f 8446 8447 8497
f 8497 8496 8446
f 8447 8448 8498
f 8498 8497 8447
f 8448 8449 8499
f 8499 8498 8448
f 8449 8450 8500
f 8500 8499 8449
f 8450 8401 8451
f 8451 8500 8450
f 8451 8452 8502
f 8502 8501 8451
f 8452 8453 8503
f 8503 8502 8452
f 8453 8454 8504
f 8504 8503 8453
f 8454 8455 8505
f 8505 8504 8454
f 8455 8456 8506
f 8506 8505 8455
f 8456 8457 8507
f 8507 8506 8456
f 8457 8458 8508
f 8508 8507 8457
f 8458 8459 8509
f 8509 8508 8458
f 8459 8460 8510
f 8510 8509 8459
f 8460 8461 8511
f 8511 8510 8460
f 8461 8462 8512
f 8512 8511 8461
f 8462 8463 8513
f 8513 8512 8462
f 8463 8464 8514
f 8514 8513 8463
f 8464 8465 8515
f 8515 8514 8464
f 8465 8466 8516
f 8516 8515 8465
f 8466 8467 8517
f 8517 8516 8466
f 8467 8468 8518
f 8518 8517 8467
f 8468 8469 8519
f 8519 8518 8468
f 8469 8470 8520
f 8520 8519 8469
f 8470 8471 8521
f 8521 8520 8470
f 8471 8472 8522
f 8522 8521 8471
f 8472 8473 8523
f 8523 8522 8472
f 8473 8474 8524
f 8524 8523 8473
f 8474 8475 8525
f 8525 8524 8474
f 8475 8476 8526
f 8526 8525 8475
f 8476 8477 8527
f 8527 8526 8476
f 8477 8478 8528
f 8528 8527 8477
f 8478 8479 8529
f 8529 8528 8478
f 8479 8480 8530
f 8530 8529 8479
f 8480 8481 8531
f 8531 8530 8480
f 8481 8482 8532
f 8532 8531 8481
f 8482 8483 8533
f 8533 8532 8482
f 8483 8484 8534
f 8534 8533 8483
f 8484 8485 8535
f 8535 8534 8484
f 8485 8486 8536
f 8536 8535 8485
f 8486 8487 8537
f 8537 8536 8486
f 8487 8488 8538
f 8538 8537 8487
f 8488 8489 8539
f 8539 8538 8488
f 8489 8490 8540
f 8540 8539 8489
f 8490 8491 8541
f 8541 8540 8490
f 8491 8492 8542
f 8542 8541 8491
f 8492 8493 8543
f 8543 8542 8492
f 8493 8494 8544
f 8544 8543 8493
f 8494 8495 8545
f 8545 8544 8494
f 8495 8496 8546
f 8546 8545 8495
f 8496 8497 8547
f 8547 8546 8496
f 8497 8498 8548
f 8548 8547 8497
f 8498 8499 8549
f 8549 8548 8498
f 8499 8500 8550
f 8550 8549 8499
f 8500 8451 8501
f 8501 8550 8500
f 8501 8502 8552
f 8552 8551 8501
f 8502 8503 8553
f 8553 8552 8502
f 8503 8504 8554
f 8554 8553 8503
f 8504 8505 8555
f 8555 8554 8504
f 8505 8506 8556
f 8556 8555 8505
f 8506 8507 8557
f 8557 8556 8506
f 8507 8508 8558
f 8558 8557 8507
f 8508 8509 8559
f 8559 8558 8508
f 8509 8510 8560
f 8560 8559 8509
f 8510 8511 8561
f 8561 8560 8510
f 8511 8512 8562
f 8562 8561 8511
f 8512 8513 8563
f 8563 8562 8512
f 8513 8514 8564
f 8564 8563 8513
f 8514 8515 8565
f 8565 8564 8514
f 8515 8516 8566
f 8566 8565 8515
f 8516 8517 8567
f 8567 8566 8516
f 8517 8518 8568
f 8568 8567 8517
f 8518 8519 8569
f 8569 8568 8518
f 8519 8520 8570
f 8570 8569 8519
f 8520 8521 8571
f 8571 8570 8520
f 8521 8522 8572
f 8572 8571 8521
f 8522 8523 8573
f 8573 8572 8522
f 8523 8524 8574
f 8574 8573 8523
f 8524 8525 8575
f 8575 8574 8524
f 8525 8526 8576
f 8576 8575 8525
f 8526 8527 8577
f 8577 8576 8526
f 8527 8528 8578
f 8578 8577 8527
f 8528 8529 8579
f 8579 8578 8528
f 8529 8530 8580
f 8580 8579 8529
f 8530 8531 8581
f 8581 8580 8530
f 8531 8532 8582
f 8582 8581 8531
f 8532 8533 8583
f 8583 8582 8532
f 8533 8534 8584
f 8584 8583 8533
f 8534 8535 8585
f 8585 8584 8534
f 8535 8536 8586
f 8586 8585 8535
f 8536 8537 8587
f 8587 8586 8536
f 8537 8538 8588
f 8588 8587 8537
f 8538 8539 8589
f 8589 8588 8538
f 8539 8540 8590
f 8590 8589 8539
f 8540 8541 8591
f 8591 8590 8540
f 8541 8542 8592
f 8592 8591 8541
f 8542 8543 8593
f 8593 8592 8542
f 8543 8544 8594
f 8594 8593 8543
f 8544 8545 8595
f 8595 8594 8544
f 8545 8546 8596
f 8596 8595 8545
f 8546 8547 8597
f 8597 8596 8546
f 8547 8548 8598
f 8598 8597 8547
f 8548 8549 8599
f 8599 8598 8548
f 8549 8550 8600
f 8600 8599 8549
f 8550 8501 8551
f 8551 8600 8550
f 8551 8552 8602
f 8602 8601 8551
f 8552 8553 8603
f 8603 8602 8552
f 8553 8554 8604
f 8604 8603 8553
f 8554 8555 8605
f 8605 8604 8554
f 8555 8556 8606
f 8606 8605 8555
f 8556 8557 8607
f 8607 8606 8556
f 8557 8558 8608
f 8608 8607 8557
f 8558 8559 8609
f 8609 8608 8558
f 8559 8560 8610
f 8610 8609 8559
f 8560 8561 8611
f 8611 8610 8560
f 8561 8562 8612
f 8612 8611 8561
f 8562 8563 8613
f 8613 8612 8562
f 8563 8564 8614
f 8614 8613 8563
f 8564 8565 8615
f 8615 8614 8564
f 8565 8566 8616
f 8616 8615 8565
f 8566 8567 8617
f 8617 8616 8566
f 8567 8568 8618
f 8618 8617 8567
f 8568 8569 8619
f 8619 8618 8568
f 8569 8570 8620
f 8620 8619 8569
f 8570 8571 8621
f 8621 8620 8570
f 8571 8572 8622
f 8622 8621 8571
f 8572 8573 8623
f 8623 8622 8572
f 8573 8574 8624
f 8624 8623 8573
f 8574 8575 8625
f 8625 8624 8574
f 8575 8576 8626
f 8626 8625 8575
f 8576 8577 8627
f 8627 8626 8576
f 8577 8578 8628
f 8628 8627 8577
f 8578 8579 8629
f 8629 8628 8578
f 8579 8580 8630
f 8630 8629 8579
f 8580 8581 8631
f 8631 8630 8580
f 8581 8582 8632
f 8632 8631 8581
f 8582 8583 8633
f 8633 8632 8582
f 8583 8584 8634
f 8634 8633 8583
f 8584 8585 8635
f 8635 8634 8584
f 8585 8586 8636
f 8636 8635 8585
f 8586 8587 8637
f 8637 8636 8586
f 8587 8588 8638
f 8638 8637 8587
f 8588 8589 8639
f 8639 8638 8588
f 8589 8590 8640
f 8640 8639 8589
f 8590 8591 8641
f 8641 8640 8590
f 8591 8592 8642
f 8642 8641 8591
f 8592 8593 8643
f 8643 8642 8592
f 8593 8594 8644
f 8644 8643 8593
f 8594 8595 8645
f 8645 8644 8594
f 8595 8596 8646
f 8646 8645 8595
f 8596 8597 8647
f 8647 8646 8596
f 8597 8598 8648
f 8648 8647 8597
f 8598 8599 8649
f 8649 8648 8598
f 8599 8600 8650
f 8650 8649 8599
f 8600 8551 8601
f 8601 8650 8600
f 8601 8602 8652
f 8652 8651 8601
f 8602 8603 8653
f 8653 8652 8602
f 8603 8604 8654
f 8654 8653 8603
f 8604 8605 8655
f 8655 8654 8604
f 8605 8606 8656
f 8656 8655 8605
f 8606 8607 8657
f 8657 8656 8606
f 8607 8608 8658
f 8658 8657 8607
f 8608 8609 8659
f 8659 8658 8608
f 8609 8610 8660
f 8660 8659 8609
f 8610 8611 8661
f 8661 8660 8610
f 8611 8612 8662
f 8662 8661 8611
f 8612 8613 8663
f 8663 8662 8612
f 8613 8614 8664
f 8664 8663 8613
f 8614 8615 8665
f 8665 8664 8614
f 8615 8616 8666
f 8666 8665 8615
f 8616 8617 8667
f 8667 8666 8616
f 8617 8618 8668
f 8668 8667 8617
f 8618 8619 8669
f 8669 8668 8618
f 8619 8620 8670
f 8670 8669 8619
f 8620 8621 8671
f 8671 8670 8620
f 8621 8622 8672
f 8672 8671 8621
f 8622 8623 8673
f 8673 8672 8622
f 8623 8624 8674
f 8674 8673 8623
f 8624 8625 8675
f 8675 8674 8624
f 8625 8626 8676
f 8676 8675 8625
f 8626 8627 8677
f 8677 8676 8626
f 8627 8628 8678
f 8678 8677 8627
f 8628 8629 8679
f 8679 8678 8628
f 8629 8630 8680
f 8680 8679 8629
f 8630 8631 8681
f 8681 8680 8630
f 8631 8632 8682
f 8682 8681 8631
f 8632 8633 8683
f 8683 8682 8632
f 8633 8634 8684
f 8684 8683 8633
f 8634 8635 8685
f 8685 8684 8634
f 8635 8636 8686
f 8686 8685 8635
f 8636 8637 8687
f 8687 8686 8636
f 8637 8638 8688
f 8688 8687 8637
f 8638 8639 8689
f 8689 8688 8638
f 8639 8640 8690
f 8690 8689 8639
f 8640 8641 8691
f 8691 8690 8640
f 8641 8642 8692
f 8692 8691 8641
f 8642 8643 8693
f 8693 8692 8642
f 8643 8644 8694
f 8694 8693 8643
f 8644 8645 8695
f 8695 8694 8644
f 8645 8646 8696
f 8696 8695 8645
f 8646 8647 8697
f 8697 8696 8646
f 8647 8648 8698
f 8698 8697 8647
f 8648 8649 8699
f 8699 8698 8648
f 8649 8650 8700
f 8700 8699 8649
f 8650 8601 8651
f 8651 8700 8650
f 8651 8652 8702
f 8702 8701 8651
f 8652 8653 8703
f 8703 8702 8652
f 8653 8654 8704
f 8704 8703 8653
f 8654 8655 8705
f 8705 8704 8654
f 8655 8656 8706
f 8706 8705 8655
f 8656 8657 8707
f 8707 8706 8656
f 8657 8658 8708
f 8708 8707 8657
f 8658 8659 8709
f 8709 8708 8658
f 8659 8660 8710
f 8710 8709 8659
f 8660 8661 8711
f 8711 8710 8660
f 8661 8662 8712
f 8712 8711 8661
f 8662 8663 8713
f 8713 8712 8662
f 8663 8664 8714
f 8714 8713 8663
f 8664 8665 8715
f 8715 8714 8664
f 8665 8666 8716
f 8716 8715 8665
f 8666 8667 8717
f 8717 8716 8666
f 8667 8668 8718
f 8718 8717 8667
f 8668 8669 8719
f 8719 8718 8668
f 8669 8670 8720
f 8720 8719 8669
f 8670 8671 8721
f 8721 8720 8670
f 8671 8672 8722
f 8722 8721 8671
f 8672 8673 8723
f 8723 8722 8672
f 8673 8674 8724
f 8724 8723 8673
f 8674 8675 8725
f 8725 8724 8674
f 8675 8676 8726
f 8726 8725 8675
f 8676 8677 8727
f 8727 8726 8676
f 8677 8678 8728
f 8728 8727 8677
f 8678 8679 8729
f 8729 8728 8678
f 8679 8680 8730
f 8730 8729 8679
f 8680 8681 8731
f 8731 8730 8680
f 8681 8682 8732
f 8732 8731 8681
f 8682 8683 8733
f 8733 8732 8682
f 8683 8684 8734
f 8734 8733 8683
f 8684 8685 8735
f 8735 8734 8684
f 8685 8686 8736
f 8736 8735 8685
f 8686 8687 8737
f 8737 8736 8686
f 8687 8688 8738
f 8738 8737 8687
f 8688 8689 8739
f 8739 8738 8688
f 8689 8690 8740
f 8740 8739 8689
f 8690 8691 8741
f 8741 8740 8690
f 8691 8692 8742
f 8742 8741 8691
f 8692 8693 8743
f 8743 8742 8692
f 8693 8694 8744
f 8744 8743 8693
f 8694 8695 8745
f 8745 8744 8694
f 8695 8696 8746
f 8746 8745 8695
f 8696 8697 8747
f 8747 8746 8696
f 8697 8698 8748
f 8748 8747 8697
f 8698 8699 8749
f 8749 8748 8698
f 8699 8700 8750
f 8750 8749 8699
f 8700 8651 8701
f 8701 8750 8700
f 8701 8702 8752
f 8752 8751 8701
f 8702 8703 8753
f 8753 8752 8702
f 8703 8704 8754
f 8754 8753 8703
f 8704 8705 8755
f 8755 8754 8704
f 8705 8706 8756
f 8756 8755 8705
f 8706 8707 8757
f 8757 8756 8706
f 8707 8708 8758
f 8758 8757 8707
f 8708 8709 8759
f 8759 8758 8708
f 8709 8710 8760
f 8760 8759 8709
f 8710 8711 8761
f 8761 8760 8710
f 8711 8712 8762
f 8762 8761 8711
f 8712 8713 8763
f 8763 8762 8712
f 8713 8714 8764
f 8764 8763 8713
f 8714 8715 8765
f 8765 8764 8714
f 8715 8716 8766
f 8766 8765 8715
f 8716 8717 8767
f 8767 8766 8716
f 8717 8718 8768
f 8768 8767 8717
f 8718 8719 8769
f 8769 8768 8718
f 8719 8720 8770
f 8770 8769 8719
f 8720 8721 8771
f 8771 8770 8720
f 8721 8722 8772
f 8772 8771 8721
f 8722 8723 8773
f 8773 8772 8722
f 8723 8724 8774
f 8774 8773 8723
f 8724 8725 8775
f 8775 8774 8724
f 8725 8726 8776
f 8776 8775 8725
f 8726 8727 8777
f 8777 8776 8726
f 8727 8728 8778
f 8778 8777 8727
f 8728 8729 8779
f 8779 8778 8728
f 8729 8730 8780
f 8780 8779 8729
f 8730 8731 8781
f 8781 8780 8730
f 8731 8732 8782
f 8782 8781 8731
f 8732 8733 8783
f 8783 8782 8732
f 8733 8734 8784
f 8784 8783 8733
f 8734 8735 8785
f 8785 8784 8734
f 8735 8736 8786
f 8786 8785 8735
f 8736 8737 8787
f 8787 8786 8736
f 8737 8738 8788
f 8788 8787 8737
f 8738 8739 8789
f 8789 8788 8738
f 8739 8740 8790
f 8790 8789 8739
f 8740 8741 8791
f 8791 8790 8740
f 8741 8742 8792
f 8792 8791 8741
f 8742 8743 8793
f 8793 8792 8742
f 8743 8744 8794
f 8794 8793 8743
f 8744 8745 8795
f 8795 8794 8744
f 8745 8746 8796
f 8796 8795 8745
f 8746 8747 8797
f 8797 8796 8746
f 8747 8748 8798
f 8798 8797 8747
f 8748 8749 8799
f 8799 8798 8748
f 8749 8750 8800
f 8800 8799 8749
f 8750 8701 8751
f 8751 8800 8750
f 8751 8752 8802
f 8802 8801 8751
f 8752 8753 8803
f 8803 8802 8752
f 8753 8754 8804
f 8804 8803 8753
f 8754 8755 8805
f 8805 8804 8754
f 8755 8756 8806
f 8806 8805 8755
f 8756 8757 8807
f 8807 8806 8756
f 8757 8758 8808
f 8808 8807 8757
f 8758 8759 8809
f 8809 8808 8758
f 8759 8760 8810
f 8810 8809 8759
f 8760 8761 8811
f 8811 8810 8760
f 8761 8762 8812
f 8812 8811 8761
f 8762 8763 8813
f 8813 8812 8762
f 8763 8764 8814
f 8814 8813 8763
f 8764 8765 8815
f 8815 8814 8764
f 8765 8766 8816
f 8816 8815 8765
f 8766 8767 8817
f 8817 8816 8766
f 8767 8768 8818
f 8818 8817 8767
f 8768 8769 8819
f 8819 8818 8768
f 8769 8770 8820
f 8820 8819 8769
f 8770 8771 8821
f 8821 8820 8770
f 8771 8772 8822
f 8822 8821 8771
f 8772 8773 8823
f 8823 8822 8772
f 8773 8774 8824
f 8824 8823 8773
f 8774 8775 8825
f 8825 8824 8774
f 8775 8776 8826
f 8826 8825 8775
f 8776 8777 8827
f 8827 8826 8776
f 8777 8778 8828
f 8828 8827 8777
f 8778 8779 8829
f 8829 8828 8778
f 8779 8780 8830
f 8830 8829 8779
f 8780 8781 8831
f 8831 8830 8780
f 8781 8782 8832
f 8832 8831 8781
f 8782 8783 8833
f 8833 8832 8782
f 8783 8784 8834
f 8834 8833 8783
f 8784 8785 8835
f 8835 8834 8784
f 8785 8786 8836
f 8836 8835 8785
f 8786 8787 8837
f 8837 8836 8786
f 8787 8788 8838
f 8838 8837 8787
f 8788 8789 8839
f 8839 8838 8788
f 8789 8790 8840
f 8840 8839 8789
f 8790 8791 8841
f 8841 8840 8790
f 8791 8792 8842
f 8842 8841 8791
f 8792 8793 8843
f 8843 8842 8792
f 8793 8794 8844
f 8844 8843 8793
f 8794 8795 8845
f 8845 8844 8794
f 8795 8796 8846
f 8846 8845 8795
f 8796 8797 8847
f 8847 8846 8796
f 8797 8798 8848
f 8848 8847 8797
f 8798 8799 8849
f 8849 8848 8798
f 8799 8800 8850
f 8850 8849 8799
f 8800 8751 8801
f 8801 8850 8800
f 8801 8802 8852
f 8852 8851 8801
f 8802 8803 8853
f 8853 8852 8802
f 8803 8804 8854
f 8854 8853 8803
f 8804 8805 8855
f 8855 8854 8804
f 8805 8806 8856
f 8856 8855 8805
f 8806 8807 8857
f 8857 8856 8806
f 8807 8808 8858
f 8858 8857 8807
f 8808 8809 8859
f 8859 8858 8808
f 8809 8810 8860
f 8860 8859 8809
f 8810 8811 8861
f 8861 8860 8810
f 8811 8812 8862
f 8862 8861 8811
f 8812 8813 8863
f 8863 8862 8812
f 8813 8814 8864
f 8864 8863 8813
f 8814 8815 8865
f 8865 8864 8814
f 8815 8816 8866
f 8866 8865 8815
f 8816 8817 8867
f 8867 8866 8816
f 8817 8818 8868
f 8868 8867 8817
f 8818 8819 8869
f 8869 8868 8818
f 8819 8820 8870
f 8870 8869 8819
f 8820 8821 8871
f 8871 8870 8820
f 8821 8822 8872
f 8872 8871 8821
f 8822 8823 8873
f 8873 8872 8822
f 8823 8824 8874
f 8874 8873 8823
f 8824 8825 8875
f 8875 8874 8824
f 8825 8826 8876
f 8876 8875 8825
f 8826 8827 8877
f 8877 8876 8826
f 8827 8828 8878
f 8878 8877 8827
f 8828 8829 8879
f 8879 8878 8828
f 8829 8830 8880
f 8880 8879 8829
f 8830 8831 8881
f 8881 8880 8830
f 8831 8832 8882
f 8882 8881 8831
f 8832 8833 8883
f 8883 8882 8832
f 8833 8834 8884
f 8884 8883 8833
f 8834 8835 8885
f 8885 8884 8834
f 8835 8836 8886
f 8886 8885 8835
f 8836 8837 8887
f 8887 8886 8836
f 8837 8838 8888
f 8888 8887 8837
f 8838 8839 8889
f 8889 8888 8838
f 8839 8840 8890
f 8890 8889 8839
f 8840 8841 8891
f 8891 8890 8840
f 8841 8842 8892
f 8892 8891 8841
f 8842 8843 8893
f 8893 8892 8842
f 8843 8844 8894
f 8894 8893 8843
f 8844 8845 8895
f 8895 8894 8844
f 8845 8846 8896
f 8896 8895 8845
f 8846 8847 8897
f 8897 8896 8846
f 8847 8848 8898
f 8898 8897 8847
f 8848 8849 8899
f 8899 8898 8848
f 8849 8850 8900
f 8900 8899 8849
f 8850 8801 8851
f 8851 8900 8850
f 8851 8852 8902
f 8902 8901 8851
f 8852 8853 8903
f 8903 8902 8852
f 8853 8854 8904
f 8904 8903 8853
f 8854 8855 8905
f 8905 8904 8854
f 8855 8856 8906
f 8906 8905 8855
f 8856 8857 8907
f 8907 8906 8856
f 8857 8858 8908
f 8908 8907 8857
f 8858 8859 8909
f 8909 8908 8858
f 8859 8860 8910
f 8910 8909 8859
f 8860 8861 8911
f 8911 8910 8860
f 8861 8862 8912
f 8912 8911 8861
f 8862 8863 8913
f 8913 8912 8862
f 8863 8864 8914
f 8914 8913 8863
f 8864 8865 8915
f 8915 8914 8864
f 8865 8866 8916
f 8916 8915 8865
f 8866 8867 8917
f 8917 8916 8866
f 8867 8868 8918
f 8918 8917 8867
f 8868 8869 8919
f 8919 8918 8868
f 8869 8870 8920
f 8920 8919 8869
f 8870 8871 8921
f 8921 8920 8870
f 8871 8872 8922
f 8922 8921 8871
f 8872 8873 8923
f 8923 8922 8872
f 8873 8874 8924
f 8924 8923 8873
f 8874 8875 8925
f 8925 8924 8874
f 8875 8876 8926
f 8926 8925 8875
f 8876 8877 8927
f 8927 8926 8876
f 8877 8878 8928
f 8928 8927 8877
f 8878 8879 8929
f 8929 8928 8878
f 8879 8880 8930
f 8930 8929 8879
f 8880 8881 8931
f 8931 8930 8880
f 8881 8882 8932
f 8932 8931 8881
f 8882 8883 8933
f 8933 8932 8882
f 8883 8884 8934
f 8934 8933 8883
f 8884 8885 8935
f 8935 8934 8884
f 8885 8886 8936
f 8936 8935 8885
f 8886 8887 8937
f 8937 8936 8886
f 8887 8888 8938
f 8938 8937 8887
f 8888 8889 8939
f 8939 8938 8888
f 8889 8890 8940
f 8940 8939 8889
f 8890 8891 8941
f 8941 8940 8890
f 8891 8892 8942
f 8942 8941 8891
f 8892 8893 8943
f 8943 8942 8892
f 8893 8894 8944
f 8944 8943 8893
f 8894 8895 8945
f 8945 8944 8894
f 8895 8896 8946
f 8946 8945 8895
f 8896 8897 8947
f 8947 8946 8896
f 8897 8898 8948
f 8948 8947 8897
f 8898 8899 8949
f 8949 8948 8898
f 8899 8900 8950
f 8950 8949 8899
f 8900 8851 8901
f 8901 8950 8900
f 8901 8902 8952
f 8952 8951 8901
f 8902 8903 8953
f 8953 8952 8902
f 8903 8904 8954
f 8954 8953 8903
f 8904 8905 8955
f 8955 8954 8904
f 8905 8906 8956
f 8956 8955 8905
f 8906 8907 8957
f 8957 8956 8906
f 8907 8908 8958
f 8958 8957 8907
f 8908 8909 8959
f 8959 8958 8908
f 8909 8910 8960
f 8960 8959 8909
f 8910 8911 8961
f 8961 8960 8910
f 8911 8912 8962
f 8962 8961 8911
f 8912 8913 8963
f 8963 8962 8912
f 8913 8914 8964
f 8964 8963 8913
f 8914 8915 8965
f 8965 8964 8914
f 8915 8916 8966
f 8966 8965 8915
f 8916 8917 8967
f 8967 8966 8916
f 8917 8918 8968
f 8968 8967 8917
f 8918 8919 8969
f 8969 8968 8918
f 8919 8920 8970
f 8970 8969 8919
f 8920 8921 8971
f 8971 8970 8920
f 8921 8922 8972
f 8972 8971 8921
f 8922 8923 8973
f 8973 8972 8922
f 8923 8924 8974
f 8974 8973 8923
f 8924 8925 8975
f 8975 8974 8924
f 8925 8926 8976
f 8976 8975 8925
f 8926 8927 8977
f 8977 8976 8926
f 8927 8928 8978
f 8978 8977 8927
f 8928 8929 8979
f 8979 8978 8928
f 8929 8930 8980
f 8980 8979 8929
f 8930 8931 8981
f 8981 8980 8930
f 8931 8932 8982
f 8982 8981 8931
f 8932 8933 8983
f 8983 8982 8932
f 8933 8934 8984
f 8984 8983 8933
f 8934 8935 8985
f 8985 8984 8934
f 8935 8936 8986
f 8986 8985 8935
f 8936 8937 8987
f 8987 8986 8936
f 8937 8938 8988
f 8988 8987 8937
f 8938 8939 8989
f 8989 8988 8938
f 8939 8940 8990
f 8990 8989 8939
f 8940 8941 8991
f 8991 8990 8940
f 8941 8942 8992
f 8992 8991 8941
f 8942 8943 8993
f 8993 8992 8942
f 8943 8944 8994
f 8994 8993 8943
f 8944 8945 8995
f 8995 8994 8944
f 8945 8946 8996
f 8996 8995 8945
f 8946 8947 8997
f 8997 8996 8946
f 8947 8948 8998
f 8998 8997 8947
f 8948 8949 8999
f 8999 8998 8948
f 8949 8950 9000
f 9000 8999 8949
f 8950 8901 8951
f 8951 9000 8950
f 8951 8952 9002
f 9002 9001 8951
f 8952 8953 9003
f 9003 9002 8952
f 8953 8954 9004
f 9004 9003 8953
f 8954 8955 9005
f 9005 9004 8954
f 8955 8956 9006
f 9006 9005 8955
f 8956 8957 9007
f 9007 9006 8956
f 8957 8958 9008
f 9008 9007 8957
f 8958 8959 9009
f 9009 9008 8958
f 8959 8960 9010
f 9010 9009 8959
f 8960 8961 9011
f 9011 9010 8960
f 8961 8962 9012
f 9012 9011 8961
f 8962 8963 9013
f 9013 9012 8962
f 8963 8964 9014
f 9014 9013 8963
f 8964 8965 9015
f 9015 9014 8964
f 8965 8966 9016
f 9016 9015 8965
f 8966 8967 9017
f 9017 9016 8966
f 8967 8968 9018
f 9018 9017 8967
f 8968 8969 9019
f 9019 9018 8968
f 8969 8970 9020
f 9020 9019 8969
f 8970 8971 9021
f 9021 9020 8970
f 8971 8972 9022
f 9022 9021 8971
f 8972 8973 9023
f 9023 9022 8972
f 8973 8974 9024
f 9024 9023 8973
f 8974 8975 9025
f 9025 9024 8974
f 8975 8976 9026
f 9026 9025 8975
f 8976 8977 9027
f 9027 9026 8976
f 8977 8978 9028
f 9028 9027 8977
f 8978 8979 9029
f 9029 9028 8978
f 8979 8980 9030
f 9030 9029 8979
f 8980 8981 9031
f 9031 9030 8980
f 8981 8982 9032
f 9032 9031 8981
f 8982 8983 9033
f 9033 9032 8982
f 8983 8984 9034
f 9034 9033 8983
f 8984 8985 9035
f 9035 9034 8984
f 8985 8986 9036
f 9036 9035 8985
f 8986 8987 9037
f 9037 9036 8986
f 8987 8988 9038
f 9038 9037 8987
f 8988 8989 9039
f 9039 9038 8988
f 8989 8990 9040
f 9040 9039 8989
f 8990 8991 9041
f 9041 9040 8990
f 8991 8992 9042
f 9042 9041 8991
f 8992 8993 9043
f 9043 9042 8992
f 8993 8994 9044
f 9044 9043 8993
f 8994 8995 9045
f 9045 9044 8994
f 8995 8996 9046
f 9046 9045 8995
f 8996 8997 9047
f 9047 9046 8996
f 8997 8998 9048
f 9048 9047 8997
f 8998 8999 9049
f 9049 9048 8998
f 8999 9000 9050
f 9050 9049 8999
f 9000 8951 9001
f 9001 9050 9000
f 9001 9002 9052
f 9052 9051 9001
f 9002 9003 9053
f 9053 9052 9002
f 9003 9004 9054
f 9054 9053 9003
f 9004 9005 9055
f 9055 9054 9004
f 9005 9006 9056
f 9056 9055 9005
f 9006 9007 9057
f 9057 9056 9006
f 9007 9008 9058
f 9058 9057 9007
f 9008 9009 9059
f 9059 9058 9008
f 9009 9010 9060
f 9060 9059 9009
f 9010 9011 9061
f 9061 9060 9010
f 9011 9012 9062
f 9062 9061 9011
f 9012 9013 9063
f 9063 9062 9012
f 9013 9014 9064
f 9064 9063 9013
f 9014 9015 9065
f 9065 9064 9014
f 9015 9016 9066
f 9066 9065 9015
f 9016 9017 9067
f 9067 9066 9016
f 9017 9018 9068
f 9068 9067 9017
f 9018 9019 9069
f 9069 9068 9018
f 9019 9020 9070
f 9070 9069 9019
f 9020 9021 9071
f 9071 9070 9020
f 9021 9022 9072
f 9072 9071 9021
f 9022 9023 9073
f 9073 9072 9022
f 9023 9024 9074
f 9074 9073 9023
f 9024 9025 9075
f 9075 9074 9024
f 9025 9026 9076
f 9076 9075 9025
f 9026 9027 9077
f 9077 9076 9026
f 9027 9028 9078
f 9078 9077 9027
f 9028 9029 9079
f 9079 9078 9028
f 9029 9030 9080
f 9080 9079 9029
f 9030 9031 9081
f 9081 9080 9030
f 9031 9032 9082
f 9082 9081 9031
f 9032 9033 9083
f 9083 9082 9032
f 9033 9034 9084
f 9084 9083 9033
f 9034 9035 9085
f 9085 9084 9034
f 9035 9036 9086
f 9086 9085 9035
f 9036 9037 9087
f 9087 9086 9036
f 9037 9038 9088
f 9088 9087 9037
f 9038 9039 9089
f 9089 9088 9038
f 9039 9040 9090
f 9090 9089 9039
f 9040 9041 9091
f 9091 9090 9040
f 9041 9042 9092
f 9092 9091 9041
f 9042 9043 9093
f 9093 9092 9042
f 9043 9044 9094
f 9094 9093 9043
f 9044 9045 9095
f 9095 9094 9044
f 9045 9046 9096
f 9096 9095 9045
f 9046 9047 9097
f 9097 9096 9046
f 9047 9048 9098
f 9098 9097 9047
f 9048 9049 9099
f 9099 9098 9048
f 9049 9050 9100
f 9100 9099 9049
f 9050 9001 9051
f 9051 9100 9050
f 9051 9052 9102
f 9102 9101 9051
f 9052 9053 9103
f 9103 9102 9052
f 9053 9054 9104
f 9104 9103 9053
f 9054 9055 9105
f 9105 9104 9054
f 9055 9056 9106
f 9106 9105 9055
f 9056 9057 9107
f 9107 9106 9056
f 9057 9058 9108
f 9108 9107 9057
f 9058 9059 9109
f 9109 9108 9058
f 9059 9060 9110
f 9110 9109 9059
f 9060 9061 9111
f 9111 9110 9060
f 9061 9062 9112
f 9112 9111 9061
f 9062 9063 9113
f 9113 9112 9062
f 9063 9064 9114
f 9114 9113 9063
f 9064 9065 9115
f 9115 9114 9064
f 9065 9066 9116
f 9116 9115 9065
f 9066 9067 9117
f 9117 9116 9066
f 9067 9068 9118
f 9118 9117 9067
f 9068 9069 9119
f 9119 9118 9068
f 9069 9070 9120
f 9120 9119 9069
f 9070 9071 9121
f 9121 9120 9070
f 9071 9072 9122
f 9122 9121 9071
f 9072 9073 9123
f 9123 9122 9072
f 9073 9074 9124
f 9124 9123 9073
f 9074 9075 9125
f 9125 9124 9074
f 9075 9076 9126
f 9126 9125 9075
f 9076 9077 9127
f 9127 9126 9076
f 9077 9078 9128
f 9128 9127 9077
f 9078 9079 9129
f 9129 9128 9078
f 9079 9080 9130
f 9130 9129 9079
f 9080 9081 9131
f 9131 9130 9080
f 9081 9082 9132
f 9132 9131 9081
f 9082 9083 9133
f 9133 9132 9082
f 9083 9084 9134
f 9134 9133 9083
f 9084 9085 9135
f 9135 9134 9084
f 9085 9086 9136
f 9136 9135 9085
f 9086 9087 9137
f 9137 9136 9086
f 9087 9088 9138
f 9138 9137 9087
f 9088 9089 9139
f 9139 9138 9088
f 9089 9090 9140
f 9140 9139 9089
f 9090 9091 9141
f 9141 9140 9090
f 9091 9092 9142
f 9142 9141 9091
f 9092 9093 9143
f 9143 9142 9092
f 9093 9094 9144
f 9144 9143 9093
f 9094 9095 9145
f 9145 9144 9094
f 9095 9096 9146
f 9146 9145 9095
f 9096 9097 9147
f 9147 9146 9096
f 9097 9098 9148
f 9148 9147 9097
f 9098 9099 9149
f 9149 9148 9098
f 9099 9100 9150
f 9150 9149 9099
f 9100 9051 9101
f 9101 9150 9100
f 9101 9102 9152
f 9152 9151 9101
f 9102 9103 9153
f 9153 9152 9102
f 9103 9104 9154
f 9154 9153 9103
f 9104 9105 9155
f 9155 9154 9104
f 9105 9106 9156
f 9156 9155 9105
f 9106 9107 9157
f 9157 9156 9106
f 9107 9108 9158
f 9158 9157 9107
f 9108 9109 9159
f 9159 9158 9108
f 9109 9110 9160
f 9160 9159 9109
f 9110 9111 9161
f 9161 9160 9110
f 9111 9112 9162
f 9162 9161 9111
f 9112 9113 9163
f 9163 9162 9112
f 9113 9114 9164
f 9164 9163 9113
f 9114 9115 9165
f 9165 9164 9114
f 9115 9116 9166
f 9166 9165 9115
f 9116 9117 9167
f 9167 9166 9116
f 9117 9118 9168
f 9168 9167 9117
f 9118 9119 9169
f 9169 9168 9118
f 9119 9120 9170
f 9170 9169 9119
f 9120 9121 9171
f 9171 9170 9120
f 9121 9122 9172
f 9172 9171 9121
f 9122 9123 9173
f 9173 9172 9122
f 9123 9124 9174
f 9174 9173 9123
f 9124 9125 9175
f 9175 9174 9124
f 9125 9126 9176
f 9176 9175 9125
f 9126 9127 9177
f 9177 9176 9126
f 9127 9128 9178
f 9178 9177 9127
f 9128 9129 9179
f 9179 9178 9128
f 9129 9130 9180
f 9180 9179 9129
f 9130 9131 9181
f 9181 9180 9130
f 9131 9132 9182
f 9182 9181 9131
f 9132 9133 9183
f 9183 9182 9132
f 9133 9134 9184
f 9184 9183 9133
f 9134 9135 9185
f 9185 9184 9134
f 9135 9136 9186
f 9186 9185 9135
f 9136 9137 9187
f 9187 9186 9136
f 9137 9138 9188
f 9188 9187 9137
f 9138 9139 9189
f 9189 9188 9138
f 9139 9140 9190
f 9190 9189 9139
f 9140 9141 9191
f 9191 9190 9140
f 9141 9142 9192
f 9192 9191 9141
f 9142 9143 9193
f 9193 9192 9142
f 9143 9144 9194
f 9194 9193 9143
f 9144 9145 9195
f 9195 9194 9144
f 9145 9146 9196
f 9196 9195 9145
f 9146 9147 9197
f 9197 9196 9146
f 9147 9148 9198
f 9198 9197 9147
f 9148 9149 9199
f 9199 9198 9148
f 9149 9150 9200
f 9200 9199 9149
f 9150 9101 9151
f 9151 9200 9150
f 9151 9152 9202
f 9202 9201 9151
f 9152 9153 9203
f 9203 9202 9152
f 9153 9154 9204
f 9204 9203 9153
f 9154 9155 9205
f 9205 9204 9154
f 9155 9156 9206
f 9206 9205 9155
f 9156 9157 9207
f 9207 9206 9156
f 9157 9158 9208
f 9208 9207 9157
f 9158 9159 9209
f 9209 9208 9158
f 9159 9160 9210
f 9210 9209 9159
f 9160 9161 9211
f 9211 9210 9160
f 9161 9162 9212
f 9212 9211 9161
f 9162 9163 9213
f 9213 9212 9162
f 9163 9164 9214
f 9214 9213 9163
f 9164 9165 9215
f 9215 9214 9164
f 9165 9166 9216
f 9216 9215 9165
f 9166 9167 9217
f 9217 9216 9166
f 9167 9168 9218
f 9218 9217 9167
f 9168 9169 9219
f 9219 9218 9168
f 9169 9170 9220
f 9220 9219 9169
f 9170 9171 9221
f 9221 9220 9170
f 9171 9172 9222
f 9222 9221 9171
f 9172 9173 9223
f 9223 9222 9172
f 9173 9174 9224
f 9224 9223 9173
f 9174 9175 9225
f 9225 9224 9174
f 9175 9176 9226
f 9226 9225 9175
f 9176 9177 9227
f 9227 9226 9176
f 9177 9178 9228
f 9228 9227 9177
f 9178 9179 9229
f 9229 9228 9178
f 9179 9180 9230
f 9230 9229 9179
f 9180 9181 9231
f 9231 9230 9180
f 9181 9182 9232
f 9232 9231 9181
f 9182 9183 9233
f 9233 9232 9182
f 9183 9184 9234
f 9234 9233 9183
f 9184 9185 9235
f 9235 9234 9184
f 9185 9186 9236
f 9236 9235 9185
f 9186 9187 9237
f 9237 9236 9186
f 9187 9188 9238
f 9238 9237 9187
f 9188 9189 9239
f 9239 9238 9188
f 9189 9190 9240
f 9240 9239 9189
f 9190 9191 9241
f 9241 9240 9190
f 9191 9192 9242
f 9242 9241 9191
f 9192 9193 9243
f 9243 9242 9192
f 9193 9194 9244
f 9244 9243 9193
f 9194 9195 9245
f 9245 9244 9194
f 9195 9196 9246
f 9246 9245 9195
f 9196 9197 9247
f 9247 9246 9196
f 9197 9198 9248
f 9248 9247 9197
f 9198 9199 9249
f 9249 9248 9198
f 9199 9200 9250
f 9250 9249 9199
f 9200 9151 9201
f 9201 9250 9200
f 9201 9202 9252
f 9252 9251 9201
f 9202 9203 9253
f 9253 9252 9202
f 9203 9204 9254
f 9254 9253 9203
f 9204 9205 9255
f 9255 9254 9204
f 9205 9206 9256
f 9256 9255 9205
f 9206 9207 9257
f 9257 9256 9206
f 9207 9208 9258
f 9258 9257 9207
f 9208 9209 9259
f 9259 9258 9208
f 9209 9210 9260
f 9260 9259 9209
f 9210 9211 9261
f 9261 9260 9210
f 9211 9212 9262
f 9262 9261 9211
f 9212 9213 9263
f 9263 9262 9212
f 9213 9214 9264
f 9264 9263 9213
f 9214 9215 9265
f 9265 9264 9214
f 9215 9216 9266
f 9266 9265 9215
f 9216 9217 9267
f 9267 9266 9216
f 9217 9218 9268
f 9268 9267 9217
f 9218 9219 9269
f 9269 9268 9218
f 9219 9220 9270
f 9270 9269 9219
f 9220 9221 9271
f 9271 9270 9220
f 9221 9222 9272
f 9272 9271 9221
f 9222 9223 9273
f 9273 9272 9222
f 9223 9224 9274
f 9274 9273 9223
f 9224 9225 9275
f 9275 9274 9224
f 9225 9226 9276
f 9276 9275 9225
f 9226 9227 9277
f 9277 9276 9226
f 9227 9228 9278
f 9278 9277 9227
f 9228 9229 9279
f 9279 9278 9228
f 9229 9230 9280
f 9280 9279 9229
f 9230 9231 9281
f 9281 9280 9230
f 9231 9232 9282
f 9282 9281 9231
f 9232 9233 9283
f 9283 9282 9232
f 9233 9234 9284
f 9284 9283 9233
f 9234 9235 9285
f 9285 9284 9234
f 9235 9236 9286
f 9286 9285 9235
f 9236 9237 9287
f 9287 9286 9236
f 9237 9238 9288
f 9288 9287 9237
f 9238 9239 9289
f 9289 9288 9238
f 9239 9240 9290
f 9290 9289 9239
f 9240 9241 9291
f 9291 9290 9240
f 9241 9242 9292
f 9292 9291 9241
f 9242 9243 9293
f 9293 9292 9242
f 9243 9244 9294
f 9294 9293 9243
f 9244 9245 9295
f 9295 9294 9244
f 9245 9246 9296
f 9296 9295 9245
f 9246 9247 9297
f 9297 9296 9246
f 9247 9248 9298
f 9298 9297 9247
f 9248 9249 9299
f 9299 9298 9248
f 9249 9250 9300
f 9300 9299 9249
f 9250 9201 9251
f 9251 9300 9250
f 9251 9252 9302
f 9302 9301 9251
f 9252 9253 9303
f 9303 9302 9252
f 9253 9254 9304
f 9304 9303 9253
f 9254 9255 9305
f 9305 9304 9254
f 9255 9256 9306
f 9306 9305 9255
f 9256 9257 9307
f 9307 9306 9256
f 9257 9258 9308
f 9308 9307 9257
f 9258 9259 9309
f 9309 9308 9258
f 9259 9260 9310
f 9310 9309 9259
f 9260 9261 9311
f 9311 9310 9260
f 9261 9262 9312
f 9312 9311 9261
f 9262 9263 9313
f 9313 9312 9262
f 9263 9264 9314
f 9314 9313 9263
f 9264 9265 9315
f 9315 9314 9264
f 9265 9266 9316
f 9316 9315 9265
f 9266 9267 9317
f 9317 9316 9266
f 9267 9268 9318
f 9318 9317 9267
f 9268 9269 9319
f 9319 9318 9268
f 9269 9270 9320
f 9320 9319 9269
f 9270 9271 9321
f 9321 9320 9270
f 9271 9272 9322
f 9322 9321 9271
f 9272 9273 9323
f 9323 9322 9272
f 9273 9274 9324
f 9324 9323 9273
f 9274 9275 9325
f 9325 9324 9274
f 9275 9276 9326
f 9326 9325 9275
f 9276 9277 9327
f 9327 9326 9276
f 9277 9278 9328
f 9328 9327 9277
f 9278 9279 9329
f 9329 9328 9278
f 9279 9280 9330
f 9330 9329 9279
f 9280 9281 9331
f 9331 9330 9280
f 9281 9282 9332
f 9332 9331 9281
f 9282 9283 9333
f 9333 9332 9282
f 9283 9284 9334
f 9334 9333 9283
f 9284 9285 9335
f 9335 9334 9284
f 9285 9286 9336
f 9336 9335 9285
f 9286 9287 9337
f 9337 9336 9286
f 9287 9288 9338
f 9338 9337 9287
f 9288 9289 9339
f 9339 9338 9288
f 9289 9290 9340
f 9340 9339 9289
f 9290 9291 9341
f 9341 9340 9290
f 9291 9292 9342
f 9342 9341 9291
f 9292 9293 9343
f 9343 9342 9292
f 9293 9294 9344
f 9344 9343 9293
f 9294 9295 9345
f 9345 9344 9294
f 9295 9296 9346
f 9346 9345 9295
f 9296 9297 9347
f 9347 9346 9296
f 9297 9298 9348
f 9348 9347 9297
f 9298 9299 9349
f 9349 9348 9298
f 9299 9300 9350
f 9350 9349 9299
f 9300 9251 9301
f 9301 9350 9300
f 9301 9302 9352
f 9352 9351 9301
f 9302 9303 9353
f 9353 9352 9302
f 9303 9304 9354
f 9354 9353 9303
f 9304 9305 9355
f 9355 9354 9304
f 9305 9306 9356
f 9356 9355 9305
f 9306 9307 9357
f 9357 9356 9306
f 9307 9308 9358
f 9358 9357 9307
f 9308 9309 9359
f 9359 9358 9308
f 9309 9310 9360
f 9360 9359 9309
f 9310 9311 9361
f 9361 9360 9310
f 9311 9312 9362
f 9362 9361 9311
f 9312 9313 9363
f 9363 9362 9312
f 9313 9314 9364
f 9364 9363 9313
f 9314 9315 9365
f 9365 9364 9314
f 9315 9316 9366
f 9366 9365 9315
f 9316 9317 9367
f 9367 9366 9316
f 9317 9318 9368
f 9368 9367 9317
f 9318 9319 9369
f 9369 9368 9318
f 9319 9320 9370
f 9370 9369 9319
f 9320 9321 9371
f 9371 9370 9320
f 9321 9322 9372
f 9372 9371 9321
f 9322 9323 9373
f 9373 9372 9322
f 9323 9324 9374
f 9374 9373 9323
f 9324 9325 9375
f 9375 9374 9324
f 9325 9326 9376
f 9376 9375 9325
f 9326 9327 9377
f 9377 9376 9326
f 9327 9328 9378
f 9378 9377 9327
f 9328 9329 9379
f 9379 9378 9328
f 9329 9330 9380
f 9380 9379 9329
f 9330 9331 9381
f 9381 9380 9330
f 9331 9332 9382
f 9382 9381 9331
f 9332 9333 9383
f 9383 9382 9332
f 9333 9334 9384
f 9384 9383 9333
f 9334 9335 9385
f 9385 9384 9334
f 9335 9336 9386
f 9386 9385 9335
f 9336 9337 9387
f 9387 9386 9336
f 9337 9338 9388
f 9388 9387 9337
f 9338 9339 9389
f 9389 9388 9338
f 9339 9340 9390
f 9390 9389 9339
f 9340 9341 9391
f 9391 9390 9340
f 9341 9342 9392
f 9392 9391 9341
f 9342 9343 9393
f 9393 9392 9342
f 9343 9344 9394
f 9394 9393 9343
f 9344 9345 9395
f 9395 9394 9344
f 9345 9346 9396
f 9396 9395 9345
f 9346 9347 9397
f 9397 9396 9346
f 9347 9348 9398
f 9398 9397 9347
f 9348 9349 9399
f 9399 9398 9348
f 9349 9350 9400
f 9400 9399 9349
f 9350 9301 9351
f 9351 9400 9350
f 9351 9352 9402
f 9402 9401 9351
f 9352 9353 9403
f 9403 9402 9352
f 9353 9354 9404
f 9404 9403 9353
f 9354 9355 9405
f 9405 9404 9354
f 9355 9356 9406
f 9406 9405 9355
f 9356 9357 9407
f 9407 9406 9356
f 9357 9358 9408
f 9408 9407 9357
f 9358 9359 9409
f 9409 9408 9358
f 9359 9360 9410
f 9410 9409 9359
f 9360 9361 9411
f 9411 9410 9360
f 9361 9362 9412
f 9412 9411 9361
f 9362 9363 9413
f 9413 9412 9362
f 9363 9364 9414
f 9414 9413 9363
f 9364 9365 9415
f 9415 9414 9364
f 9365 9366 9416
f 9416 9415 9365
f 9366 9367 9417
f 9417 9416 9366
f 9367 9368 9418
f 9418 9417 9367
f 9368 9369 9419
f 9419 9418 9368
f 9369 9370 9420
f 9420 9419 9369
f 9370 9371 9421
f 9421 9420 9370
f 9371 9372 9422
f 9422 9421 9371
f 9372 9373 9423
f 9423 9422 9372
f 9373 9374 9424
f 9424 9423 9373
f 9374 9375 9425
f 9425 9424 9374
f 9375 9376 9426
f 9426 9425 9375
f 9376 9377 9427
f 9427 9426 9376
f 9377 9378 9428
f 9428 9427 9377
f 9378 9379 9429
f 9429 9428 9378
f 9379 9380 9430
f 9430 9429 9379
f 9380 9381 9431
f 9431 9430 9380
f 9381 9382 9432
f 9432 9431 9381
f 9382 9383 9433
f 9433 9432 9382
f 9383 9384 9434
f 9434 9433 9383
f 9384 9385 9435
f 9435 9434 9384
f 9385 9386 9436
f 9436 9435 9385
f 9386 9387 9437
f 9437 9436 9386
f 9387 9388 9438
f 9438 9437 9387
f 9388 9389 9439
f 9439 9438 9388
f 9389 9390 9440
f 9440 9439 9389
f 9390 9391 9441
f 9441 9440 9390
f 9391 9392 9442
f 9442 9441 9391
f 9392 9393 9443
f 9443 9442 9392
f 9393 9394 9444
f 9444 9443 9393
f 9394 9395 9445
f 9445 9444 9394
f 9395 9396 9446
f 9446 9445 9395
f 9396 9397 9447
f 9447 9446 9396
f 9397 9398 9448
f 9448 9447 9397
f 9398 9399 9449
f 9449 9448 9398
f 9399 9400 9450
f 9450 9449 9399
f 9400 9351 9401
f 9401 9450 9400
f 9401 9402 9452
f 9452 9451 9401
f 9402 9403 9453
f 9453 9452 9402
f 9403 9404 9454
f 9454 9453 9403
f 9404 9405 9455
f 9455 9454 9404
f 9405 9406 9456
f 9456 9455 9405
f 9406 9407 9457
f 9457 9456 9406
f 9407 9408 9458
f 9458 9457 9407
f 9408 9409 9459
f 9459 9458 9408
f 9409 9410 9460
f 9460 9459 9409
f 9410 9411 9461
f 9461 9460 9410
f 9411 9412 9462
f 9462 9461 9411
f 9412 9413 9463
f 9463 9462 9412
f 9413 9414 9464
f 9464 9463 9413
f 9414 9415 9465
f 9465 9464 9414
f 9415 9416 9466
f 9466 9465 9415
f 9416 9417 9467
f 9467 9466 9416
f 9417 9418 9468
f 9468 9467 9417
f 9418 9419 9469
f 9469 9468 9418
f 9419 9420 9470
f 9470 9469 9419
f 9420 9421 9471
f 9471 9470 9420
f 9421 9422 9472
f 9472 9471 9421
f 9422 9423 9473
f 9473 9472 9422
f 9423 9424 9474
f 9474 9473 9423
f 9424 9425 9475
f 9475 9474 9424
f 9425 9426 9476
f 9476 9475 9425
f 9426 9427 9477
f 9477 9476 9426
f 9427 9428 9478
f 9478 9477 9427
f 9428 9429 9479
f 9479 9478 9428
f 9429 9430 9480
f 9480 9479 9429
f 9430 9431 9481
f 9481 9480 9430
f 9431 9432 9482
f 9482 9481 9431
f 9432 9433 9483
f 9483 9482 9432
f 9433 9434 9484
f 9484 9483 9433
f 9434 9435 9485
f 9485 9484 9434
f 9435 9436 9486
f 9486 9485 9435
f 9436 9437 9487
f 9487 9486 9436
f 9437 9438 9488
f 9488 9487 9437
f 9438 9439 9489
f 9489 9488 9438
f 9439 9440 9490
f 9490 9489 9439
f 9440 9441 9491
f 9491 9490 9440
f 9441 9442 9492
f 9492 9491 9441
f 9442 9443 9493
f 9493 9492 9442
f 9443 9444 9494
f 9494 9493 9443
f 9444 9445 9495
f 9495 9494 9444
f 9445 9446 9496
f 9496 9495 9445
f 9446 9447 9497
f 9497 9496 9446
f 9447 9448 9498
f 9498 9497 9447
f 9448 9449 9499
f 9499 9498 9448
f 9449 9450 9500
f 9500 9499 9449
f 9450 9401 9451
f 9451 9500 9450
f 9451 9452 9502
f 9502 9501 9451
f 9452 9453 9503
f 9503 9502 9452
f 9453 9454 9504
f 9504 9503 9453
f 9454 9455 9505
f 9505 9504 9454
f 9455 9456 9506
f 9506 9505 9455
f 9456 9457 9507
f 9507 9506 9456
f 9457 9458 9508
f 9508 9507 9457
f 9458 9459 9509
f 9509 9508 9458
f 9459 9460 9510
f 9510 9509 9459
f 9460 9461 9511
f 9511 9510 9460
f 9461 9462 9512
f 9512 9511 9461
f 9462 9463 9513
f 9513 9512 9462
f 9463 9464 9514
f 9514 9513 9463
f 9464 9465 9515
f 9515 9514 9464
f 9465 9466 9516
f 9516 9515 9465
f 9466 9467 9517
f 9517 9516 9466
f 9467 9468 9518
f 9518 9517 9467
f 9468 9469 9519
f 9519 9518 9468
f 9469 9470 9520
f 9520 9519 9469
f 9470 9471 9521
f 9521 9520 9470
f 9471 9472 9522
f 9522 9521 9471
f 9472 9473 9523
f 9523 9522 9472
f 9473 9474 9524
f 9524 9523 9473
f 9474 9475 9525
f 9525 9524 9474
f 9475 9476 9526
f 9526 9525 9475
f 9476 9477 9527
f 9527 9526 9476
f 9477 9478 9528
f 9528 9527 9477
f 9478 9479 9529
f 9529 9528 9478
f 9479 9480 9530
f 9530 9529 9479
f 9480 9481 9531
f 9531 9530 9480
f 9481 9482 9532
f 9532 9531 9481
f 9482 9483 9533
f 9533 9532 9482
f 9483 9484 9534
f 9534 9533 9483
f 9484 9485 9535
f 9535 9534 9484
f 9485 9486 9536
f 9536 9535 9485
f 9486 9487 9537
f 9537 9536 9486
f 9487 9488 9538
f 9538 9537 9487
f 9488 9489 9539
f 9539 9538 9488
f 9489 9490 9540
f 9540 9539 9489
f 9490 9491 9541
f 9541 9540 9490
f 9491 9492 9542
f 9542 9541 9491
f 9492 9493 9543
f 9543 9542 9492
f 9493 9494 9544
f 9544 9543 9493
f 9494 9495 9545
f 9545 9544 9494
f 9495 9496 9546
f 9546 9545 9495
f 9496 9497 9547
f 9547 9546 9496
f 9497 9498 9548
f 9548 9547 9497
f 9498 9499 9549
f 9549 9548 9498
f 9499 9500 9550
f 9550 9549 9499
f 9500 9451 9501
f 9501 9550 9500
f 9501 9502 9552
f 9552 9551 9501
f 9502 9503 9553
f 9553 9552 9502
f 9503 9504 9554
f 9554 9553 9503
f 9504 9505 9555
f 9555 9554 9504
f 9505 9506 9556
f 9556 9555 9505
f 9506 9507 9557
f 9557 9556 9506
f 9507 9508 9558
f 9558 9557 9507
f 9508 9509 9559
f 9559 9558 9508
f 9509 9510 9560
f 9560 9559 9509
f 9510 9511 9561
f 9561 9560 9510
f 9511 9512 9562
f 9562 9561 9511
f 9512 9513 9563
f 9563 9562 9512
f 9513 9514 9564
f 9564 9563 9513
f 9514 9515 9565
f 9565 9564 9514
f 9515 9516 9566
f 9566 9565 9515
f 9516 9517 9567
f 9567 9566 9516
f 9517 9518 9568
f 9568 9567 9517
f 9518 9519 9569
f 9569 9568 9518
f 9519 9520 9570
f 9570 9569 9519
f 9520 9521 9571
f 9571 9570 9520
f 9521 9522 9572
f 9572 9571 9521
f 9522 9523 9573
f 9573 9572 9522
f 9523 9524 9574
f 9574 9573 9523
f 9524 9525 9575
f 9575 9574 9524
f 9525 9526 9576
f 9576 9575 9525
f 9526 9527 9577
f 9577 9576 9526
f 9527 9528 9578
f 9578 9577 9527
f 9528 9529 9579
f 9579 9578 9528
f 9529 9530 9580
f 9580 9579 9529
f 9530 9531 9581
f 9581 9580 9530
f 9531 9532 9582
f 9582 9581 9531
f 9532 9533 9583
f 9583 9582 9532
f 9533 9534 9584
f 9584 9583 9533
f 9534 9535 9585
f 9585 9584 9534
f 9535 9536 9586
f 9586 9585 9535
f 9536 9537 9587
f 9587 9586 9536
f 9537 9538 9588
f 9588 9587 9537
f 9538 9539 9589
f 9589 9588 9538
f 9539 9540 9590
f 9590 9589 9539
f 9540 9541 9591
f 9591 9590 9540
f 9541 9542 9592
f 9592 9591 9541
f 9542 9543 9593
f 9593 9592 9542
f 9543 9544 9594
f 9594 9593 9543
f 9544 9545 9595
f 9595 9594 9544
f 9545 9546 9596
f 9596 9595 9545
f 9546 9547 9597
f 9597 9596 9546
f 9547 9548 9598
f 9598 9597 9547
f 9548 9549 9599
f 9599 9598 9548
f 9549 9550 9600
f 9600 9599 9549
f 9550 9501 9551
f 9551 9600 9550
f 9551 9552 9602
f 9602 9601 9551
f 9552 9553 9603
f 9603 9602 9552
f 9553 9554 9604
f 9604 9603 9553
f 9554 9555 9605
f 9605 9604 9554
f 9555 9556 9606
f 9606 9605 9555
f 9556 9557 9607
f 9607 9606 9556
f 9557 9558 9608
f 9608 9607 9557
f 9558 9559 9609
f 9609 9608 9558
f 9559 9560 9610
f 9610 9609 9559
f 9560 9561 9611
f 9611 9610 9560
f 9561 9562 9612
f 9612 9611 9561
f 9562 9563 9613
f 9613 9612 9562
f 9563 9564 9614
f 9614 9613 9563
f 9564 9565 9615
f 9615 9614 9564
f 9565 9566 9616
f 9616 9615 9565
f 9566 9567 9617
f 9617 9616 9566
f 9567 9568 9618
f 9618 9617 9567
f 9568 9569 9619
f 9619 9618 9568
f 9569 9570 9620
f 9620 9619 9569
f 9570 9571 9621
f 9621 9620 9570
f 9571 9572 9622
f 9622 9621 9571
f 9572 9573 9623
f 9623 9622 9572
f 9573 9574 9624
f 9624 9623 9573
f 9574 9575 9625
f 9625 9624 9574
f 9575 9576 9626
f 9626 9625 9575
f 9576 9577 9627
f 9627 9626 9576
f 9577 9578 9628
f 9628 9627 9577
f 9578 9579 9629
f 9629 9628 9578
f 9579 9580 9630
f 9630 9629 9579
f 9580 9581 9631
f 9631 9630 9580
f 9581 9582 9632
f 9632 9631 9581
f 9582 9583 9633
f 9633 9632 9582
f 9583 9584 9634
f 9634 9633 9583
f 9584 9585 9635
f 9635 9634 9584
f 9585 9586 9636
f 9636 9635 9585
f 9586 9587 9637
f 9637 9636 9586
f 9587 9588 9638
f 9638 9637 9587
f 9588 9589 9639
f 9639 9638 9588
f 9589 9590 9640
f 9640 9639 9589
f 9590 9591 9641
f 9641 9640 9590
f 9591 9592 9642
f 9642 9641 9591
f 9592 9593 9643
f 9643 9642 9592
f 9593 9594 9644
f 9644 9643 9593
f 9594 9595 9645
f 9645 9644 9594
f 9595 9596 9646
f 9646 9645 9595
f 9596 9597 9647
f 9647 9646 9596
f 9597 9598 9648
f 9648 9647 9597
f 9598 9599 9649
f 9649 9648 9598
f 9599 9600 9650
f 9650 9649 9599
f 9600 9551 9601
f 9601 9650 9600
f 9601 9602 9652
f 9652 9651 9601
f 9602 9603 9653
f 9653 9652 9602
f 9603 9604 9654
f 9654 9653 9603
f 9604 9605 9655
f 9655 9654 9604
f 9605 9606 9656
f 9656 9655 9605
f 9606 9607 9657
f 9657 9656 9606
f 9607 9608 9658
f 9658 9657 9607
f 9608 9609 9659
f 9659 9658 9608
f 9609 9610 9660
f 9660 9659 9609
f 9610 9611 9661
f 9661 9660 9610
f 9611 9612 9662
f 9662 9661 9611
f 9612 9613 9663
f 9663 9662 9612
f 9613 9614 9664
f 9664 9663 9613
f 9614 9615 9665
f 9665 9664 9614
f 9615 9616 9666
f 9666 9665 9615
f 9616 9617 9667
f 9667 9666 9616
f 9617 9618 9668
f 9668 9667 9617
f 9618 9619 9669
f 9669 9668 9618
f 9619 9620 9670
f 9670 9669 9619
f 9620 9621 9671
f 9671 9670 9620
f 9621 9622 9672
f 9672 9671 9621
f 9622 9623 9673
f 9673 9672 9622
f 9623 9624 9674
f 9674 9673 9623
f 9624 9625 9675
f 9675 9674 9624
f 9625 9626 9676
f 9676 9675 9625
f 9626 9627 9677
f 9677 9676 9626
f 9627 9628 9678
f 9678 9677 9627
f 9628 9629 9679
f 9679 9678 9628
f 9629 9630 9680
f 9680 9679 9629
f 9630 9631 9681
f 9681 9680 9630
f 9631 9632 9682
f 9682 9681 9631
f 9632 9633 9683
f 9683 9682 9632
f 9633 9634 9684
f 9684 9683 9633
f 9634 9635 9685
f 9685 9684 9634
f 9635 9636 9686
f 9686 9685 9635
f 9636 9637 9687
f 9687 9686 9636
f 9637 9638 9688
f 9688 9687 9637
f 9638 9639 9689
f 9689 9688 9638
f 9639 9640 9690
f 9690 9689 9639
f 9640 9641 9691
f 9691 9690 9640
f 9641 9642 9692
f 9692 9691 9641
f 9642 9643 9693
f 9693 9692 9642
f 9643 9644 9694
f 9694 9693 9643
f 9644 9645 9695
f 9695 9694 9644
f 9645 9646 9696
f 9696 9695 9645
f 9646 9647 9697
f 9697 9696 9646
f 9647 9648 9698
f 9698 9697 9647
f 9648 9649 9699
f 9699 9698 9648
f 9649 9650 9700
f 9700 9699 9649
f 9650 9601 9651
f 9651 9700 9650
f 9651 9652 9702
f 9702 9701 9651
f 9652 9653 9703
f 9703 9702 9652
f 9653 9654 9704
f 9704 9703 9653
f 9654 9655 9705
f 9705 9704 9654
f 9655 9656 9706
f 9706 9705 9655
f 9656 9657 9707
f 9707 9706 9656
f 9657 9658 9708
f 9708 9707 9657
f 9658 9659 9709
f 9709 9708 9658
f 9659 9660 9710
f 9710 9709 9659
f 9660 9661 9711
f 9711 9710 9660
f 9661 9662 9712
f 9712 9711 9661
f 9662 9663 9713
f 9713 9712 9662
f 9663 9664 9714
f 9714 9713 9663
f 9664 9665 9715
f 9715 9714 9664
f 9665 9666 9716
f 9716 9715 9665
f 9666 9667 9717
f 9717 9716 9666
f 9667 9668 9718
f 9718 9717 9667
f 9668 9669 9719
f 9719 9718 9668
f 9669 9670 9720
f 9720 9719 9669
f 9670 9671 9721
f 9721 9720 9670
f 9671 9672 9722
f 9722 9721 9671
f 9672 9673 9723
f 9723 9722 9672
f 9673 9674 9724
f 9724 9723 9673
f 9674 9675 9725
f 9725 9724 9674
f 9675 9676 9726
f 9726 9725 9675
f 9676 9677 9727
f 9727 9726 9676
f 9677 9678 9728
f 9728 9727 9677
f 9678 9679 9729
f 9729 9728 9678
f 9679 9680 9730
f 9730 9729 9679
f 9680 9681 9731
f 9731 9730 9680
f 9681 9682 9732
f 9732 9731 9681
f 9682 9683 9733
f 9733 9732 9682
f 9683 9684 9734
f 9734 9733 9683
f 9684 9685 9735
f 9735 9734 9684
f 9685 9686 9736
f 9736 9735 9685
f 9686 9687 9737
f 9737 9736 9686
f 9687 9688 9738
f 9738 9737 9687
f 9688 9689 9739
f 9739 9738 9688
f 9689 9690 9740
f 9740 9739 9689
f 9690 9691 9741
f 9741 9740 9690
f 9691 9692 9742
f 9742 9741 9691
f 9692 9693 9743
f 9743 9742 9692
f 9693 9694 9744
f 9744 9743 9693
f 9694 9695 9745
f 9745 9744 9694
f 9695 9696 9746
f 9746 9745 9695
f 9696 9697 9747
f 9747 9746 9696
f 9697 9698 9748
f 9748 9747 9697
f 9698 9699 9749
f 9749 9748 9698
f 9699 9700 9750
f 9750 9749 9699
f 9700 9651 9701
f 9701 9750 9700
f 9701 9702 9752
f 9752 9751 9701
f 9702 9703 9753
f 9753 9752 9702
f 9703 9704 9754
f 9754 9753 9703
f 9704 9705 9755
f 9755 9754 9704
f 9705 9706 9756
f 9756 9755 9705
f 9706 9707 9757
f 9757 9756 9706
f 9707 9708 9758
f 9758 9757 9707
f 9708 9709 9759
f 9759 9758 9708
f 9709 9710 9760
f 9760 9759 9709
f 9710 9711 9761
f 9761 9760 9710
f 9711 9712 9762
f 9762 9761 9711
f 9712 9713 9763
f 9763 9762 9712
f 9713 9714 9764
f 9764 9763 9713
f 9714 9715 9765
f 9765 9764 9714
f 9715 9716 9766
f 9766 9765 9715
f 9716 9717 9767
f 9767 9766 9716
f 9717 9718 9768
f 9768 9767 9717
f 9718 9719 9769
f 9769 9768 9718
f 9719 9720 9770
f 9770 9769 9719
f 9720 9721 9771
f 9771 9770 9720
f 9721 9722 9772
f 9772 9771 9721
f 9722 9723 9773
f 9773 9772 9722
f 9723 9724 9774
f 9774 9773 9723
f 9724 9725 9775
f 9775 9774 9724
f 9725 9726 9776
f 9776 9775 9725
f 9726 9727 9777
f 9777 9776 9726
f 9727 9728 9778
f 9778 9777 9727
f 9728 9729 9779
f 9779 9778 9728
f 9729 9730 9780
f 9780 9779 9729
f 9730 9731 9781
f 9781 9780 9730
f 9731 9732 9782
f 9782 9781 9731
f 9732 9733 9783
f 9783 9782 9732
f 9733 9734 9784
f 9784 9783 9733
f 9734 9735 9785
f 9785 9784 9734
f 9735 9736 9786
f 9786 9785 9735
f 9736 9737 9787
f 9787 9786 9736
f 9737 9738 9788
f 9788 9787 9737
f 9738 9739 9789
f 9789 9788 9738
f 9739 9740 9790
f 9790 9789 9739
f 9740 9741 9791
f 9791 9790 9740
f 9741 9742 9792
f 9792 9791 9741
f 9742 9743 9793
f 9793 9792 9742
f 9743 9744 9794
f 9794 9793 9743
f 9744 9745 9795
f 9795 9794 9744
f 9745 9746 9796
f 9796 9795 9745
f 9746 9747 9797
f 9797 9796 9746
f 9747 9748 9798
f 9798 9797 9747
f 9748 9749 9799
f 9799 9798 9748
f 9749 9750 9800
f 9800 9799 9749
f 9750 9701 9751
f 9751 9800 9750
f 9751 9752 9802
f 9802 9801 9751
f 9752 9753 9803
f 9803 9802 9752
f 9753 9754 9804
f 9804 9803 9753
f 9754 9755 9805
f 9805 9804 9754
f 9755 9756 9806
f 9806 9805 9755
f 9756 9757 9807
f 9807 9806 9756
f 9757 9758 9808
f 9808 9807 9757
f 9758 9759 9809
f 9809 9808 9758
f 9759 9760 9810
f 9810 9809 9759
f 9760 9761 9811
f 9811 9810 9760
f 9761 9762 9812
f 9812 9811 9761
f 9762 9763 9813
f 9813 9812 9762
f 9763 9764 9814
f 9814 9813 9763
f 9764 9765 9815
f 9815 9814 9764
f 9765 9766 9816
f 9816 9815 9765
f 9766 9767 9817
f 9817 9816 9766
f 9767 9768 9818
f 9818 9817 9767
f 9768 9769 9819
f 9819 9818 9768
f 9769 9770 9820
f 9820 9819 9769
f 9770 9771 9821
f 9821 9820 9770
f 9771 9772 9822
f 9822 9821 9771
f 9772 9773 9823
f 9823 9822 9772
f 9773 9774 9824
f 9824 9823 9773
f 9774 9775 9825
f 9825 9824 9774
f 9775 9776 9826
f 9826 9825 9775
f 9776 9777 9827
f 9827 9826 9776
f 9777 9778 9828
f 9828 9827 9777
f 9778 9779 9829
f 9829 9828 9778
f 9779 9780 9830
f 9830 9829 9779
f 9780 9781 9831
f 9831 9830 9780
f 9781 9782 9832
f 9832 9831 9781
f 9782 9783 9833
f 9833 9832 9782
f 9783 9784 9834
f 9834 9833 9783
f 9784 9785 9835
f 9835 9834 9784
f 9785 9786 9836
f 9836 9835 9785
f 9786 9787 9837
f 9837 9836 9786
f 9787 9788 9838
f 9838 9837 9787
f 9788 9789 9839
f 9839 9838 9788
f 9789 9790 9840
f 9840 9839 9789
f 9790 9791 9841
f 9841 9840 9790
f 9791 9792 9842
f 9842 9841 9791
f 9792 9793 9843
f 9843 9842 9792
f 9793 9794 9844
f 9844 9843 9793
f 9794 9795 9845
f 9845 9844 9794
f 9795 9796 9846
f 9846 9845 9795
f 9796 9797 9847
f 9847 9846 9796
f 9797 9798 9848
f 9848 9847 9797
f 9798 9799 9849
f 9849 9848 9798
f 9799 9800 9850
f 9850 9849 9799
f 9800 9751 9801
f 9801 9850 9800
f 9801 9802 9852
f 9852 9851 9801
f 9802 9803 9853
f 9853 9852 9802
f 9803 9804 9854
f 9854 9853 9803
f 9804 9805 9855
f 9855 9854 9804
f 9805 9806 9856
f 9856 9855 9805
f 9806 9807 9857
f 9857 9856 9806
f 9807 9808 9858
f 9858 9857 9807
f 9808 9809 9859
f 9859 9858 9808
f 9809 9810 9860
f 9860 9859 9809
f 9810 9811 9861
f 9861 9860 9810
f 9811 9812 9862
f 9862 9861 9811
f 9812 9813 9863
f 9863 9862 9812
f 9813 9814 9864
f 9864 9863 9813
f 9814 9815 9865
f 9865 9864 9814
f 9815 9816 9866
f 9866 9865 9815
f 9816 9817 9867
f 9867 9866 9816
f 9817 9818 9868
f 9868 9867 9817
f 9818 9819 9869
f 9869 9868 9818
f 9819 9820 9870
f 9870 9869 9819
f 9820 9821 9871
f 9871 9870 9820
f 9821 9822 9872
f 9872 9871 9821
f 9822 9823 9873
f 9873 9872 9822
f 9823 9824 9874
f 9874 9873 9823
f 9824 9825 9875
f 9875 9874 9824
f 9825 9826 9876
f 9876 9875 9825
f 9826 9827 9877
f 9877 9876 9826
f 9827 9828 9878
f 9878 9877 9827
f 9828 9829 9879
f 9879 9878 9828
f 9829 9830 9880
f 9880 9879 9829
f 9830 9831 9881
f 9881 9880 9830
f 9831 9832 9882
f 9882 9881 9831
f 9832 9833 9883
f 9883 9882 9832
f 9833 9834 9884
f 9884 9883 9833
f 9834 9835 9885
f 9885 9884 9834
f 9835 9836 9886
f 9886 9885 9835
f 9836 9837 9887
f 9887 9886 9836
f 9837 9838 9888
f 9888 9887 9837
f 9838 9839 9889
f 9889 9888 9838
f 9839 9840 9890
f 9890 9889 9839
f 9840 9841 9891
f 9891 9890 9840
f 9841 9842 9892
f 9892 9891 9841
f 9842 9843 9893
f 9893 9892 9842
f 9843 9844 9894
f 9894 9893 9843
f 9844 9845 9895
f 9895 9894 9844
f 9845 9846 9896
f 9896 9895 9845
f 9846 9847 9897
f 9897 9896 9846
f 9847 9848 9898
f 9898 9897 9847
f 9848 9849 9899
f 9899 9898 9848
f 9849 9850 9900
f 9900 9899 9849
f 9850 9801 9851
f 9851 9900 9850
f 9851 9852 9902
f 9902 9901 9851
f 9852 9853 9903
f 9903 9902 9852
f 9853 9854 9904
f 9904 9903 9853
f 9854 9855 9905
f 9905 9904 9854
f 9855 9856 9906
f 9906 9905 9855
f 9856 9857 9907
f 9907 9906 9856
f 9857 9858 9908
f 9908 9907 9857
f 9858 9859 9909
f 9909 9908 9858
f 9859 9860 9910
f 9910 9909 9859
f 9860 9861 9911
f 9911 9910 9860
f 9861 9862 9912
f 9912 9911 9861
f 9862 9863 9913
f 9913 9912 9862
f 9863 9864 9914
f 9914 9913 9863
f 9864 9865 9915
f 9915 9914 9864
f 9865 9866 9916
f 9916 9915 9865
f 9866 9867 9917
f 9917 9916 9866
f 9867 9868 9918
f 9918 9917 9867
f 9868 9869 9919
f 9919 9918 9868
f 9869 9870 9920
f 9920 9919 9869
f 9870 9871 9921
f 9921 9920 9870
f 9871 9872 9922
f 9922 9921 9871
f 9872 9873 9923
f 9923 9922 9872
f 9873 9874 9924
f 9924 9923 9873
f 9874 9875 9925
f 9925 9924 9874
f 9875 9876 9926
f 9926 9925 9875
f 9876 9877 9927
f 9927 9926 9876
f 9877 9878 9928
f 9928 9927 9877
f 9878 9879 9929
f 9929 9928 9878
f 9879 9880 9930
f 9930 9929 9879
f 9880 9881 9931
f 9931 9930 9880
f 9881 9882 9932
f 9932 9931 9881
f 9882 9883 9933
f 9933 9932 9882
f 9883 9884 9934
f 9934 9933 9883
f 9884 9885 9935
f 9935 9934 9884
f 9885 9886 9936
f 9936 9935 9885
f 9886 9887 9937
f 9937 9936 9886
f 9887 9888 9938
f 9938 9937 9887
f 9888 9889 9939
f 9939 9938 9888
f 9889 9890 9940
f 9940 9939 9889
f 9890 9891 9941
f 9941 9940 9890
f 9891 9892 9942
f 9942 9941 9891
f 9892 9893 9943
f 9943 9942 9892
f 9893 9894 9944
f 9944 9943 9893
f 9894 9895 9945
f 9945 9944 9894
f 9895 9896 9946
f 9946 9945 9895
f 9896 9897 9947
f 9947 9946 9896
f 9897 9898 9948
f 9948 9947 9897
f 9898 9899 9949
f 9949 9948 9898
f 9899 9900 9950
f 9950 9949 9899
f 9900 9851 9901
f 9901 9950 9900
f 9901 9902 9952
f 9952 9951 9901
f 9902 9903 9953
f 9953 9952 9902
f 9903 9904 9954
f 9954 9953 9903
f 9904 9905 9955
f 9955 9954 9904
f 9905 9906 9956
f 9956 9955 9905
f 9906 9907 9957
f 9957 9956 9906
f 9907 9908 9958
f 9958 9957 9907
f 9908 9909 9959
f 9959 9958 9908
f 9909 9910 9960
f 9960 9959 9909
f 9910 9911 9961
f 9961 9960 9910
f 9911 9912 9962
f 9962 9961 9911
f 9912 9913 9963
f 9963 9962 9912
f 9913 9914 9964
f 9964 9963 9913
f 9914 9915 9965
f 9965 9964 9914
f 9915 9916 9966
f 9966 9965 9915
f 9916 9917 9967
f 9967 9966 9916
f 9917 9918 9968
f 9968 9967 9917
f 9918 9919 9969
f 9969 9968 9918
f 9919 9920 9970
f 9970 9969 9919
f 9920 9921 9971
f 9971 9970 9920
f 9921 9922 9972
f 9972 9971 9921
f 9922 9923 9973
f 9973 9972 9922
f 9923 9924 9974
f 9974 9973 9923
f 9924 9925 9975
f 9975 9974 9924
f 9925 9926 9976
f 9976 9975 9925
f 9926 9927 9977
f 9977 9976 9926
f 9927 9928 9978
f 9978 9977 9927
f 9928 9929 9979
f 9979 9978 9928
f 9929 9930 9980
f 9980 9979 9929
f 9930 9931 9981
f 9981 9980 9930
f 9931 9932 9982
f 9982 9981 9931
f 9932 9933 9983
f 9983 9982 9932
f 9933 9934 9984
f 9984 9983 9933
f 9934 9935 9985
f 9985 9984 9934
f 9935 9936 9986
f 9986 9985 9935
f 9936 9937 9987
f 9987 9986 9936
f 9937 9938 9988
f 9988 9987 9937
f 9938 9939 9989
f 9989 9988 9938
f 9939 9940 9990
f 9990 9989 9939
f 9940 9941 9991
f 9991 9990 9940
f 9941 9942 9992
f 9992 9991 9941
f 9942 9943 9993
f 9993 9992 9942
f 9943 9944 9994
f 9994 9993 9943
f 9944 9945 9995
f 9995 9994 9944
f 9945 9946 9996
f 9996 9995 9945
f 9946 9947 9997
f 9997 9996 9946
f 9947 9948 9998
f 9998 9997 9947
f 9948 9949 9999
f 9999 9998 9948
f 9949 9950 10000
f 10000 9999 9949
f 9950 9901 9951
f 9951 10000 9950
f 9951 9952 10002
f 10002 10001 9951
f 9952 9953 10003
f 10003 10002 9952
f 9953 9954 10004
f 10004 10003 9953
f 9954 9955 10005
f 10005 10004 9954
f 9955 9956 10006
f 10006 10005 9955
f 9956 9957 10007
f 10007 10006 9956
f 9957 9958 10008
f 10008 10007 9957
f 9958 9959 10009
f 10009 10008 9958
f 9959 9960 10010
f 10010 10009 9959
f 9960 9961 10011
f 10011 10010 9960
f 9961 9962 10012
f 10012 10011 9961
f 9962 9963 10013
f 10013 10012 9962
f 9963 9964 10014
f 10014 10013 9963
f 9964 9965 10015
f 10015 10014 9964
f 9965 9966 10016
f 10016 10015 9965
f 9966 9967 10017
f 10017 10016 9966
f 9967 9968 10018
f 10018 10017 9967
f 9968 9969 10019
f 10019 10018 9968
f 9969 9970 10020
f 10020 10019 9969
f 9970 9971 10021
f 10021 10020 9970
f 9971 9972 10022
f 10022 10021 9971
f 9972 9973 10023
f 10023 10022 9972
f 9973 9974 10024
f 10024 10023 9973
f 9974 9975 10025
f 10025 10024 9974
f 9975 9976 10026
f 10026 10025 9975
f 9976 9977 10027
f 10027 10026 9976
f 9977 9978 10028
f 10028 10027 9977
f 9978 9979 10029
f 10029 10028 9978
f 9979 9980 10030
f 10030 10029 9979
f 9980 9981 10031
f 10031 10030 9980
f 9981 9982 10032
f 10032 10031 9981
f 9982 9983 10033
f 10033 10032 9982
f 9983 9984 10034
f 10034 10033 9983
f 9984 9985 10035
f 10035 10034 9984
f 9985 9986 10036
f 10036 10035 9985
f 9986 9987 10037
f 10037 10036 9986
f 9987 9988 10038
f 10038 10037 9987
f 9988 9989 10039
f 10039 10038 9988
f 9989 9990 10040
f 10040 10039 9989
f 9990 9991 10041
f 10041 10040 9990
f 9991 9992 10042
f 10042 10041 9991
f 9992 9993 10043
f 10043 10042 9992
f 9993 9994 10044
f 10044 10043 9993
f 9994 9995 10045
f 10045 10044 9994
f 9995 9996 10046
f 10046 10045 9995
f 9996 9997 10047
f 10047 10046 9996
f 9997 9998 10048
f 10048 10047 9997
f 9998 9999 10049
f 10049 10048 9998
f 9999 10000 10050
f 10050 10049 9999
f 10000 9951 10001
f 10001 10050 10000
f 10001 10002 10052
f 10052 10051 10001
f 10002 10003 10053
f 10053 10052 10002
f 10003 10004 10054
f 10054 10053 10003
f 10004 10005 10055
f 10055 10054 10004
f 10005 10006 10056
f 10056 10055 10005
f 10006 10007 10057
f 10057 10056 10006
f 10007 10008 10058
f 10058 10057 10007
f 10008 10009 10059
f 10059 10058 10008
f 10009 10010 10060
f 10060 10059 10009
f 10010 10011 10061
f 10061 10060 10010
f 10011 10012 10062
f 10062 10061 10011
f 10012 10013 10063
f 10063 10062 10012
f 10013 10014 10064
f 10064 10063 10013
f 10014 10015 10065
f 10065 10064 10014
f 10015 10016 10066
f 10066 10065 10015
f 10016 10017 10067
f 10067 10066 10016
f 10017 10018 10068
f 10068 10067 10017
f 10018 10019 10069
f 10069 10068 10018
f 10019 10020 10070
f 10070 10069 10019
f 10020 10021 10071
f 10071 10070 10020
f 10021 10022 10072
f 10072 10071 10021
f 10022 10023 10073
f 10073 10072 10022
f 10023 10024 10074
f 10074 10073 10023
f 10024 10025 10075
f 10075 10074 10024
f 10025 10026 10076
f 10076 10075 10025
f 10026 10027 10077
f 10077 10076 10026
f 10027 10028 10078
f 10078 10077 10027
f 10028 10029 10079
f 10079 10078 10028
f 10029 10030 10080
f 10080 10079 10029
f 10030 10031 10081
f 10081 10080 10030
f 10031 10032 10082
f 10082 10081 10031
f 10032 10033 10083
f 10083 10082 10032
f 10033 10034 10084
f 10084 10083 10033
f 10034 10035 10085
f 10085 10084 10034
f 10035 10036 10086
f 10086 10085 10035
f 10036 10037 10087
f 10087 10086 10036
f 10037 10038 10088
f 10088 10087 10037
f 10038 10039 10089
f 10089 10088 10038
f 10039 10040 10090
f 10090 10089 10039
f 10040 10041 10091
f 10091 10090 10040
f 10041 10042 10092
f 10092 10091 10041
f 10042 10043 10093
f 10093 10092 10042
f 10043 10044 10094
f 10094 10093 10043
f 10044 10045 10095
f 10095 10094 10044
f 10045 10046 10096
f 10096 10095 10045
f 10046 10047 10097
f 10097 10096 10046
f 10047 10048 10098
f 10098 10097 10047
f 10048 10049 10099
f 10099 10098 10048
f 10049 10050 10100
f 10100 10099 10049
f 10050 10001 10051
f 10051 10100 10050
f 10051 10052 10102
f 10102 10101 10051
f 10052 10053 10103
f 10103 10102 10052
f 10053 10054 10104
f 10104 10103 10053
f 10054 10055 10105
f 10105 10104 10054
f 10055 10056 10106
f 10106 10105 10055
f 10056 10057 10107
f 10107 10106 10056
f 10057 10058 10108
f 10108 10107 10057
f 10058 10059 10109
f 10109 10108 10058
f 10059 10060 10110
f 10110 10109 10059
f 10060 10061 10111
f 10111 10110 10060
f 10061 10062 10112
f 10112 10111 10061
f 10062 10063 10113
f 10113 10112 10062
f 10063 10064 10114
f 10114 10113 10063
f 10064 10065 10115
f 10115 10114 10064
f 10065 10066 10116
f 10116 10115 10065
f 10066 10067 10117
f 10117 10116 10066
f 10067 10068 10118
f 10118 10117 10067
f 10068 10069 10119
f 10119 10118 10068
f 10069 10070 10120
f 10120 10119 10069
f 10070 10071 10121
f 10121 10120 10070
f 10071 10072 10122
f 10122 10121 10071
f 10072 10073 10123
f 10123 10122 10072
f 10073 10074 10124
f 10124 10123 10073
f 10074 10075 10125
f 10125 10124 10074
f 10075 10076 10126
f 10126 10125 10075
f 10076 10077 10127
f 10127 10126 10076
f 10077 10078 10128
f 10128 10127 10077
f 10078 10079 10129
f 10129 10128 10078
f 10079 10080 10130
f 10130 10129 10079
f 10080 10081 10131
f 10131 10130 10080
f 10081 10082 10132
f 10132 10131 10081
f 10082 10083 10133
f 10133 10132 10082
f 10083 10084 10134
f 10134 10133 10083
f 10084 10085 10135
f 10135 10134 10084
f 10085 10086 10136
f 10136 10135 10085
f 10086 10087 10137
f 10137 10136 10086
f 10087 10088 10138
f 10138 10137 10087
f 10088 10089 10139
f 10139 10138 10088
f 10089 10090 10140
f 10140 10139 10089
f 10090 10091 10141
f 10141 10140 10090
f 10091 10092 10142
f 10142 10141 10091
f 10092 10093 10143
f 10143 10142 10092
f 10093 10094 10144
f 10144 10143 10093
f 10094 10095 10145
f 10145 10144 10094
f 10095 10096 10146
f 10146 10145 10095
f 10096 10097 10147
f 10147 10146 10096
f 10097 10098 10148
f 10148 10147 10097
f 10098 10099 10149
f 10149 10148 10098
f 10099 10100 10150
f 10150 10149 10099
f 10100 10051 10101
f 10101 10150 10100
f 10101 10102 10152
f 10152 10151 10101
f 10102 10103 10153
f 10153 10152 10102
f 10103 10104 10154
f 10154 10153 10103
f 10104 10105 10155
f 10155 10154 10104
f 10105 10106 10156
f 10156 10155 10105
f 10106 10107 10157
f 10157 10156 10106
f 10107 10108 10158
f 10158 10157 10107
f 10108 10109 10159
f 10159 10158 10108
f 10109 10110 10160
f 10160 10159 10109
f 10110 10111 10161
f 10161 10160 10110
f 10111 10112 10162
f 10162 10161 10111
f 10112 10113 10163
f 10163 10162 10112
f 10113 10114 10164
f 10164 10163 10113
f 10114 10115 10165
f 10165 10164 10114
f 10115 10116 10166
f 10166 10165 10115
f 10116 10117 10167
f 10167 10166 10116
f 10117 10118 10168
f 10168 10167 10117
f 10118 10119 10169
f 10169 10168 10118
f 10119 10120 10170
f 10170 10169 10119
f 10120 10121 10171
f 10171 10170 10120
f 10121 10122 10172
f 10172 10171 10121
f 10122 10123 10173
f 10173 10172 10122
f 10123 10124 10174
f 10174 10173 10123
f 10124 10125 10175
f 10175 10174 10124
f 10125 10126 10176
f 10176 10175 10125
f 10126 10127 10177
f 10177 10176 10126
f 10127 10128 10178
f 10178 10177 10127
f 10128 10129 10179
f 10179 10178 10128
f 10129 10130 10180
f 10180 10179 10129
f 10130 10131 10181
f 10181 10180 10130
f 10131 10132 10182
f 10182 10181 10131
f 10132 10133 10183
f 10183 10182 10132
f 10133 10134 10184
f 10184 10183 10133
f 10134 10135 10185
f 10185 10184 10134
f 10135 10136 10186
f 10186 10185 10135
f 10136 10137 10187
f 10187 10186 10136
f 10137 10138 10188
f 10188 10187 10137
f 10138 10139 10189
f 10189 10188 10138
f 10139 10140 10190
f 10190 10189 10139
f 10140 10141 10191
f 10191 10190 10140
f 10141 10142 10192
f 10192 10191 10141
f 10142 10143 10193
f 10193 10192 10142
f 10143 10144 10194
f 10194 10193 10143
f 10144 10145 10195
f 10195 10194 10144
f 10145 10146 10196
f 10196 10195 10145
f 10146 10147 10197
f 10197 10196 10146
f 10147 10148 10198
f 10198 10197 10147
f 10148 10149 10199
f 10199 10198 10148
f 10149 10150 10200
f 10200 10199 10149
f 10150 10101 10151
f 10151 10200 10150
f 10151 10152 10202
f 10202 10201 10151
f 10152 10153 10203
f 10203 10202 10152
f 10153 10154 10204
f 10204 10203 10153
f 10154 10155 10205
f 10205 10204 10154
f 10155 10156 10206
f 10206 10205 10155
f 10156 10157 10207
f 10207 10206 10156
f 10157 10158 10208
f 10208 10207 10157
f 10158 10159 10209
f 10209 10208 10158
f 10159 10160 10210
f 10210 10209 10159
f 10160 10161 10211
f 10211 10210 10160
f 10161 10162 10212
f 10212 10211 10161
f 10162 10163 10213
f 10213 10212 10162
f 10163 10164 10214
f 10214 10213 10163
f 10164 10165 10215
f 10215 10214 10164
f 10165 10166 10216
f 10216 10215 10165
f 10166 10167 10217
f 10217 10216 10166
f 10167 10168 10218
f 10218 10217 10167
f 10168 10169 10219
f 10219 10218 10168
f 10169 10170 10220
f 10220 10219 10169
f 10170 10171 10221
f 10221 10220 10170
f 10171 10172 10222
f 10222 10221 10171
f 10172 10173 10223
f 10223 10222 10172
f 10173 10174 10224
f 10224 10223 10173
f 10174 10175 10225
f 10225 10224 10174
f 10175 10176 10226
f 10226 10225 10175
f 10176 10177 10227
f 10227 10226 10176
f 10177 10178 10228
f 10228 10227 10177
f 10178 10179 10229
f 10229 10228 10178
f 10179 10180 10230
f 10230 10229 10179
f 10180 10181 10231
f 10231 10230 10180
f 10181 10182 10232
f 10232 10231 10181
f 10182 10183 10233
f 10233 10232 10182
f 10183 10184 10234
f 10234 10233 10183
f 10184 10185 10235
f 10235 10234 10184
f 10185 10186 10236
f 10236 10235 10185
f 10186 10187 10237
f 10237 10236 10186
f 10187 10188 10238
f 10238 10237 10187
f 10188 10189 10239
f 10239 10238 10188
f 10189 10190 10240
f 10240 10239 10189
f 10190 10191 10241
f 10241 10240 10190
f 10191 10192 10242
f 10242 10241 10191
f 10192 10193 10243
f 10243 10242 10192
f 10193 10194 10244
f 10244 10243 10193
f 10194 10195 10245
f 10245 10244 10194
f 10195 10196 10246
f 10246 10245 10195
f 10196 10197 10247
f 10247 10246 10196
f 10197 10198 10248
f 10248 10247 10197
f 10198 10199 10249
f 10249 10248 10198
f 10199 10200 10250
f 10250 10249 10199
f 10200 10151 10201
f 10201 10250 10200
f 10201 10202 10252
f 10252 10251 10201
f 10202 10203 10253
f 10253 10252 10202
f 10203 10204 10254
f 10254 10253 10203
f 10204 10205 10255
f 10255 10254 10204
f 10205 10206 10256
f 10256 10255 10205
f 10206 10207 10257
f 10257 10256 10206
f 10207 10208 10258
f 10258 10257 10207
f 10208 10209 10259
f 10259 10258 10208
f 10209 10210 10260
f 10260 10259 10209
f 10210 10211 10261
f 10261 10260 10210
f 10211 10212 10262
f 10262 10261 10211
f 10212 10213 10263
f 10263 10262 10212
f 10213 10214 10264
f 10264 10263 10213
f 10214 10215 10265
f 10265 10264 10214
f 10215 10216 10266
f 10266 10265 10215
f 10216 10217 10267
f 10267 10266 10216
f 10217 10218 10268
f 10268 10267 10217
f 10218 10219 10269
f 10269 10268 10218
f 10219 10220 10270
f 10270 10269 10219
f 10220 10221 10271
f 10271 10270 10220
f 10221 10222 10272
f 10272 10271 10221
f 10222 10223 10273
f 10273 10272 10222
f 10223 10224 10274
f 10274 10273 10223
f 10224 10225 10275
f 10275 10274 10224
f 10225 10226 10276
f 10276 10275 10225
f 10226 10227 10277
f 10277 10276 10226
f 10227 10228 10278
f 10278 10277 10227
f 10228 10229 10279
f 10279 10278 10228
f 10229 10230 10280
f 10280 10279 10229
f 10230 10231 10281
f 10281 10280 10230
f 10231 10232 10282
f 10282 10281 10231
f 10232 10233 10283
f 10283 10282 10232
f 10233 10234 10284
f 10284 10283 10233
f 10234 10235 10285
f 10285 10284 10234
f 10235 10236 10286
f 10286 10285 10235
f 10236 10237 10287
f 10287 10286 10236
f 10237 10238 10288
f 10288 10287 10237
f 10238 10239 10289
f 10289 10288 10238
f 10239 10240 10290
f 10290 10289 10239
f 10240 10241 10291
f 10291 10290 10240
f 10241 10242 10292
f 10292 10291 10241
f 10242 10243 10293
f 10293 10292 10242
f 10243 10244 10294
f 10294 10293 10243
f 10244 10245 10295
f 10295 10294 10244
f 10245 10246 10296
f 10296 10295 10245
f 10246 10247 10297
f 10297 10296 10246
f 10247 10248 10298
f 10298 10297 10247
f 10248 10249 10299
f 10299 10298 10248
f 10249 10250 10300
f 10300 10299 10249
f 10250 10201 10251
f 10251 10300 10250
f 10251 10252 10302
f 10302 10301 10251
f 10252 10253 10303
f 10303 10302 10252
f 10253 10254 10304
f 10304 10303 10253
f 10254 10255 10305
f 10305 10304 10254
f 10255 10256 10306
f 10306 10305 10255
f 10256 10257 10307
f 10307 10306 10256
f 10257 10258 10308
f 10308 10307 10257
f 10258 10259 10309
f 10309 10308 10258
f 10259 10260 10310
f 10310 10309 10259
f 10260 10261 10311
f 10311 10310 10260
f 10261 10262 10312
f 10312 10311 10261
f 10262 10263 10313
f 10313 10312 10262
f 10263 10264 10314
f 10314 10313 10263
f 10264 10265 10315
f 10315 10314 10264
f 10265 10266 10316
f 10316 10315 10265
f 10266 10267 10317
f 10317 10316 10266
f 10267 10268 10318
f 10318 10317 10267
f 10268 10269 10319
f 10319 10318 10268
f 10269 10270 10320
f 10320 10319 10269
f 10270 10271 10321
f 10321 10320 10270
f 10271 10272 10322
f 10322 10321 10271
f 10272 10273 10323
f 10323 10322 10272
f 10273 10274 10324
f 10324 10323 10273
f 10274 10275 10325
f 10325 10324 10274
f 10275 10276 10326
f 10326 10325 10275
f 10276 10277 10327
f 10327 10326 10276
f 10277 10278 10328
f 10328 10327 10277
f 10278 10279 10329
f 10329 10328 10278
f 10279 10280 10330
f 10330 10329 10279
f 10280 10281 10331
f 10331 10330 10280
f 10281 10282 10332
f 10332 10331 10281
f 10282 10283 10333
f 10333 10332 10282
f 10283 10284 10334
f 10334 10333 10283
f 10284 10285 10335
f 10335 10334 10284
f 10285 10286 10336
f 10336 10335 10285
f 10286 10287 10337
f 10337 10336 10286
f 10287 10288 10338
f 10338 10337 10287
f 10288 10289 10339
f 10339 10338 10288
f 10289 10290 10340
f 10340 10339 10289
f 10290 10291 10341
f 10341 10340 10290
f 10291 10292 10342
f 10342 10341 10291
f 10292 10293 10343
f 10343 10342 10292
f 10293 10294 10344
f 10344 10343 10293
f 10294 10295 10345
f 10345 10344 10294
f 10295 10296 10346
f 10346 10345 10295
f 10296 10297 10347
f 10347 10346 10296
f 10297 10298 10348
f 10348 10347 10297
f 10298 10299 10349
f 10349 10348 10298
f 10299 10300 10350
f 10350 10349 10299
f 10300 10251 10301
f 10301 10350 10300
f 10301 10302 10352
f 10352 10351 10301
f 10302 10303 10353
f 10353 10352 10302
f 10303 10304 10354
f 10354 10353 10303
f 10304 10305 10355
f 10355 10354 10304
f 10305 10306 10356
f 10356 10355 10305
f 10306 10307 10357
f 10357 10356 10306
f 10307 10308 10358
f 10358 10357 10307
f 10308 10309 10359
f 10359 10358 10308
f 10309 10310 10360
f 10360 10359 10309
f 10310 10311 10361
f 10361 10360 10310
f 10311 10312 10362
f 10362 10361 10311
f 10312 10313 10363
f 10363 10362 10312
f 10313 10314 10364
f 10364 10363 10313
f 10314 10315 10365
f 10365 10364 10314
f 10315 10316 10366
f 10366 10365 10315
f 10316 10317 10367
f 10367 10366 10316
f 10317 10318 10368
f 10368 10367 10317
f 10318 10319 10369
f 10369 10368 10318
f 10319 10320 10370
f 10370 10369 10319
f 10320 10321 10371
f 10371 10370 10320
f 10321 10322 10372
f 10372 10371 10321
f 10322 10323 10373
f 10373 10372 10322
f 10323 10324 10374
f 10374 10373 10323
f 10324 10325 10375
f 10375 10374 10324
f 10325 10326 10376
f 10376 10375 10325
f 10326 10327 10377
f 10377 10376 10326
f 10327 10328 10378
f 10378 10377 10327
f 10328 10329 10379
f 10379 10378 10328
f 10329 10330 10380
f 10380 10379 10329
f 10330 10331 10381
f 10381 10380 10330
f 10331 10332 10382
f 10382 10381 10331
f 10332 10333 10383
f 10383 10382 10332
f 10333 10334 10384
f 10384 10383 10333
f 10334 10335 10385
f 10385 10384 10334
f 10335 10336 10386
f 10386 10385 10335
f 10336 10337 10387
f 10387 10386 10336
f 10337 10338 10388
f 10388 10387 10337
f 10338 10339 10389
f 10389 10388 10338
f 10339 10340 10390
f 10390 10389 10339
f 10340 10341 10391
f 10391 10390 10340
f 10341 10342 10392
f 10392 10391 10341
f 10342 10343 10393
f 10393 10392 10342
f 10343 10344 10394
f 10394 10393 10343
f 10344 10345 10395
f 10395 10394 10344
f 10345 10346 10396
f 10396 10395 10345
f 10346 10347 10397
f 10397 10396 10346
f 10347 10348 10398
f 10398 10397 10347
f 10348 10349 10399
f 10399 10398 10348
f 10349 10350 10400
f 10400 10399 10349
f 10350 10301 10351
f 10351 10400 10350
f 10351 10352 10402
f 10402 10401 10351
f 10352 10353 10403
f 10403 10402 10352
f 10353 10354 10404
f 10404 10403 10353
f 10354 10355 10405
f 10405 10404 10354
f 10355 10356 10406
f 10406 10405 10355
f 10356 10357 10407
f 10407 10406 10356
f 10357 10358 10408
f 10408 10407 10357
f 10358 10359 10409
f 10409 10408 10358
f 10359 10360 10410
f 10410 10409 10359
f 10360 10361 10411
f 10411 10410 10360
f 10361 10362 10412
f 10412 10411 10361
f 10362 10363 10413
f 10413 10412 10362
f 10363 10364 10414
f 10414 10413 10363
f 10364 10365 10415
f 10415 10414 10364
f 10365 10366 10416
f 10416 10415 10365
f 10366 10367 10417
f 10417 10416 10366
f 10367 10368 10418
f 10418 10417 10367
f 10368 10369 10419
f 10419 10418 10368
f 10369 10370 10420
f 10420 10419 10369
f 10370 10371 10421
f 10421 10420 10370
f 10371 10372 10422
f 10422 10421 10371
f 10372 10373 10423
f 10423 10422 10372
f 10373 10374 10424
f 10424 10423 10373
f 10374 10375 10425
f 10425 10424 10374
f 10375 10376 10426
f 10426 10425 10375
f 10376 10377 10427
f 10427 10426 10376
f 10377 10378 10428
f 10428 10427 10377
f 10378 10379 10429
f 10429 10428 10378
f 10379 10380 10430
f 10430 10429 10379
f 10380 10381 10431
f 10431 10430 10380
f 10381 10382 10432
f 10432 10431 10381
f 10382 10383 10433
f 10433 10432 10382
f 10383 10384 10434
f 10434 10433 10383
f 10384 10385 10435
f 10435 10434 10384
f 10385 10386 10436
f 10436 10435 10385
f 10386 10387 10437
f 10437 10436 10386
f 10387 10388 10438
f 10438 10437 10387
f 10388 10389 10439
f 10439 10438 10388
f 10389 10390 10440
f 10440 10439 10389
f 10390 10391 10441
f 10441 10440 10390
f 10391 10392 10442
f 10442 10441 10391
f 10392 10393 10443
f 10443 10442 10392
f 10393 10394 10444
f 10444 10443 10393
f 10394 10395 10445
f 10445 10444 10394
f 10395 10396 10446
f 10446 10445 10395
f 10396 10397 10447
f 10447 10446 10396
f 10397 10398 10448
f 10448 10447 10397
f 10398 10399 10449
f 10449 10448 10398
f 10399 10400 10450
f 10450 10449 10399
f 10400 10351 10401
f 10401 10450 10400
f 10401 10402 10452
f 10452 10451 10401
f 10402 10403 10453
f 10453 10452 10402
f 10403 10404 10454
f 10454 10453 10403
f 10404 10405 10455
f 10455 10454 10404
f 10405 10406 10456
f 10456 10455 10405
f 10406 10407 10457
f 10457 10456 10406
f 10407 10408 10458
f 10458 10457 10407
f 10408 10409 10459
f 10459 10458 10408
f 10409 10410 10460
f 10460 10459 10409
f 10410 10411 10461
f 10461 10460 10410
f 10411 10412 10462
f 10462 10461 10411
f 10412 10413 10463
f 10463 10462 10412
f 10413 10414 10464
f 10464 10463 10413
f 10414 10415 10465
f 10465 10464 10414
f 10415 10416 10466
f 10466 10465 10415
f 10416 10417 10467
f 10467 10466 10416
f 10417 10418 10468
f 10468 10467 10417
f 10418 10419 10469
f 10469 10468 10418
f 10419 10420 10470
f 10470 10469 10419
f 10420 10421 10471
f 10471 10470 10420
f 10421 10422 10472
f 10472 10471 10421
f 10422 10423 10473
f 10473 10472 10422
f 10423 10424 10474
f 10474 10473 10423
f 10424 10425 10475
f 10475 10474 10424
f 10425 10426 10476
f 10476 10475 10425
f 10426 10427 10477
f 10477 10476 10426
f 10427 10428 10478
f 10478 10477 10427
f 10428 10429 10479
f 10479 10478 10428
f 10429 10430 10480
f 10480 10479 10429
f 10430 10431 10481
f 10481 10480 10430
f 10431 10432 10482
f 10482 10481 10431
f 10432 10433 10483
f 10483 10482 10432
f 10433 10434 10484
f 10484 10483 10433
f 10434 10435 10485
f 10485 10484 10434
f 10435 10436 10486
f 10486 10485 10435
f 10436 10437 10487
f 10487 10486 10436
f 10437 10438 10488
f 10488 10487 10437
f 10438 10439 10489
f 10489 10488 10438
f 10439 10440 10490
f 10490 10489 10439
f 10440 10441 10491
f 10491 10490 10440
f 10441 10442 10492
f 10492 10491 10441
f 10442 10443 10493
f 10493 10492 10442
f 10443 10444 10494
f 10494 10493 10443
f 10444 10445 10495
f 10495 10494 10444
f 10445 10446 10496
f 10496 10495 10445
f 10446 10447 10497
f 10497 10496 10446
f 10447 10448 10498
f 10498 10497 10447
f 10448 10449 10499
f 10499 10498 10448
f 10449 10450 10500
f 10500 10499 10449
f 10450 10401 10451
f 10451 10500 10450
f 10451 10452 10502
f 10502 10501 10451
f 10452 10453 10503
f 10503 10502 10452
f 10453 10454 10504
f 10504 10503 10453
f 10454 10455 10505
f 10505 10504 10454
f 10455 10456 10506
f 10506 10505 10455
f 10456 10457 10507
f 10507 10506 10456
f 10457 10458 10508
f 10508 10507 10457
f 10458 10459 10509
f 10509 10508 10458
f 10459 10460 10510
f 10510 10509 10459
f 10460 10461 10511
f 10511 10510 10460
f 10461 10462 10512
f 10512 10511 10461
f 10462 10463 10513
f 10513 10512 10462
f 10463 10464 10514
f 10514 10513 10463
f 10464 10465 10515
f 10515 10514 10464
f 10465 10466 10516
f 10516 10515 10465
f 10466 10467 10517
f 10517 10516 10466
f 10467 10468 10518
f 10518 10517 10467
f 10468 10469 10519
f 10519 10518 10468
f 10469 10470 10520
f 10520 10519 10469
f 10470 10471 10521
f 10521 10520 10470
f 10471 10472 10522
f 10522 10521 10471
f 10472 10473 10523
f 10523 10522 10472
f 10473 10474 10524
f 10524 10523 10473
f 10474 10475 10525
f 10525 10524 10474
f 10475 10476 10526
f 10526 10525 10475
f 10476 10477 10527
f 10527 10526 10476
f 10477 10478 10528
f 10528 10527 10477
f 10478 10479 10529
f 10529 10528 10478
f 10479 10480 10530
f 10530 10529 10479
f 10480 10481 10531
f 10531 10530 10480
f 10481 10482 10532
f 10532 10531 10481
f 10482 10483 10533
f 10533 10532 10482
f 10483 10484 10534
f 10534 10533 10483
f 10484 10485 10535
f 10535 10534 10484
f 10485 10486 10536
f 10536 10535 10485
f 10486 10487 10537
f 10537 10536 10486
f 10487 10488 10538
f 10538 10537 10487
f 10488 10489 10539
f 10539 10538 10488
f 10489 10490 10540
f 10540 10539 10489
f 10490 10491 10541
f 10541 10540 10490
f 10491 10492 10542
f 10542 10541 10491
f 10492 10493 10543
f 10543 10542 10492
f 10493 10494 10544
f 10544 10543 10493
f 10494 10495 10545
f 10545 10544 10494
f 10495 10496 10546
f 10546 10545 10495
f 10496 10497 10547
f 10547 10546 10496
f 10497 10498 10548
f 10548 10547 10497
f 10498 10499 10549
f 10549 10548 10498
f 10499 10500 10550
f 10550 10549 10499
f 10500 10451 10501
f 10501 10550 10500
f 10501 10502 10552
f 10552 10551 10501
f 10502 10503 10553
f 10553 10552 10502
f 10503 10504 10554
f 10554 10553 10503
f 10504 10505 10555
f 10555 10554 10504
f 10505 10506 10556
f 10556 10555 10505
f 10506 10507 10557
f 10557 10556 10506
f 10507 10508 10558
f 10558 10557 10507
f 10508 10509 10559
f 10559 10558 10508
f 10509 10510 10560
f 10560 10559 10509
f 10510 10511 10561
f 10561 10560 10510
f 10511 10512 10562
f 10562 10561 10511
f 10512 10513 10563
f 10563 10562 10512
f 10513 10514 10564
f 10564 10563 10513
f 10514 10515 10565
f 10565 10564 10514
f 10515 10516 10566
f 10566 10565 10515
f 10516 10517 10567
f 10567 10566 10516
f 10517 10518 10568
f 10568 10567 10517
f 10518 10519 10569
f 10569 10568 10518
f 10519 10520 10570
f 10570 10569 10519
f 10520 10521 10571
f 10571 10570 10520
f 10521 10522 10572
f 10572 10571 10521
f 10522 10523 10573
f 10573 10572 10522
f 10523 10524 10574
f 10574 10573 10523
f 10524 10525 10575
f 10575 10574 10524
f 10525 10526 10576
f 10576 10575 10525
f 10526 10527 10577
f 10577 10576 10526
f 10527 10528 10578
f 10578 10577 10527
f 10528 10529 10579
f 10579 10578 10528
f 10529 10530 10580
f 10580 10579 10529
f 10530 10531 10581
f 10581 10580 10530
f 10531 10532 10582
f 10582 10581 10531
f 10532 10533 10583
f 10583 10582 10532
f 10533 10534 10584
f 10584 10583 10533
f 10534 10535 10585
f 10585 10584 10534
f 10535 10536 10586
f 10586 10585 10535
f 10536 10537 10587
f 10587 10586 10536
f 10537 10538 10588
f 10588 10587 10537
f 10538 10539 10589
f 10589 10588 10538
f 10539 10540 10590
f 10590 10589 10539
f 10540 10541 10591
f 10591 10590 10540
f 10541 10542 10592
f 10592 10591 10541
f 10542 10543 10593
f 10593 10592 10542
f 10543 10544 10594
f 10594 10593 10543
f 10544 10545 10595
f 10595 10594 10544
f 10545 10546 10596
f 10596 10595 10545
f 10546 10547 10597
f 10597 10596 10546
f 10547 10548 10598
f 10598 10597 10547
f 10548 10549 10599
f 10599 10598 10548
f 10549 10550 10600
f 10600 10599 10549
f 10550 10501 10551
f 10551 10600 10550
f 10551 10552 10602
f 10602 10601 10551
f 10552 10553 10603
f 10603 10602 10552
f 10553 10554 10604
f 10604 10603 10553
f 10554 10555 10605
f 10605 10604 10554
f 10555 10556 10606
f 10606 10605 10555
f 10556 10557 10607
f 10607 10606 10556
f 10557 10558 10608
f 10608 10607 10557
f 10558 10559 10609
f 10609 10608 10558
f 10559 10560 10610
f 10610 10609 10559
f 10560 10561 10611
f 10611 10610 10560
f 10561 10562 10612
f 10612 10611 10561
f 10562 10563 10613
f 10613 10612 10562
f 10563 10564 10614
f 10614 10613 10563
f 10564 10565 10615
f 10615 10614 10564
f 10565 10566 10616
f 10616 10615 10565
f 10566 10567 10617
f 10617 10616 10566
f 10567 10568 10618
f 10618 10617 10567
f 10568 10569 10619
f 10619 10618 10568
f 10569 10570 10620
f 10620 10619 10569
f 10570 10571 10621
f 10621 10620 10570
f 10571 10572 10622
f 10622 10621 10571
f 10572 10573 10623
f 10623 10622 10572
f 10573 10574 10624
f 10624 10623 10573
f 10574 10575 10625
f 10625 10624 10574
f 10575 10576 10626
f 10626 10625 10575
f 10576 10577 10627
f 10627 10626 10576
f 10577 10578 10628
f 10628 10627 10577
f 10578 10579 10629
f 10629 10628 10578
f 10579 10580 10630
f 10630 10629 10579
f 10580 10581 10631
f 10631 10630 10580
f 10581 10582 10632
f 10632 10631 10581
f 10582 10583 10633
f 10633 10632 10582
f 10583 10584 10634
f 10634 10633 10583
f 10584 10585 10635
f 10635 10634 10584
f 10585 10586 10636
f 10636 10635 10585
f 10586 10587 10637
f 10637 10636 10586
f 10587 10588 10638
f 10638 10637 10587
f 10588 10589 10639
f 10639 10638 10588
f 10589 10590 10640
f 10640 10639 10589
f 10590 10591 10641
f 10641 10640 10590
f 10591 10592 10642
f 10642 10641 10591
f 10592 10593 10643
f 10643 10642 10592
f 10593 10594 10644
f 10644 10643 10593
f 10594 10595 10645
f 10645 10644 10594
f 10595 10596 10646
f 10646 10645 10595
f 10596 10597 10647
f 10647 10646 10596
f 10597 10598 10648
f 10648 10647 10597
f 10598 10599 10649
f 10649 10648 10598
f 10599 10600 10650
f 10650 10649 10599
f 10600 10551 10601
f 10601 10650 10600
f 10601 10602 10652
f 10652 10651 10601
f 10602 10603 10653
f 10653 10652 10602
f 10603 10604 10654
f 10654 10653 10603
f 10604 10605 10655
f 10655 10654 10604
f 10605 10606 10656
f 10656 10655 10605
f 10606 10607 10657
f 10657 10656 10606
f 10607 10608 10658
f 10658 10657 10607
f 10608 10609 10659
f 10659 10658 10608
f 10609 10610 10660
f 10660 10659 10609
f 10610 10611 10661
f 10661 10660 10610
f 10611 10612 10662
f 10662 10661 10611
f 10612 10613 10663
f 10663 10662 10612
f 10613 10614 10664
f 10664 10663 10613
f 10614 10615 10665
f 10665 10664 10614
f 10615 10616 10666
f 10666 10665 10615
f 10616 10617 10667
f 10667 10666 10616
f 10617 10618 10668
f 10668 10667 10617
f 10618 10619 10669
f 10669 10668 10618
f 10619 10620 10670
f 10670 10669 10619
f 10620 10621 10671
f 10671 10670 10620
f 10621 10622 10672
f 10672 10671 10621
f 10622 10623 10673
f 10673 10672 10622
f 10623 10624 10674
f 10674 10673 10623
f 10624 10625 10675
f 10675 10674 10624
f 10625 10626 10676
f 10676 10675 10625
f 10626 10627 10677
f 10677 10676 10626
f 10627 10628 10678
f 10678 10677 10627
f 10628 10629 10679
f 10679 10678 10628
f 10629 10630 10680
f 10680 10679 10629
f 10630 10631 10681
f 10681 10680 10630
f 10631 10632 10682
f 10682 10681 10631
f 10632 10633 10683
f 10683 10682 10632
f 10633 10634 10684
f 10684 10683 10633
f 10634 10635 10685
f 10685 10684 10634
f 10635 10636 10686
f 10686 10685 10635
f 10636 10637 10687
f 10687 10686 10636
f 10637 10638 10688
f 10688 10687 10637
f 10638 10639 10689
f 10689 10688 10638
f 10639 10640 10690
f 10690 10689 10639
f 10640 10641 10691
f 10691 10690 10640
f 10641 10642 10692
f 10692 10691 10641
f 10642 10643 10693
f 10693 10692 10642
f 10643 10644 10694
f 10694 10693 10643
f 10644 10645 10695
f 10695 10694 10644
f 10645 10646 10696
f 10696 10695 10645
f 10646 10647 10697
f 10697 10696 10646
f 10647 10648 10698
f 10698 10697 10647
f 10648 10649 10699
f 10699 10698 10648
f 10649 10650 10700
f 10700 10699 10649
f 10650 10601 10651
f 10651 10700 10650
f 10651 10652 10702
f 10702 10701 10651
f 10652 10653 10703
f 10703 10702 10652
f 10653 10654 10704
f 10704 10703 10653
f 10654 10655 10705
f 10705 10704 10654
f 10655 10656 10706
f 10706 10705 10655
f 10656 10657 10707
f 10707 10706 10656
f 10657 10658 10708
f 10708 10707 10657
f 10658 10659 10709
f 10709 10708 10658
f 10659 10660 10710
f 10710 10709 10659
f 10660 10661 10711
f 10711 10710 10660
f 10661 10662 10712
f 10712 10711 10661
f 10662 10663 10713
f 10713 10712 10662
f 10663 10664 10714
f 10714 10713 10663
f 10664 10665 10715
f 10715 10714 10664
f 10665 10666 10716
f 10716 10715 10665
f 10666 10667 10717
f 10717 10716 10666
f 10667 10668 10718
f 10718 10717 10667
f 10668 10669 10719
f 10719 10718 10668
f 10669 10670 10720
f 10720 10719 10669
f 10670 10671 10721
f 10721 10720 10670
f 10671 10672 10722
f 10722 10721 10671
f 10672 10673 10723
f 10723 10722 10672
f 10673 10674 10724
f 10724 10723 10673
f 10674 10675 10725
f 10725 10724 10674
f 10675 10676 10726
f 10726 10725 10675
f 10676 10677 10727
f 10727 10726 10676
f 10677 10678 10728
f 10728 10727 10677
f 10678 10679 10729
f 10729 10728 10678
f 10679 10680 10730
f 10730 10729 10679
f 10680 10681 10731
f 10731 10730 10680
f 10681 10682 10732
f 10732 10731 10681
f 10682 10683 10733
f 10733 10732 10682
f 10683 10684 10734
f 10734 10733 10683
f 10684 10685 10735
f 10735 10734 10684
f 10685 10686 10736
f 10736 10735 10685
f 10686 10687 10737
f 10737 10736 10686
f 10687 10688 10738
f 10738 10737 10687
f 10688 10689 10739
f 10739 10738 10688
f 10689 10690 10740
f 10740 10739 10689
f 10690 10691 10741
f 10741 10740 10690
f 10691 10692 10742
f 10742 10741 10691
f 10692 10693 10743
f 10743 10742 10692
f 10693 10694 10744
f 10744 10743 10693
f 10694 10695 10745
f 10745 10744 10694
f 10695 10696 10746
f 10746 10745 10695
f 10696 10697 10747
f 10747 10746 10696
f 10697 10698 10748
f 10748 10747 10697
f 10698 10699 10749
f 10749 10748 10698
f 10699 10700 10750
f 10750 10749 10699
f 10700 10651 10701
f 10701 10750 10700
f 10701 10702 10752
f 10752 10751 10701
f 10702 10703 10753
f 10753 10752 10702
f 10703 10704 10754
f 10754 10753 10703
f 10704 10705 10755
f 10755 10754 10704
f 10705 10706 10756
f 10756 10755 10705
f 10706 10707 10757
f 10757 10756 10706
f 10707 10708 10758
f 10758 10757 10707
f 10708 10709 10759
f 10759 10758 10708
f 10709 10710 10760
f 10760 10759 10709
f 10710 10711 10761
f 10761 10760 10710
f 10711 10712 10762
f 10762 10761 10711
f 10712 10713 10763
f 10763 10762 10712
f 10713 10714 10764
f 10764 10763 10713
f 10714 10715 10765
f 10765 10764 10714
f 10715 10716 10766
f 10766 10765 10715
f 10716 10717 10767
f 10767 10766 10716
f 10717 10718 10768
f 10768 10767 10717
f 10718 10719 10769
f 10769 10768 10718
f 10719 10720 10770
f 10770 10769 10719
f 10720 10721 10771
f 10771 10770 10720
f 10721 10722 10772
f 10772 10771 10721
f 10722 10723 10773
f 10773 10772 10722
f 10723 10724 10774
f 10774 10773 10723
f 10724 10725 10775
f 10775 10774 10724
f 10725 10726 10776
f 10776 10775 10725
f 10726 10727 10777
f 10777 10776 10726
f 10727 10728 10778
f 10778 10777 10727
f 10728 10729 10779
f 10779 10778 10728
f 10729 10730 10780
f 10780 10779 10729
f 10730 10731 10781
f 10781 10780 10730
f 10731 10732 10782
f 10782 10781 10731
f 10732 10733 10783
f 10783 10782 10732
f 10733 10734 10784
f 10784 10783 10733
f 10734 10735 10785
f 10785 10784 10734
f 10735 10736 10786
f 10786 10785 10735
f 10736 10737 10787
f 10787 10786 10736
f 10737 10738 10788
f 10788 10787 10737
f 10738 10739 10789
f 10789 10788 10738
f 10739 10740 10790
f 10790 10789 10739
f 10740 10741 10791
f 10791 10790 10740
f 10741 10742 10792
f 10792 10791 10741
f 10742 10743 10793
f 10793 10792 10742
f 10743 10744 10794
f 10794 10793 10743
f 10744 10745 10795
f 10795 10794 10744
f 10745 10746 10796
f 10796 10795 10745
f 10746 10747 10797
f 10797 10796 10746
f 10747 10748 10798
f 10798 10797 10747
f 10748 10749 10799
f 10799 10798 10748
f 10749 10750 10800
f 10800 10799 10749
f 10750 10701 10751
f 10751 10800 10750
f 10758 10759 10751
f 10751 10759 10761
f 10762 10751 10761
f 10758 10751 10753
f 10757 10758 10753
f 10757 10753 10755
f 10756 10757 10755
f 10751 10762 10765
f 10765 10762 10764
f 10764 10762 10763
f 10761 10759 10760
f 10755 10753 10754
f 10751 10765 10767
f 10753 10751 10752
f 10800 10751 10767
f 10800 10767 10799
f 10767 10765 10766
f 10799 10767 10798
f 10798 10767 10771
f 10775 10795 10772
f 10772 10798 10771
f 10771 10767 10770
f 10770 10767 10768
f 10769 10770 10768
f 10795 10798 10772
f 10797 10798 10795
f 10797 10795 10796
f 10789 10795 10775
f 10775 10772 10774
f 10774 10772 10773
f 10794 10795 10789
f 10794 10789 10790
f 10792 10790 10791
f 10794 10790 10792
f 10794 10792 10793
f 10779 10775 10776
f 10789 10775 10779
f 10789 10779 10788
f 10778 10776 10777
f 10779 10776 10778
f 10788 10779 10780
f 10783 10780 10781
f 10784 10785 10783
f 10785 10786 10783
f 10786 10780 10783
f 10787 10780 10786
f 10788 10780 10787
f 10783 10781 10782
f 10801 10802 5802
f 5802 5801 10801
f 10802 10803 5803
f 5803 5802 10802
f 10803 10804 5804
f 5804 5803 10803
f 10804 10805 5805
f 5805 5804 10804
f 10805 10806 5806
f 5806 5805 10805
f 10806 10807 5807
f 5807 5806 10806
f 10807 10808 5808
f 5808 5807 10807
f 10808 10809 5809
f 5809 5808 10808
f 10809 10810 5810
f 5810 5809 10809
f 10810 10811 5811
f 5811 5810 10810
f 10811 10812 5812
f 5812 5811 10811
f 10812 10813 5813
f 5813 5812 10812
f 10813 10814 5814
f 5814 5813 10813
f 10814 10815 5815
f 5815 5814 10814
f 10815 10816 5816
f 5816 5815 10815
f 10816 10817 5817
f 5817 5816 10816
f 10817 10818 5818
f 5818 5817 10817
f 10818 10819 5819
f 5819 5818 10818
f 10819 10820 5820
f 5820 5819 10819
f 10820 10821 5821
f 5821 5820 10820
f 10821 10822 5822
f 5822 5821 10821
f 10822 10823 5823
f 5823 5822 10822
f 10823 10824 5824
f 5824 5823 10823
f 10824 10825 5825
f 5825 5824 10824
f 10825 10826 5826
f 5826 5825 10825
f 10826 10827 5827
f 5827 5826 10826
f 10827 10828 5828
f 5828 5827 10827
f 10828 10829 5829
f 5829 5828 10828
f 10829 10830 5830
f 5830 5829 10829
f 10830 10831 5831
f 5831 5830 10830
f 10831 10832 5832
f 5832 5831 10831
f 10832 10833 5833
f 5833 5832 10832
f 10833 10834 5834
f 5834 5833 10833
f 10834 10835 5835
f 5835 5834 10834
f 10835 10836 5836
f 5836 5835 10835
f 10836 10837 5837
f 5837 5836 10836
f 10837 10838 5838
f 5838 5837 10837
f 10838 10839 5839
f 5839 5838 10838
f 10839 10840 5840
f 5840 5839 10839
f 10840 10841 5841
f 5841 5840 10840
f 10841 10842 5842
f 5842 5841 10841
f 10842 10843 5843
f 5843 5842 10842
f 10843 10844 5844
f 5844 5843 10843
f 10844 10845 5845
f 5845 5844 10844
f 10845 10846 5846
f 5846 5845 10845
f 10846 10847 5847
f 5847 5846 10846
f 10847 10848 5848
f 5848 5847 10847
f 10848 10849 5849
f 5849 5848 10848
f 10849 10850 5850
f 5850 5849 10849
f 10850 10801 5801
f 5801 5850 10850
f 10851 10855 10856
f 10856 10852 10851
f 10852 10856 10857
f 10857 10853 10852
f 10853 10857 10858
f 10858 10854 10853
f 10854 10858 10855
f 10855 10851 10854
f 10858 10857 10856
f 10856 10855 10858
f 5763 10833 5762
f 5762 10833 10834
f 10833 5763 10832
f 5762 10834 5761
f 10832 5763 5764
f 5761 10834 10835
f 10832 5764 10831
f 5761 10835 5760
f 10831 5764 5765
f 5760 10835 10836
f 10831 5765 10830
f 5760 10836 5759
f 10830 5765 5766
f 5759 10836 10837
f 10830 5766 10829
f 10838 10837 5758
f 10837 10836 5758
f 10836 10835 5757
f 10835 10834 5753
f 10829 5766 5767
f 5760 5759 10838
f 5759 10837 10838
f 10839 5760 10838
f 10839 5761 5760
f 5768 5767 10828
f 5767 5766 10828
f 5766 5765 10826
f 10838 5758 5757
f 5758 10836 5757
f 10834 10833 5796
f 10830 10829 5768
f 10829 5767 5768
f 5769 10830 5768
f 10840 5761 10839
f 10838 5757 10839
f 10840 10841 5761
f 5768 10828 10827
f 10828 5766 10827
f 5765 5764 10822
f 5761 10842 10843
f 10839 5757 5756
f 5757 10835 5756
f 5771 5772 10831
f 5770 10830 5769
f 5768 10827 5769
f 5770 10831 10830
f 5770 5771 10831
f 10841 10842 5761
f 10839 5756 10840
f 10813 5764 5763
f 5769 10827 10826
f 10827 5766 10826
f 10840 5756 5755
f 5756 10835 5755
f 10831 5772 5773
f 5769 10826 5770
f 5761 10843 5762
f 10840 5755 10841
f 5770 10826 10825
f 10826 5765 10825
f 10841 5755 5754
f 5755 10835 5754
f 10831 5773 5774
f 5770 10825 5771
f 10843 10844 5762
f 10841 5754 10842
f 5771 10825 10824
f 10825 5765 10824
f 10842 5754 5753
f 5754 10835 5753
f 10831 5774 10832
f 5771 10824 5772
f 10844 10845 5762
f 10842 5753 10843
f 5772 10824 10823
f 10824 5765 10823
f 10843 5753 5752
f 5753 10834 5752
f 5774 5775 10832
f 5772 10823 5773
f 10845 10846 5762
f 10843 5752 10844
f 5773 10823 10822
f 10823 5765 10822
f 10844 5752 5751
f 5752 10834 5751
f 5775 5776 10832
f 5773 10822 5774
f 10846 10847 5762
f 10844 5751 10845
f 5774 10822 10821
f 10822 5764 10821
f 5751 10834 5800
f 5776 5777 10832
f 5774 10821 5775
f 10847 10848 5762
f 10854 10821 10820
f 10821 5764 10820
f 5800 10834 5799
f 5777 5778 10832
f 5775 10821 10854
f 10848 10849 5762
f 10820 5764 10819
f 5799 10834 5798
f 5778 5779 10832
f 10849 10850 5762
f 10819 5764 10818
f 5798 10834 5797
f 5779 5780 10832
f 10850 5763 5762
f 10818 5764 10817
f 5797 10834 5796
f 5780 5781 10832
f 10801 5763 10850
f 10817 5764 10816
f 5796 10833 5795
f 5781 5782 10832
f 10802 5763 10801
f 10816 5764 10815
f 5795 10833 5794
f 5782 5783 10832
f 10803 5763 10802
f 10815 5764 10814
f 5794 10833 5793
f 5783 10833 10832
f 10804 5763 10803
f 10814 5764 10813
f 5793 10833 5792
f 10805 5763 10804
f 5784 10833 5783
f 10813 5763 10812
f 10806 5763 10805
f 5792 10833 5791
f 5785 10833 5784
f 10812 5763 10811
f 10807 5763 10806
f 5791 10833 5790
f 5786 10833 5785
f 10811 5763 10810
f 10808 5763 10807
f 5790 10833 5789
f 5787 10833 5786
f 10810 5763 10809
f 10809 5763 10808
f 5789 10833 5788
f 5788 10833 5787
f 5789 5788 10851
f 5788 5787 10851
f 5787 5786 10851
f 5786 5785 10851
f 5785 5784 10851
f 5784 5783 10851
f 5783 5782 10851
f 5782 5781 10851
f 5781 5780 10854
f 5780 5779 10854
f 5779 5778 10854
f 5778 5777 10854
f 5777 5776 10854
f 5776 5775 10854
f 5790 5789 10851
f 5791 5790 10851
f 5792 5791 10851
f 5793 5792 10851
f 5794 5793 10851
f 10852 5794 10851
f 10852 5795 5794
f 10852 5796 5795
f 10852 5797 5796
f 10852 5798 5797
f 10852 5799 5798
f 10848 10847 10852
f 10847 10846 10852
f 10846 10845 10852
f 10845 5751 10852
f 5751 5800 10852
f 5800 5799 10852
f 10849 10848 10852
f 10850 10849 10852
f 10801 10850 10852
f 10853 10801 10852
f 10853 10802 10801
f 10853 10803 10802
f 10853 10804 10803
f 10853 10805 10804
f 10853 10806 10805
f 10851 5781 10854
f 10820 10819 10854
f 10819 10818 10854
f 10818 10817 10854
f 10817 10816 10854
f 10816 10815 10854
f 10815 10814 10854
f 10814 10813 10853
f 10813 10812 10853
f 10812 10811 10853
f 10811 10810 10853
f 10810 10809 10853
f 10809 10808 10853
f 10808 10807 10853
f 10854 10814 10853
f 10807 10806 10853
